# 3ds Max Wavefront OBJ Exporter v0.99 - (c)2007 guruware
# File Created: 27.04.2025 12:21:32

mtllib hydra_base_station.mtl

#
# object hydra_base_station
#

v  0.0236 -0.0450 -0.0408
v  0.0235 -0.0456 -0.0408
v  0.0180 -0.0456 -0.0435
v  0.0180 -0.0450 -0.0436
v  0.0122 -0.0456 -0.0455
v  0.0122 -0.0450 -0.0455
v  0.0062 -0.0450 -0.0467
v  0.0061 -0.0456 -0.0467
v  0.0000 -0.0456 -0.0471
v  0.0000 -0.0450 -0.0472
v  0.0408 -0.0450 -0.0236
v  0.0408 -0.0456 -0.0235
v  0.0373 -0.0456 -0.0286
v  0.0374 -0.0450 -0.0287
v  0.0333 -0.0456 -0.0333
v  0.0333 -0.0450 -0.0333
v  0.0287 -0.0450 -0.0374
v  0.0286 -0.0456 -0.0373
v  0.0472 -0.0450 -0.0000
v  0.0471 -0.0456 -0.0000
v  0.0467 -0.0456 -0.0061
v  0.0467 -0.0450 -0.0062
v  0.0454 -0.0456 -0.0122
v  0.0455 -0.0450 -0.0122
v  0.0436 -0.0450 -0.0180
v  0.0435 -0.0456 -0.0180
v  0.0408 -0.0450 0.0236
v  0.0408 -0.0456 0.0235
v  0.0435 -0.0456 0.0180
v  0.0436 -0.0450 0.0180
v  0.0454 -0.0456 0.0122
v  0.0455 -0.0450 0.0122
v  0.0467 -0.0450 0.0061
v  0.0467 -0.0456 0.0061
v  0.0236 -0.0450 0.0408
v  0.0235 -0.0456 0.0408
v  0.0286 -0.0456 0.0373
v  0.0287 -0.0450 0.0374
v  0.0333 -0.0456 0.0333
v  0.0333 -0.0450 0.0333
v  0.0374 -0.0450 0.0287
v  0.0373 -0.0456 0.0286
v  0.0000 -0.0450 0.0472
v  0.0000 -0.0456 0.0471
v  0.0061 -0.0456 0.0466
v  0.0062 -0.0450 0.0467
v  0.0122 -0.0456 0.0454
v  0.0122 -0.0450 0.0455
v  0.0180 -0.0450 0.0436
v  0.0180 -0.0456 0.0435
v  0.0000 -0.0391 -0.0591
v  0.0000 -0.0370 -0.0608
v  0.0080 -0.0370 -0.0603
v  0.0078 -0.0391 -0.0586
v  0.0537 -0.0348 -0.0310
v  0.0512 -0.0391 -0.0296
v  0.0469 -0.0391 -0.0360
v  0.0492 -0.0349 -0.0377
v  0.0418 -0.0391 -0.0418
v  0.0438 -0.0348 -0.0438
v  0.0296 -0.0391 -0.0512
v  0.0310 -0.0344 -0.0537
v  0.0377 -0.0346 -0.0492
v  0.0360 -0.0391 -0.0469
v  0.0591 -0.0391 -0.0003
v  0.0586 -0.0391 -0.0077
v  0.0614 -0.0336 -0.0081
v  0.0619 -0.0335 -0.0003
v  0.0571 -0.0391 -0.0153
v  0.0598 -0.0340 -0.0160
v  0.0572 -0.0345 -0.0237
v  0.0546 -0.0391 -0.0226
v  0.0537 -0.0348 0.0310
v  0.0512 -0.0391 0.0296
v  0.0546 -0.0391 0.0226
v  0.0572 -0.0345 0.0237
v  0.0571 -0.0391 0.0153
v  0.0598 -0.0340 0.0160
v  0.0591 -0.0391 0.0003
v  0.0619 -0.0335 0.0003
v  0.0614 -0.0336 0.0081
v  0.0586 -0.0391 0.0077
v  0.0310 -0.0344 0.0537
v  0.0296 -0.0391 0.0512
v  0.0360 -0.0391 0.0469
v  0.0361 -0.0345 0.0504
v  0.0401 -0.0346 0.0473
v  0.0504 -0.0349 0.0361
v  0.0469 -0.0391 0.0360
v  0.0473 -0.0349 0.0401
v  0.0000 -0.0342 0.0620
v  0.0000 -0.0391 0.0591
v  0.0077 -0.0391 0.0586
v  0.0081 -0.0342 0.0614
v  0.0153 -0.0391 0.0571
v  0.0160 -0.0342 0.0598
v  0.0237 -0.0342 0.0572
v  0.0226 -0.0391 0.0546
v  0.0000 -0.0443 -0.0332
v  0.0000 -0.0456 -0.0335
v  0.0044 -0.0456 -0.0332
v  0.0043 -0.0443 -0.0329
v  0.0087 -0.0456 -0.0324
v  0.0086 -0.0443 -0.0321
v  0.0127 -0.0443 -0.0307
v  0.0128 -0.0456 -0.0310
v  0.0168 -0.0456 -0.0290
v  0.0166 -0.0443 -0.0288
v  0.0204 -0.0456 -0.0266
v  0.0202 -0.0443 -0.0264
v  0.0237 -0.0456 -0.0237
v  0.0235 -0.0443 -0.0235
v  0.0264 -0.0443 -0.0202
v  0.0266 -0.0456 -0.0204
v  0.0290 -0.0456 -0.0168
v  0.0288 -0.0443 -0.0166
v  0.0310 -0.0456 -0.0128
v  0.0307 -0.0443 -0.0127
v  0.0324 -0.0456 -0.0087
v  0.0321 -0.0443 -0.0086
v  0.0329 -0.0443 -0.0043
v  0.0332 -0.0456 -0.0044
v  0.0335 -0.0456 -0.0000
v  0.0332 -0.0443 -0.0000
v  0.0332 -0.0456 0.0044
v  0.0329 -0.0443 0.0043
v  0.0324 -0.0456 0.0087
v  0.0321 -0.0443 0.0086
v  0.0307 -0.0443 0.0127
v  0.0310 -0.0456 0.0128
v  0.0290 -0.0456 0.0168
v  0.0288 -0.0443 0.0166
v  0.0266 -0.0456 0.0204
v  0.0264 -0.0443 0.0202
v  0.0237 -0.0456 0.0237
v  0.0235 -0.0443 0.0235
v  0.0202 -0.0443 0.0264
v  0.0204 -0.0456 0.0266
v  0.0168 -0.0456 0.0290
v  0.0166 -0.0443 0.0288
v  0.0128 -0.0456 0.0310
v  0.0127 -0.0443 0.0307
v  0.0087 -0.0456 0.0324
v  0.0086 -0.0443 0.0321
v  0.0043 -0.0443 0.0329
v  0.0044 -0.0456 0.0332
v  0.0000 -0.0456 0.0335
v  0.0000 -0.0443 0.0332
v  0.0293 -0.0395 -0.0508
v  0.0224 -0.0395 -0.0542
v  0.0152 -0.0395 -0.0566
v  0.0000 -0.0395 -0.0586
v  0.0076 -0.0395 -0.0581
v  0.0115 -0.0395 -0.0575
v  0.0508 -0.0395 -0.0293
v  0.0465 -0.0395 -0.0357
v  0.0414 -0.0395 -0.0415
v  0.0357 -0.0395 -0.0465
v  0.0586 -0.0395 -0.0000
v  0.0581 -0.0395 -0.0077
v  0.0566 -0.0395 -0.0152
v  0.0542 -0.0395 -0.0224
v  0.0508 -0.0395 0.0293
v  0.0542 -0.0395 0.0224
v  0.0566 -0.0395 0.0152
v  0.0581 -0.0395 0.0076
v  0.0293 -0.0395 0.0508
v  0.0357 -0.0395 0.0465
v  0.0414 -0.0395 0.0414
v  0.0465 -0.0395 0.0357
v  0.0000 -0.0395 0.0586
v  0.0076 -0.0395 0.0581
v  0.0152 -0.0395 0.0566
v  0.0224 -0.0395 0.0542
v  0.0000 -0.0443 -0.0001
v  0.0297 -0.0156 -0.0542
v  0.0313 -0.0163 -0.0538
v  0.0239 -0.0164 -0.0574
v  0.0231 -0.0160 -0.0573
v  0.0162 -0.0166 -0.0600
v  0.0159 -0.0162 -0.0598
v  0.0080 -0.0164 -0.0614
v  0.0081 -0.0168 -0.0616
v  0.0000 -0.0169 -0.0622
v  0.0000 -0.0164 -0.0618
v  0.0600 -0.0154 -0.0004
v  0.0588 -0.0141 -0.0068
v  0.0587 -0.0140 -0.0004
v  0.0599 -0.0152 -0.0072
v  0.0586 -0.0150 -0.0144
v  0.0577 -0.0140 -0.0136
v  0.0540 -0.0158 0.0288
v  0.0550 -0.0173 0.0290
v  0.0577 -0.0176 0.0227
v  0.0563 -0.0155 0.0224
v  0.0601 -0.0179 0.0156
v  0.0578 -0.0150 0.0152
v  0.0587 -0.0145 0.0078
v  0.0600 -0.0154 0.0003
v  0.0587 -0.0141 0.0003
v  0.0617 -0.0181 0.0079
v  0.0416 -0.0147 0.0454
v  0.0433 -0.0165 0.0448
v  0.0463 -0.0166 0.0417
v  0.0450 -0.0152 0.0422
v  0.0493 -0.0168 0.0382
v  0.0483 -0.0157 0.0385
v  0.0515 -0.0158 0.0339
v  0.0524 -0.0170 0.0337
v  0.0000 -0.0130 0.0603
v  0.0000 -0.0172 0.0626
v  0.0078 -0.0171 0.0620
v  0.0075 -0.0128 0.0596
v  0.0152 -0.0171 0.0605
v  0.0147 -0.0126 0.0579
v  0.0212 -0.0124 0.0558
v  0.0222 -0.0170 0.0584
v  0.0282 -0.0169 0.0558
v  0.0269 -0.0124 0.0536
v  0.0120 -0.0032 -0.0207
v  0.0129 -0.0092 -0.0224
v  0.0099 -0.0098 -0.0239
v  0.0092 -0.0032 -0.0221
v  0.0067 -0.0103 -0.0251
v  0.0062 -0.0032 -0.0231
v  0.0031 -0.0032 -0.0238
v  0.0034 -0.0107 -0.0258
v  0.0000 -0.0108 -0.0261
v  0.0000 -0.0032 -0.0240
v  0.0207 -0.0032 -0.0120
v  0.0224 -0.0082 -0.0129
v  0.0205 -0.0083 -0.0157
v  0.0190 -0.0032 -0.0146
v  0.0183 -0.0084 -0.0183
v  0.0169 -0.0032 -0.0169
v  0.0146 -0.0032 -0.0190
v  0.0157 -0.0087 -0.0205
v  0.0240 -0.0032 -0.0000
v  0.0259 -0.0088 -0.0000
v  0.0256 -0.0086 -0.0034
v  0.0238 -0.0032 -0.0031
v  0.0250 -0.0084 -0.0067
v  0.0231 -0.0032 -0.0062
v  0.0221 -0.0032 -0.0092
v  0.0239 -0.0083 -0.0099
v  0.0207 -0.0032 0.0120
v  0.0224 -0.0090 0.0129
v  0.0239 -0.0090 0.0099
v  0.0221 -0.0032 0.0092
v  0.0250 -0.0090 0.0067
v  0.0231 -0.0032 0.0062
v  0.0238 -0.0032 0.0031
v  0.0256 -0.0090 0.0034
v  0.0120 -0.0032 0.0207
v  0.0129 -0.0091 0.0224
v  0.0157 -0.0090 0.0205
v  0.0146 -0.0032 0.0190
v  0.0183 -0.0090 0.0183
v  0.0169 -0.0032 0.0169
v  0.0190 -0.0032 0.0146
v  0.0205 -0.0090 0.0157
v  0.0000 -0.0032 0.0240
v  0.0000 -0.0095 0.0259
v  0.0034 -0.0094 0.0256
v  0.0031 -0.0032 0.0238
v  0.0067 -0.0093 0.0250
v  0.0062 -0.0032 0.0231
v  0.0092 -0.0032 0.0221
v  0.0099 -0.0092 0.0239
v  0.0078 0.0033 -0.0135
v  0.0060 0.0033 -0.0144
v  0.0040 0.0033 -0.0150
v  0.0020 0.0033 -0.0154
v  0.0000 0.0033 -0.0156
v  0.0135 0.0033 -0.0078
v  0.0123 0.0033 -0.0095
v  0.0110 0.0033 -0.0110
v  0.0095 0.0033 -0.0123
v  0.0156 0.0033 -0.0000
v  0.0154 0.0033 -0.0020
v  0.0150 0.0033 -0.0040
v  0.0144 0.0033 -0.0060
v  0.0135 0.0033 0.0078
v  0.0144 0.0033 0.0060
v  0.0150 0.0033 0.0040
v  0.0154 0.0033 0.0020
v  0.0078 0.0033 0.0135
v  0.0095 0.0033 0.0123
v  0.0110 0.0033 0.0110
v  0.0123 0.0033 0.0095
v  0.0000 0.0033 0.0156
v  0.0020 0.0033 0.0154
v  0.0040 0.0033 0.0150
v  0.0060 0.0033 0.0144
v  0.0063 0.0033 -0.0108
v  0.0048 0.0033 -0.0116
v  0.0032 0.0033 -0.0121
v  0.0016 0.0033 -0.0124
v  0.0000 0.0033 -0.0125
v  0.0108 0.0033 -0.0063
v  0.0099 0.0033 -0.0076
v  0.0088 0.0033 -0.0088
v  0.0076 0.0033 -0.0099
v  0.0125 0.0033 -0.0000
v  0.0124 0.0033 -0.0016
v  0.0121 0.0033 -0.0032
v  0.0116 0.0033 -0.0048
v  0.0108 0.0033 0.0063
v  0.0116 0.0033 0.0048
v  0.0121 0.0033 0.0032
v  0.0124 0.0033 0.0016
v  0.0063 0.0033 0.0108
v  0.0076 0.0033 0.0099
v  0.0088 0.0033 0.0088
v  0.0099 0.0033 0.0076
v  0.0000 0.0033 0.0125
v  0.0016 0.0033 0.0124
v  0.0032 0.0033 0.0121
v  0.0048 0.0033 0.0116
v  0.0000 -0.0251 -0.0631
v  0.0080 -0.0250 -0.0626
v  0.0080 -0.0273 -0.0626
v  0.0000 -0.0274 -0.0631
v  0.0487 -0.0300 -0.0383
v  0.0532 -0.0300 -0.0315
v  0.0434 -0.0299 -0.0445
v  0.0307 -0.0249 -0.0547
v  0.0374 -0.0250 -0.0501
v  0.0374 -0.0298 -0.0499
v  0.0307 -0.0297 -0.0545
v  0.0434 -0.0251 -0.0447
v  0.0609 -0.0295 -0.0082
v  0.0615 -0.0295 -0.0003
v  0.0593 -0.0297 -0.0163
v  0.0532 -0.0252 -0.0316
v  0.0568 -0.0253 -0.0242
v  0.0567 -0.0299 -0.0241
v  0.0594 -0.0254 -0.0164
v  0.0569 -0.0299 0.0242
v  0.0534 -0.0299 0.0317
v  0.0595 -0.0298 0.0163
v  0.0615 -0.0255 0.0003
v  0.0610 -0.0255 0.0082
v  0.0610 -0.0296 0.0082
v  0.0615 -0.0295 0.0003
v  0.0594 -0.0255 0.0163
v  0.0362 -0.0296 0.0510
v  0.0311 -0.0296 0.0544
v  0.0402 -0.0297 0.0478
v  0.0536 -0.0252 0.0314
v  0.0505 -0.0250 0.0366
v  0.0501 -0.0298 0.0369
v  0.0474 -0.0249 0.0407
v  0.0470 -0.0298 0.0409
v  0.0081 -0.0296 0.0623
v  0.0000 -0.0296 0.0629
v  0.0160 -0.0296 0.0607
v  0.0305 -0.0249 0.0550
v  0.0234 -0.0250 0.0585
v  0.0237 -0.0296 0.0581
v  0.0159 -0.0250 0.0610
v  0.0327 -0.0168 0.0534
v  0.0315 -0.0128 0.0518
v  0.0370 -0.0166 0.0505
v  0.0352 -0.0134 0.0500
v  0.0385 -0.0140 0.0479
v  0.0403 -0.0165 0.0477
v  0.0081 -0.0209 -0.0624
v  0.0000 -0.0210 -0.0629
v  0.0121 -0.0209 -0.0618
v  0.0488 -0.0251 -0.0385
v  0.0491 -0.0207 -0.0383
v  0.0536 -0.0209 -0.0315
v  0.0437 -0.0206 -0.0445
v  0.0381 -0.0162 -0.0493
v  0.0376 -0.0206 -0.0499
v  0.0309 -0.0206 -0.0545
v  0.0443 -0.0162 -0.0439
v  0.0615 -0.0255 -0.0003
v  0.0609 -0.0254 -0.0083
v  0.0613 -0.0217 -0.0082
v  0.0618 -0.0218 -0.0004
v  0.0597 -0.0214 -0.0163
v  0.0544 -0.0166 -0.0310
v  0.0580 -0.0171 -0.0237
v  0.0572 -0.0212 -0.0241
v  0.0606 -0.0175 -0.0160
v  0.0570 -0.0254 0.0241
v  0.0572 -0.0214 0.0236
v  0.0541 -0.0210 0.0306
v  0.0596 -0.0216 0.0161
v  0.0625 -0.0181 0.0003
v  0.0612 -0.0218 0.0081
v  0.0618 -0.0218 0.0003
v  0.0356 -0.0248 0.0518
v  0.0345 -0.0204 0.0525
v  0.0296 -0.0206 0.0555
v  0.0396 -0.0248 0.0486
v  0.0386 -0.0203 0.0495
v  0.0512 -0.0207 0.0356
v  0.0481 -0.0204 0.0398
v  0.0000 -0.0250 0.0632
v  0.0080 -0.0250 0.0626
v  0.0079 -0.0209 0.0626
v  0.0000 -0.0209 0.0631
v  0.0156 -0.0208 0.0610
v  0.0229 -0.0207 0.0586
v  0.0330 -0.0152 -0.0520
v  0.0438 -0.0348 0.0438
v  0.0437 -0.0298 0.0444
v  0.0436 -0.0249 0.0448
v  0.0435 -0.0203 0.0449
v  0.0418 -0.0391 0.0418
v  0.0367 -0.0144 -0.0490
v  0.0542 -0.0155 -0.0288
v  0.0572 -0.0157 -0.0224
v  0.0596 -0.0162 -0.0152
v  0.0535 -0.0141 -0.0269
v  0.0564 -0.0145 -0.0211
v  0.0549 -0.0129 -0.0189
v  0.0556 -0.0136 -0.0198
v  0.0530 -0.0131 -0.0251
v  0.0523 -0.0123 -0.0238
v  0.0569 -0.0133 -0.0131
v  0.0498 -0.0151 -0.0354
v  0.0501 -0.0141 -0.0330
v  0.0502 -0.0132 -0.0307
v  0.0459 -0.0139 -0.0389
v  0.0466 -0.0131 -0.0364
v  0.0470 -0.0124 -0.0339
v  0.0501 -0.0124 -0.0286
v  0.0495 -0.0116 -0.0271
v  0.0470 -0.0116 -0.0315
v  0.0466 -0.0110 -0.0296
v  0.0426 -0.0105 -0.0332
v  0.0442 -0.0106 -0.0315
v  0.0445 -0.0112 -0.0337
v  0.0416 -0.0107 -0.0352
v  0.0440 -0.0119 -0.0365
v  0.0408 -0.0112 -0.0382
v  0.0402 -0.0120 -0.0412
v  0.0435 -0.0126 -0.0390
v  0.0427 -0.0132 -0.0414
v  0.0395 -0.0127 -0.0440
v  0.0398 -0.0148 -0.0469
v  0.0498 -0.0164 -0.0378
v  0.0449 -0.0149 -0.0416
v  0.0409 -0.0140 -0.0447
v  0.0384 -0.0136 -0.0467
v  0.0609 -0.0163 -0.0076
v  0.0621 -0.0179 -0.0081
v  0.0625 -0.0181 -0.0004
v  0.0578 -0.0131 -0.0001
v  0.0572 -0.0128 -0.0063
v  0.0537 -0.0134 -0.0059
v  0.0541 -0.0137 0.0005
v  0.0559 -0.0125 -0.0127
v  0.0527 -0.0130 -0.0119
v  0.0502 -0.0138 -0.0056
v  0.0504 -0.0141 0.0005
v  0.0495 -0.0134 -0.0111
v  0.0540 -0.0121 -0.0183
v  0.0516 -0.0116 -0.0229
v  0.0490 -0.0119 -0.0212
v  0.0511 -0.0125 -0.0171
v  0.0467 -0.0122 -0.0196
v  0.0483 -0.0129 -0.0157
v  0.0423 -0.0123 -0.0167
v  0.0426 -0.0129 -0.0135
v  0.0455 -0.0130 -0.0145
v  0.0445 -0.0124 -0.0181
v  0.0428 -0.0133 -0.0097
v  0.0461 -0.0136 -0.0103
v  0.0429 -0.0137 -0.0049
v  0.0429 -0.0140 0.0003
v  0.0466 -0.0142 0.0004
v  0.0465 -0.0140 -0.0052
v  0.0489 -0.0110 -0.0261
v  0.0464 -0.0113 -0.0239
v  0.0461 -0.0105 -0.0284
v  0.0436 -0.0107 -0.0257
v  0.0440 -0.0115 -0.0217
v  0.0412 -0.0108 -0.0230
v  0.0436 -0.0101 -0.0304
v  0.0415 -0.0100 -0.0325
v  0.0382 -0.0097 -0.0280
v  0.0409 -0.0101 -0.0271
v  0.0356 -0.0096 -0.0246
v  0.0383 -0.0102 -0.0238
v  0.0304 -0.0091 -0.0172
v  0.0341 -0.0102 -0.0169
v  0.0360 -0.0102 -0.0204
v  0.0331 -0.0094 -0.0211
v  0.0374 -0.0112 -0.0168
v  0.0391 -0.0110 -0.0200
v  0.0403 -0.0120 -0.0164
v  0.0419 -0.0117 -0.0192
v  0.0000 -0.0118 0.0597
v  0.0074 -0.0116 0.0590
v  0.0069 -0.0114 0.0547
v  0.0000 -0.0115 0.0554
v  0.0145 -0.0114 0.0573
v  0.0135 -0.0111 0.0531
v  0.0064 -0.0111 0.0505
v  0.0000 -0.0112 0.0511
v  0.0124 -0.0109 0.0489
v  0.0210 -0.0112 0.0551
v  0.0267 -0.0112 0.0530
v  0.0251 -0.0110 0.0480
v  0.0195 -0.0109 0.0508
v  0.0235 -0.0108 0.0434
v  0.0179 -0.0107 0.0466
v  0.0195 -0.0101 0.0356
v  0.0151 -0.0101 0.0385
v  0.0165 -0.0104 0.0425
v  0.0215 -0.0104 0.0393
v  0.0105 -0.0103 0.0406
v  0.0114 -0.0106 0.0447
v  0.0053 -0.0105 0.0419
v  0.0000 -0.0106 0.0424
v  0.0000 -0.0109 0.0467
v  0.0058 -0.0108 0.0462
v  0.0312 -0.0116 0.0513
v  0.0297 -0.0114 0.0453
v  0.0348 -0.0122 0.0496
v  0.0336 -0.0120 0.0429
v  0.0279 -0.0111 0.0399
v  0.0322 -0.0118 0.0352
v  0.0380 -0.0127 0.0476
v  0.0411 -0.0134 0.0452
v  0.0402 -0.0137 0.0400
v  0.0370 -0.0128 0.0415
v  0.0388 -0.0138 0.0346
v  0.0359 -0.0129 0.0348
v  0.0408 -0.0139 0.0226
v  0.0376 -0.0131 0.0219
v  0.0366 -0.0130 0.0283
v  0.0396 -0.0139 0.0286
v  0.0343 -0.0121 0.0211
v  0.0335 -0.0119 0.0275
v  0.0312 -0.0111 0.0197
v  0.0284 -0.0101 0.0181
v  0.0273 -0.0102 0.0231
v  0.0302 -0.0110 0.0255
v  0.0256 -0.0102 0.0280
v  0.0284 -0.0109 0.0311
v  0.0255 -0.0106 0.0356
v  0.0229 -0.0101 0.0321
v  0.0533 -0.0147 0.0286
v  0.0555 -0.0144 0.0222
v  0.0512 -0.0149 0.0203
v  0.0495 -0.0152 0.0262
v  0.0570 -0.0140 0.0151
v  0.0526 -0.0145 0.0139
v  0.0480 -0.0149 0.0190
v  0.0467 -0.0150 0.0247
v  0.0492 -0.0146 0.0129
v  0.0578 -0.0135 0.0078
v  0.0536 -0.0141 0.0072
v  0.0500 -0.0143 0.0067
v  0.0427 -0.0141 0.0057
v  0.0463 -0.0144 0.0062
v  0.0422 -0.0140 0.0112
v  0.0457 -0.0144 0.0120
v  0.0416 -0.0140 0.0169
v  0.0438 -0.0146 0.0235
v  0.0449 -0.0145 0.0178
v  0.0402 -0.0103 -0.0352
v  0.0371 -0.0103 -0.0357
v  0.0367 -0.0098 -0.0322
v  0.0395 -0.0108 -0.0382
v  0.0371 -0.0111 -0.0393
v  0.0337 -0.0105 -0.0363
v  0.0331 -0.0097 -0.0323
v  0.0343 -0.0115 -0.0405
v  0.0389 -0.0115 -0.0414
v  0.0383 -0.0123 -0.0444
v  0.0373 -0.0131 -0.0471
v  0.0372 -0.0121 -0.0431
v  0.0356 -0.0137 -0.0493
v  0.0349 -0.0127 -0.0449
v  0.0288 -0.0146 -0.0538
v  0.0277 -0.0138 -0.0489
v  0.0319 -0.0132 -0.0468
v  0.0329 -0.0142 -0.0514
v  0.0267 -0.0124 -0.0437
v  0.0310 -0.0119 -0.0419
v  0.0256 -0.0111 -0.0384
v  0.0246 -0.0098 -0.0325
v  0.0294 -0.0097 -0.0324
v  0.0300 -0.0107 -0.0370
v  0.0396 -0.0123 -0.0131
v  0.0365 -0.0114 -0.0130
v  0.0394 -0.0127 -0.0092
v  0.0360 -0.0117 -0.0089
v  0.0302 -0.0093 -0.0125
v  0.0332 -0.0103 -0.0129
v  0.0300 -0.0095 -0.0082
v  0.0328 -0.0105 -0.0086
v  0.0300 -0.0100 0.0002
v  0.0324 -0.0111 0.0002
v  0.0325 -0.0108 -0.0042
v  0.0300 -0.0098 -0.0041
v  0.0356 -0.0123 0.0002
v  0.0358 -0.0120 -0.0044
v  0.0392 -0.0133 0.0003
v  0.0393 -0.0131 -0.0047
v  0.0390 -0.0134 0.0053
v  0.0355 -0.0123 0.0050
v  0.0387 -0.0133 0.0106
v  0.0353 -0.0123 0.0100
v  0.0298 -0.0102 0.0044
v  0.0323 -0.0112 0.0047
v  0.0295 -0.0102 0.0088
v  0.0321 -0.0112 0.0094
v  0.0318 -0.0111 0.0143
v  0.0291 -0.0102 0.0133
v  0.0349 -0.0122 0.0153
v  0.0383 -0.0132 0.0161
v  0.0000 -0.0129 -0.0422
v  0.0000 -0.0123 -0.0377
v  0.0055 -0.0121 -0.0372
v  0.0062 -0.0126 -0.0414
v  0.0000 -0.0117 -0.0334
v  0.0047 -0.0115 -0.0330
v  0.0108 -0.0115 -0.0356
v  0.0121 -0.0120 -0.0394
v  0.0093 -0.0110 -0.0317
v  0.0000 -0.0112 -0.0295
v  0.0040 -0.0111 -0.0292
v  0.0079 -0.0106 -0.0283
v  0.0154 -0.0090 -0.0245
v  0.0118 -0.0097 -0.0267
v  0.0178 -0.0092 -0.0266
v  0.0138 -0.0100 -0.0295
v  0.0208 -0.0094 -0.0292
v  0.0183 -0.0109 -0.0363
v  0.0162 -0.0104 -0.0329
v  0.0176 -0.0098 0.0321
v  0.0137 -0.0099 0.0346
v  0.0158 -0.0095 0.0286
v  0.0123 -0.0096 0.0308
v  0.0095 -0.0101 0.0365
v  0.0085 -0.0098 0.0324
v  0.0144 -0.0092 0.0255
v  0.0111 -0.0094 0.0273
v  0.0076 -0.0095 0.0286
v  0.0000 -0.0098 0.0297
v  0.0038 -0.0097 0.0294
v  0.0000 -0.0100 0.0338
v  0.0043 -0.0099 0.0334
v  0.0000 -0.0103 0.0381
v  0.0048 -0.0102 0.0377
v  0.0263 -0.0096 0.0166
v  0.0250 -0.0096 0.0210
v  0.0248 -0.0093 0.0154
v  0.0232 -0.0093 0.0191
v  0.0232 -0.0097 0.0251
v  0.0212 -0.0094 0.0226
v  0.0236 -0.0091 0.0142
v  0.0219 -0.0091 0.0175
v  0.0198 -0.0092 0.0205
v  0.0173 -0.0092 0.0232
v  0.0188 -0.0094 0.0258
v  0.0207 -0.0097 0.0289
v  0.0274 -0.0086 -0.0156
v  0.0280 -0.0087 -0.0118
v  0.0255 -0.0084 -0.0146
v  0.0264 -0.0085 -0.0112
v  0.0283 -0.0089 -0.0079
v  0.0270 -0.0086 -0.0075
v  0.0240 -0.0083 -0.0138
v  0.0251 -0.0083 -0.0105
v  0.0259 -0.0085 -0.0071
v  0.0265 -0.0089 0.0000
v  0.0264 -0.0087 -0.0036
v  0.0273 -0.0090 0.0001
v  0.0273 -0.0088 -0.0038
v  0.0284 -0.0094 0.0001
v  0.0284 -0.0092 -0.0039
v  0.0283 -0.0095 0.0042
v  0.0272 -0.0092 0.0039
v  0.0279 -0.0096 0.0083
v  0.0267 -0.0092 0.0078
v  0.0263 -0.0090 0.0037
v  0.0258 -0.0091 0.0073
v  0.0249 -0.0091 0.0108
v  0.0260 -0.0092 0.0116
v  0.0273 -0.0096 0.0124
v  0.0234 -0.0089 -0.0258
v  0.0264 -0.0091 -0.0275
v  0.0206 -0.0087 -0.0238
v  0.0251 -0.0086 -0.0223
v  0.0275 -0.0088 -0.0238
v  0.0226 -0.0085 -0.0208
v  0.0182 -0.0086 -0.0222
v  0.0205 -0.0084 -0.0196
v  0.0225 -0.0083 -0.0168
v  0.0243 -0.0084 -0.0178
v  0.0288 -0.0088 -0.0206
v  0.0264 -0.0085 -0.0190
v  0.0223 -0.0149 -0.0569
v  0.0213 -0.0144 -0.0517
v  0.0154 -0.0151 -0.0592
v  0.0145 -0.0146 -0.0541
v  0.0203 -0.0132 -0.0465
v  0.0137 -0.0137 -0.0491
v  0.0078 -0.0152 -0.0606
v  0.0000 -0.0153 -0.0611
v  0.0000 -0.0147 -0.0564
v  0.0073 -0.0147 -0.0558
v  0.0000 -0.0141 -0.0516
v  0.0069 -0.0140 -0.0509
v  0.0065 -0.0133 -0.0460
v  0.0000 -0.0134 -0.0468
v  0.0129 -0.0128 -0.0440
v  0.0193 -0.0120 -0.0412
v  0.0353 -0.0094 -0.0287
v  0.0324 -0.0093 -0.0289
v  0.0335 -0.0092 -0.0256
v  0.0314 -0.0091 -0.0269
v  0.0294 -0.0092 -0.0285
v  0.0299 -0.0089 -0.0253
v  0.0312 -0.0090 -0.0228
v  0.0443 -0.0140 0.0422
v  0.0432 -0.0145 0.0380
v  0.0476 -0.0145 0.0384
v  0.0456 -0.0151 0.0355
v  0.0412 -0.0145 0.0345
v  0.0436 -0.0149 0.0347
v  0.0508 -0.0147 0.0338
v  0.0477 -0.0152 0.0314
v  0.0452 -0.0150 0.0299
v  0.0426 -0.0146 0.0289
v  0.0237 -0.0207 -0.0581
v  0.0160 -0.0208 -0.0608
v  0.0000 -0.0370 -0.0560
v  0.0000 -0.0274 -0.0560
v  0.0080 -0.0273 -0.0560
v  0.0080 -0.0370 -0.0560
v  0.0095 -0.0273 -0.0560
v  0.0095 -0.0371 -0.0560
v  0.0237 -0.0342 -0.0572
v  0.0235 -0.0352 -0.0569
v  0.0153 -0.0391 -0.0571
v  0.0158 -0.0371 -0.0587
v  0.0231 -0.0370 -0.0561
v  0.0226 -0.0391 -0.0546
v  0.0095 -0.0371 -0.0601
v  0.0237 -0.0334 -0.0574
v  0.0160 -0.0342 -0.0598
v  0.0160 -0.0327 -0.0601
v  0.0236 -0.0249 -0.0583
v  0.0159 -0.0250 -0.0610
v  0.0235 -0.0296 -0.0581
v  0.0159 -0.0284 -0.0609
v  0.0120 -0.0250 -0.0619
v  0.0095 -0.0273 -0.0623
v  0.0110 -0.0275 -0.0620
v  0.0110 -0.0275 -0.0560
v  0.0122 -0.0279 -0.0617
v  0.0122 -0.0279 -0.0560
v  0.0132 -0.0285 -0.0615
v  0.0132 -0.0285 -0.0560
v  0.0144 -0.0322 -0.0560
v  0.0144 -0.0322 -0.0607
v  0.0143 -0.0337 -0.0605
v  0.0143 -0.0337 -0.0560
v  0.0139 -0.0349 -0.0603
v  0.0139 -0.0349 -0.0560
v  0.0132 -0.0359 -0.0601
v  0.0132 -0.0359 -0.0560
v  0.0143 -0.0307 -0.0560
v  0.0143 -0.0307 -0.0609
v  0.0139 -0.0295 -0.0560
v  0.0139 -0.0295 -0.0612
v  0.0110 -0.0369 -0.0560
v  0.0110 -0.0369 -0.0599
v  0.0122 -0.0365 -0.0560
v  0.0122 -0.0365 -0.0599
v  0.0116 -0.0391 -0.0580
v  0.0159 -0.0354 -0.0594
v  0.0160 -0.0313 -0.0604
v  -0.0236 -0.0450 -0.0408
v  -0.0180 -0.0450 -0.0436
v  -0.0180 -0.0456 -0.0435
v  -0.0235 -0.0456 -0.0408
v  -0.0122 -0.0450 -0.0455
v  -0.0122 -0.0456 -0.0455
v  -0.0062 -0.0450 -0.0467
v  -0.0061 -0.0456 -0.0467
v  -0.0408 -0.0450 -0.0236
v  -0.0374 -0.0450 -0.0287
v  -0.0373 -0.0456 -0.0286
v  -0.0408 -0.0456 -0.0235
v  -0.0333 -0.0450 -0.0333
v  -0.0333 -0.0456 -0.0333
v  -0.0287 -0.0450 -0.0374
v  -0.0286 -0.0456 -0.0373
v  -0.0472 -0.0450 -0.0000
v  -0.0467 -0.0450 -0.0062
v  -0.0467 -0.0456 -0.0061
v  -0.0471 -0.0456 -0.0000
v  -0.0455 -0.0450 -0.0122
v  -0.0454 -0.0456 -0.0122
v  -0.0436 -0.0450 -0.0180
v  -0.0435 -0.0456 -0.0180
v  -0.0408 -0.0450 0.0236
v  -0.0436 -0.0450 0.0180
v  -0.0435 -0.0456 0.0180
v  -0.0408 -0.0456 0.0235
v  -0.0455 -0.0450 0.0122
v  -0.0454 -0.0456 0.0122
v  -0.0467 -0.0450 0.0061
v  -0.0467 -0.0456 0.0061
v  -0.0236 -0.0450 0.0408
v  -0.0287 -0.0450 0.0374
v  -0.0286 -0.0456 0.0373
v  -0.0235 -0.0456 0.0408
v  -0.0333 -0.0450 0.0333
v  -0.0333 -0.0456 0.0333
v  -0.0374 -0.0450 0.0287
v  -0.0373 -0.0456 0.0286
v  -0.0062 -0.0450 0.0467
v  -0.0061 -0.0456 0.0466
v  -0.0122 -0.0450 0.0455
v  -0.0122 -0.0456 0.0454
v  -0.0180 -0.0450 0.0436
v  -0.0180 -0.0456 0.0435
v  -0.0078 -0.0391 -0.0586
v  -0.0080 -0.0370 -0.0603
v  -0.0537 -0.0348 -0.0310
v  -0.0492 -0.0349 -0.0377
v  -0.0469 -0.0391 -0.0360
v  -0.0512 -0.0391 -0.0296
v  -0.0438 -0.0348 -0.0438
v  -0.0418 -0.0391 -0.0418
v  -0.0360 -0.0391 -0.0469
v  -0.0377 -0.0346 -0.0492
v  -0.0310 -0.0344 -0.0537
v  -0.0296 -0.0391 -0.0512
v  -0.0619 -0.0335 -0.0003
v  -0.0614 -0.0336 -0.0081
v  -0.0586 -0.0391 -0.0077
v  -0.0591 -0.0391 -0.0003
v  -0.0598 -0.0340 -0.0160
v  -0.0571 -0.0391 -0.0153
v  -0.0546 -0.0391 -0.0226
v  -0.0572 -0.0345 -0.0237
v  -0.0537 -0.0348 0.0310
v  -0.0572 -0.0345 0.0237
v  -0.0546 -0.0391 0.0226
v  -0.0512 -0.0391 0.0296
v  -0.0598 -0.0340 0.0160
v  -0.0571 -0.0391 0.0153
v  -0.0591 -0.0391 0.0003
v  -0.0586 -0.0391 0.0077
v  -0.0614 -0.0336 0.0081
v  -0.0619 -0.0335 0.0003
v  -0.0310 -0.0344 0.0537
v  -0.0361 -0.0345 0.0504
v  -0.0360 -0.0391 0.0469
v  -0.0296 -0.0391 0.0512
v  -0.0401 -0.0346 0.0473
v  -0.0469 -0.0391 0.0360
v  -0.0504 -0.0349 0.0361
v  -0.0473 -0.0349 0.0401
v  -0.0081 -0.0342 0.0614
v  -0.0077 -0.0391 0.0586
v  -0.0160 -0.0342 0.0598
v  -0.0153 -0.0391 0.0571
v  -0.0226 -0.0391 0.0546
v  -0.0237 -0.0342 0.0572
v  -0.0043 -0.0443 -0.0329
v  -0.0044 -0.0456 -0.0332
v  -0.0086 -0.0443 -0.0321
v  -0.0087 -0.0456 -0.0324
v  -0.0127 -0.0443 -0.0307
v  -0.0166 -0.0443 -0.0288
v  -0.0168 -0.0456 -0.0290
v  -0.0128 -0.0456 -0.0310
v  -0.0202 -0.0443 -0.0264
v  -0.0204 -0.0456 -0.0266
v  -0.0235 -0.0443 -0.0235
v  -0.0237 -0.0456 -0.0237
v  -0.0264 -0.0443 -0.0202
v  -0.0288 -0.0443 -0.0166
v  -0.0290 -0.0456 -0.0168
v  -0.0266 -0.0456 -0.0204
v  -0.0307 -0.0443 -0.0127
v  -0.0310 -0.0456 -0.0128
v  -0.0321 -0.0443 -0.0086
v  -0.0324 -0.0456 -0.0087
v  -0.0329 -0.0443 -0.0043
v  -0.0332 -0.0443 -0.0000
v  -0.0335 -0.0456 -0.0000
v  -0.0332 -0.0456 -0.0044
v  -0.0329 -0.0443 0.0043
v  -0.0332 -0.0456 0.0044
v  -0.0321 -0.0443 0.0086
v  -0.0324 -0.0456 0.0087
v  -0.0307 -0.0443 0.0127
v  -0.0288 -0.0443 0.0166
v  -0.0290 -0.0456 0.0168
v  -0.0310 -0.0456 0.0128
v  -0.0264 -0.0443 0.0202
v  -0.0266 -0.0456 0.0204
v  -0.0235 -0.0443 0.0235
v  -0.0237 -0.0456 0.0237
v  -0.0202 -0.0443 0.0264
v  -0.0166 -0.0443 0.0288
v  -0.0168 -0.0456 0.0290
v  -0.0204 -0.0456 0.0266
v  -0.0127 -0.0443 0.0307
v  -0.0128 -0.0456 0.0310
v  -0.0086 -0.0443 0.0321
v  -0.0087 -0.0456 0.0324
v  -0.0043 -0.0443 0.0329
v  -0.0044 -0.0456 0.0332
v  -0.0224 -0.0395 -0.0542
v  -0.0293 -0.0395 -0.0508
v  -0.0152 -0.0395 -0.0566
v  -0.0076 -0.0395 -0.0581
v  -0.0115 -0.0395 -0.0575
v  -0.0465 -0.0395 -0.0357
v  -0.0508 -0.0395 -0.0293
v  -0.0414 -0.0395 -0.0415
v  -0.0357 -0.0395 -0.0465
v  -0.0581 -0.0395 -0.0077
v  -0.0586 -0.0395 -0.0000
v  -0.0566 -0.0395 -0.0152
v  -0.0542 -0.0395 -0.0224
v  -0.0542 -0.0395 0.0224
v  -0.0508 -0.0395 0.0293
v  -0.0566 -0.0395 0.0152
v  -0.0581 -0.0395 0.0076
v  -0.0357 -0.0395 0.0465
v  -0.0293 -0.0395 0.0508
v  -0.0414 -0.0395 0.0414
v  -0.0465 -0.0395 0.0357
v  -0.0076 -0.0395 0.0581
v  -0.0152 -0.0395 0.0566
v  -0.0224 -0.0395 0.0542
v  -0.0231 -0.0160 -0.0573
v  -0.0239 -0.0164 -0.0574
v  -0.0313 -0.0163 -0.0538
v  -0.0297 -0.0156 -0.0542
v  -0.0159 -0.0162 -0.0598
v  -0.0162 -0.0166 -0.0600
v  -0.0081 -0.0168 -0.0616
v  -0.0080 -0.0164 -0.0614
v  -0.0588 -0.0141 -0.0068
v  -0.0600 -0.0154 -0.0004
v  -0.0587 -0.0140 -0.0004
v  -0.0569 -0.0133 -0.0131
v  -0.0577 -0.0140 -0.0136
v  -0.0582 -0.0137 -0.0066
v  -0.0563 -0.0155 0.0224
v  -0.0577 -0.0176 0.0227
v  -0.0550 -0.0173 0.0290
v  -0.0540 -0.0158 0.0288
v  -0.0578 -0.0150 0.0152
v  -0.0601 -0.0179 0.0156
v  -0.0617 -0.0181 0.0079
v  -0.0587 -0.0145 0.0078
v  -0.0600 -0.0154 0.0003
v  -0.0450 -0.0152 0.0422
v  -0.0463 -0.0166 0.0417
v  -0.0433 -0.0165 0.0448
v  -0.0416 -0.0147 0.0454
v  -0.0483 -0.0157 0.0385
v  -0.0493 -0.0168 0.0382
v  -0.0524 -0.0170 0.0337
v  -0.0515 -0.0158 0.0339
v  -0.0075 -0.0128 0.0596
v  -0.0078 -0.0171 0.0620
v  -0.0147 -0.0126 0.0579
v  -0.0152 -0.0171 0.0605
v  -0.0269 -0.0124 0.0536
v  -0.0282 -0.0169 0.0558
v  -0.0222 -0.0170 0.0584
v  -0.0212 -0.0124 0.0558
v  -0.0120 -0.0032 -0.0207
v  -0.0092 -0.0032 -0.0221
v  -0.0099 -0.0098 -0.0239
v  -0.0129 -0.0092 -0.0224
v  -0.0062 -0.0032 -0.0231
v  -0.0067 -0.0103 -0.0251
v  -0.0031 -0.0032 -0.0238
v  -0.0034 -0.0107 -0.0258
v  -0.0207 -0.0032 -0.0120
v  -0.0190 -0.0032 -0.0146
v  -0.0205 -0.0083 -0.0157
v  -0.0224 -0.0082 -0.0129
v  -0.0169 -0.0032 -0.0169
v  -0.0183 -0.0084 -0.0183
v  -0.0146 -0.0032 -0.0190
v  -0.0157 -0.0087 -0.0205
v  -0.0240 -0.0032 -0.0000
v  -0.0238 -0.0032 -0.0031
v  -0.0256 -0.0086 -0.0034
v  -0.0259 -0.0088 -0.0000
v  -0.0231 -0.0032 -0.0062
v  -0.0250 -0.0084 -0.0067
v  -0.0221 -0.0032 -0.0092
v  -0.0239 -0.0083 -0.0099
v  -0.0207 -0.0032 0.0120
v  -0.0221 -0.0032 0.0092
v  -0.0239 -0.0090 0.0099
v  -0.0224 -0.0090 0.0129
v  -0.0231 -0.0032 0.0062
v  -0.0250 -0.0090 0.0067
v  -0.0238 -0.0032 0.0031
v  -0.0256 -0.0090 0.0034
v  -0.0120 -0.0032 0.0207
v  -0.0146 -0.0032 0.0190
v  -0.0157 -0.0090 0.0205
v  -0.0129 -0.0091 0.0224
v  -0.0169 -0.0032 0.0169
v  -0.0183 -0.0090 0.0183
v  -0.0190 -0.0032 0.0146
v  -0.0205 -0.0090 0.0157
v  -0.0031 -0.0032 0.0238
v  -0.0034 -0.0094 0.0256
v  -0.0062 -0.0032 0.0231
v  -0.0067 -0.0093 0.0250
v  -0.0092 -0.0032 0.0221
v  -0.0099 -0.0092 0.0239
v  -0.0078 0.0033 -0.0135
v  -0.0060 0.0033 -0.0144
v  -0.0040 0.0033 -0.0150
v  -0.0020 0.0033 -0.0154
v  -0.0135 0.0033 -0.0078
v  -0.0123 0.0033 -0.0095
v  -0.0110 0.0033 -0.0110
v  -0.0095 0.0033 -0.0123
v  -0.0156 0.0033 -0.0000
v  -0.0154 0.0033 -0.0020
v  -0.0150 0.0033 -0.0040
v  -0.0144 0.0033 -0.0060
v  -0.0135 0.0033 0.0078
v  -0.0144 0.0033 0.0060
v  -0.0150 0.0033 0.0040
v  -0.0154 0.0033 0.0020
v  -0.0078 0.0033 0.0135
v  -0.0095 0.0033 0.0123
v  -0.0110 0.0033 0.0110
v  -0.0123 0.0033 0.0095
v  -0.0020 0.0033 0.0154
v  -0.0040 0.0033 0.0150
v  -0.0060 0.0033 0.0144
v  -0.0063 0.0033 -0.0108
v  -0.0048 0.0033 -0.0116
v  -0.0032 0.0033 -0.0121
v  -0.0016 0.0033 -0.0124
v  -0.0108 0.0033 -0.0063
v  -0.0099 0.0033 -0.0076
v  -0.0088 0.0033 -0.0088
v  -0.0076 0.0033 -0.0099
v  -0.0125 0.0033 -0.0000
v  -0.0124 0.0033 -0.0016
v  -0.0121 0.0033 -0.0032
v  -0.0116 0.0033 -0.0048
v  -0.0108 0.0033 0.0063
v  -0.0116 0.0033 0.0048
v  -0.0121 0.0033 0.0032
v  -0.0124 0.0033 0.0016
v  -0.0063 0.0033 0.0108
v  -0.0076 0.0033 0.0099
v  -0.0088 0.0033 0.0088
v  -0.0099 0.0033 0.0076
v  -0.0016 0.0033 0.0124
v  -0.0032 0.0033 0.0121
v  -0.0048 0.0033 0.0116
v  -0.0080 -0.0273 -0.0626
v  -0.0080 -0.0250 -0.0626
v  -0.0532 -0.0300 -0.0315
v  -0.0487 -0.0300 -0.0383
v  -0.0434 -0.0299 -0.0445
v  -0.0307 -0.0249 -0.0547
v  -0.0307 -0.0297 -0.0545
v  -0.0374 -0.0298 -0.0499
v  -0.0374 -0.0250 -0.0501
v  -0.0434 -0.0251 -0.0447
v  -0.0615 -0.0295 -0.0003
v  -0.0609 -0.0295 -0.0082
v  -0.0593 -0.0297 -0.0163
v  -0.0532 -0.0252 -0.0316
v  -0.0567 -0.0299 -0.0241
v  -0.0568 -0.0253 -0.0242
v  -0.0594 -0.0254 -0.0164
v  -0.0534 -0.0299 0.0317
v  -0.0569 -0.0299 0.0242
v  -0.0595 -0.0298 0.0163
v  -0.0615 -0.0295 0.0003
v  -0.0610 -0.0296 0.0082
v  -0.0610 -0.0255 0.0082
v  -0.0615 -0.0255 0.0003
v  -0.0594 -0.0255 0.0163
v  -0.0311 -0.0296 0.0544
v  -0.0362 -0.0296 0.0510
v  -0.0402 -0.0297 0.0478
v  -0.0536 -0.0252 0.0314
v  -0.0501 -0.0298 0.0369
v  -0.0505 -0.0250 0.0366
v  -0.0470 -0.0298 0.0409
v  -0.0474 -0.0249 0.0407
v  -0.0081 -0.0296 0.0623
v  -0.0160 -0.0296 0.0607
v  -0.0305 -0.0249 0.0550
v  -0.0237 -0.0296 0.0581
v  -0.0234 -0.0250 0.0585
v  -0.0159 -0.0250 0.0610
v  -0.0315 -0.0128 0.0518
v  -0.0327 -0.0168 0.0534
v  -0.0352 -0.0134 0.0500
v  -0.0370 -0.0166 0.0505
v  -0.0403 -0.0165 0.0477
v  -0.0385 -0.0140 0.0479
v  -0.0081 -0.0209 -0.0624
v  -0.0121 -0.0209 -0.0618
v  -0.0536 -0.0209 -0.0315
v  -0.0491 -0.0207 -0.0383
v  -0.0488 -0.0251 -0.0385
v  -0.0437 -0.0206 -0.0445
v  -0.0309 -0.0206 -0.0545
v  -0.0376 -0.0206 -0.0499
v  -0.0381 -0.0162 -0.0493
v  -0.0443 -0.0162 -0.0439
v  -0.0618 -0.0218 -0.0004
v  -0.0613 -0.0217 -0.0082
v  -0.0609 -0.0254 -0.0083
v  -0.0615 -0.0255 -0.0003
v  -0.0597 -0.0214 -0.0163
v  -0.0544 -0.0166 -0.0310
v  -0.0572 -0.0212 -0.0241
v  -0.0580 -0.0171 -0.0237
v  -0.0606 -0.0175 -0.0160
v  -0.0541 -0.0210 0.0306
v  -0.0572 -0.0214 0.0236
v  -0.0570 -0.0254 0.0241
v  -0.0596 -0.0216 0.0161
v  -0.0618 -0.0218 0.0003
v  -0.0612 -0.0218 0.0081
v  -0.0625 -0.0181 0.0003
v  -0.0296 -0.0206 0.0555
v  -0.0345 -0.0204 0.0525
v  -0.0356 -0.0248 0.0518
v  -0.0386 -0.0203 0.0495
v  -0.0396 -0.0248 0.0486
v  -0.0512 -0.0207 0.0356
v  -0.0481 -0.0204 0.0398
v  -0.0079 -0.0209 0.0626
v  -0.0080 -0.0250 0.0626
v  -0.0156 -0.0208 0.0610
v  -0.0229 -0.0207 0.0586
v  -0.0330 -0.0152 -0.0520
v  -0.0437 -0.0298 0.0444
v  -0.0438 -0.0348 0.0438
v  -0.0436 -0.0249 0.0448
v  -0.0435 -0.0203 0.0449
v  -0.0418 -0.0391 0.0418
v  -0.0367 -0.0144 -0.0490
v  -0.0572 -0.0157 -0.0224
v  -0.0542 -0.0155 -0.0288
v  -0.0596 -0.0162 -0.0152
v  -0.0564 -0.0145 -0.0211
v  -0.0535 -0.0141 -0.0269
v  -0.0586 -0.0150 -0.0144
v  -0.0523 -0.0123 -0.0238
v  -0.0530 -0.0131 -0.0251
v  -0.0556 -0.0136 -0.0198
v  -0.0549 -0.0129 -0.0189
v  -0.0501 -0.0141 -0.0330
v  -0.0498 -0.0151 -0.0354
v  -0.0502 -0.0132 -0.0307
v  -0.0466 -0.0131 -0.0364
v  -0.0459 -0.0139 -0.0389
v  -0.0470 -0.0124 -0.0339
v  -0.0495 -0.0116 -0.0271
v  -0.0501 -0.0124 -0.0286
v  -0.0466 -0.0110 -0.0296
v  -0.0470 -0.0116 -0.0315
v  -0.0426 -0.0105 -0.0332
v  -0.0416 -0.0107 -0.0352
v  -0.0445 -0.0112 -0.0337
v  -0.0442 -0.0106 -0.0315
v  -0.0408 -0.0112 -0.0382
v  -0.0440 -0.0119 -0.0365
v  -0.0395 -0.0127 -0.0440
v  -0.0427 -0.0132 -0.0414
v  -0.0435 -0.0126 -0.0390
v  -0.0402 -0.0120 -0.0412
v  -0.0398 -0.0148 -0.0469
v  -0.0498 -0.0164 -0.0378
v  -0.0449 -0.0149 -0.0416
v  -0.0409 -0.0140 -0.0447
v  -0.0384 -0.0136 -0.0467
v  -0.0609 -0.0163 -0.0076
v  -0.0599 -0.0152 -0.0072
v  -0.0621 -0.0179 -0.0081
v  -0.0625 -0.0181 -0.0004
v  -0.0578 -0.0131 -0.0001
v  -0.0541 -0.0137 0.0005
v  -0.0537 -0.0134 -0.0059
v  -0.0572 -0.0128 -0.0063
v  -0.0527 -0.0130 -0.0119
v  -0.0559 -0.0125 -0.0127
v  -0.0504 -0.0141 0.0005
v  -0.0502 -0.0138 -0.0056
v  -0.0495 -0.0134 -0.0111
v  -0.0540 -0.0121 -0.0183
v  -0.0511 -0.0125 -0.0171
v  -0.0490 -0.0119 -0.0212
v  -0.0516 -0.0116 -0.0229
v  -0.0483 -0.0129 -0.0157
v  -0.0467 -0.0122 -0.0196
v  -0.0423 -0.0123 -0.0167
v  -0.0445 -0.0124 -0.0181
v  -0.0455 -0.0130 -0.0145
v  -0.0426 -0.0129 -0.0135
v  -0.0461 -0.0136 -0.0103
v  -0.0428 -0.0133 -0.0097
v  -0.0429 -0.0137 -0.0049
v  -0.0465 -0.0140 -0.0052
v  -0.0466 -0.0142 0.0004
v  -0.0429 -0.0140 0.0003
v  -0.0464 -0.0113 -0.0239
v  -0.0489 -0.0110 -0.0261
v  -0.0436 -0.0107 -0.0257
v  -0.0461 -0.0105 -0.0284
v  -0.0440 -0.0115 -0.0217
v  -0.0412 -0.0108 -0.0230
v  -0.0436 -0.0101 -0.0304
v  -0.0409 -0.0101 -0.0271
v  -0.0382 -0.0097 -0.0280
v  -0.0415 -0.0100 -0.0325
v  -0.0383 -0.0102 -0.0238
v  -0.0356 -0.0096 -0.0246
v  -0.0304 -0.0091 -0.0172
v  -0.0331 -0.0094 -0.0211
v  -0.0360 -0.0102 -0.0204
v  -0.0341 -0.0102 -0.0169
v  -0.0391 -0.0110 -0.0200
v  -0.0374 -0.0112 -0.0168
v  -0.0403 -0.0120 -0.0164
v  -0.0419 -0.0117 -0.0192
v  -0.0069 -0.0114 0.0547
v  -0.0074 -0.0116 0.0590
v  -0.0135 -0.0111 0.0531
v  -0.0145 -0.0114 0.0573
v  -0.0064 -0.0111 0.0505
v  -0.0124 -0.0109 0.0489
v  -0.0210 -0.0112 0.0551
v  -0.0195 -0.0109 0.0508
v  -0.0251 -0.0110 0.0480
v  -0.0267 -0.0112 0.0530
v  -0.0179 -0.0107 0.0466
v  -0.0235 -0.0108 0.0434
v  -0.0195 -0.0101 0.0356
v  -0.0215 -0.0104 0.0393
v  -0.0165 -0.0104 0.0425
v  -0.0151 -0.0101 0.0385
v  -0.0114 -0.0106 0.0447
v  -0.0105 -0.0103 0.0406
v  -0.0053 -0.0105 0.0419
v  -0.0058 -0.0108 0.0462
v  -0.0297 -0.0114 0.0453
v  -0.0312 -0.0116 0.0513
v  -0.0336 -0.0120 0.0429
v  -0.0348 -0.0122 0.0496
v  -0.0279 -0.0111 0.0399
v  -0.0322 -0.0118 0.0352
v  -0.0380 -0.0127 0.0476
v  -0.0370 -0.0128 0.0415
v  -0.0402 -0.0137 0.0400
v  -0.0411 -0.0134 0.0452
v  -0.0359 -0.0129 0.0348
v  -0.0388 -0.0138 0.0346
v  -0.0408 -0.0139 0.0226
v  -0.0396 -0.0139 0.0286
v  -0.0366 -0.0130 0.0283
v  -0.0376 -0.0131 0.0219
v  -0.0335 -0.0119 0.0275
v  -0.0343 -0.0121 0.0211
v  -0.0312 -0.0111 0.0197
v  -0.0302 -0.0110 0.0255
v  -0.0273 -0.0102 0.0231
v  -0.0284 -0.0101 0.0181
v  -0.0284 -0.0109 0.0311
v  -0.0256 -0.0102 0.0280
v  -0.0229 -0.0101 0.0321
v  -0.0255 -0.0106 0.0356
v  -0.0533 -0.0147 0.0286
v  -0.0495 -0.0152 0.0262
v  -0.0512 -0.0149 0.0203
v  -0.0555 -0.0144 0.0222
v  -0.0526 -0.0145 0.0139
v  -0.0570 -0.0140 0.0151
v  -0.0467 -0.0150 0.0247
v  -0.0480 -0.0149 0.0190
v  -0.0492 -0.0146 0.0129
v  -0.0578 -0.0135 0.0078
v  -0.0536 -0.0141 0.0072
v  -0.0500 -0.0143 0.0067
v  -0.0463 -0.0144 0.0062
v  -0.0427 -0.0141 0.0057
v  -0.0457 -0.0144 0.0120
v  -0.0422 -0.0140 0.0112
v  -0.0416 -0.0140 0.0169
v  -0.0449 -0.0145 0.0178
v  -0.0438 -0.0146 0.0235
v  -0.0367 -0.0098 -0.0322
v  -0.0371 -0.0103 -0.0357
v  -0.0402 -0.0103 -0.0352
v  -0.0371 -0.0111 -0.0393
v  -0.0395 -0.0108 -0.0382
v  -0.0331 -0.0097 -0.0323
v  -0.0337 -0.0105 -0.0363
v  -0.0343 -0.0115 -0.0405
v  -0.0389 -0.0115 -0.0414
v  -0.0372 -0.0121 -0.0431
v  -0.0373 -0.0131 -0.0471
v  -0.0383 -0.0123 -0.0444
v  -0.0349 -0.0127 -0.0449
v  -0.0356 -0.0137 -0.0493
v  -0.0288 -0.0146 -0.0538
v  -0.0329 -0.0142 -0.0514
v  -0.0319 -0.0132 -0.0468
v  -0.0277 -0.0138 -0.0489
v  -0.0310 -0.0119 -0.0419
v  -0.0267 -0.0124 -0.0437
v  -0.0256 -0.0111 -0.0384
v  -0.0300 -0.0107 -0.0370
v  -0.0294 -0.0097 -0.0324
v  -0.0246 -0.0098 -0.0325
v  -0.0396 -0.0123 -0.0131
v  -0.0365 -0.0114 -0.0130
v  -0.0394 -0.0127 -0.0092
v  -0.0360 -0.0117 -0.0089
v  -0.0332 -0.0103 -0.0129
v  -0.0302 -0.0093 -0.0125
v  -0.0328 -0.0105 -0.0086
v  -0.0300 -0.0095 -0.0082
v  -0.0300 -0.0100 0.0002
v  -0.0300 -0.0098 -0.0041
v  -0.0325 -0.0108 -0.0042
v  -0.0324 -0.0111 0.0002
v  -0.0358 -0.0120 -0.0044
v  -0.0356 -0.0123 0.0002
v  -0.0392 -0.0133 0.0003
v  -0.0393 -0.0131 -0.0047
v  -0.0390 -0.0134 0.0053
v  -0.0355 -0.0123 0.0050
v  -0.0387 -0.0133 0.0106
v  -0.0353 -0.0123 0.0100
v  -0.0323 -0.0112 0.0047
v  -0.0298 -0.0102 0.0044
v  -0.0321 -0.0112 0.0094
v  -0.0295 -0.0102 0.0088
v  -0.0291 -0.0102 0.0133
v  -0.0318 -0.0111 0.0143
v  -0.0349 -0.0122 0.0153
v  -0.0383 -0.0132 0.0161
v  -0.0062 -0.0126 -0.0414
v  -0.0055 -0.0121 -0.0372
v  -0.0047 -0.0115 -0.0330
v  -0.0121 -0.0120 -0.0394
v  -0.0108 -0.0115 -0.0356
v  -0.0093 -0.0110 -0.0317
v  -0.0040 -0.0111 -0.0292
v  -0.0079 -0.0106 -0.0283
v  -0.0118 -0.0097 -0.0267
v  -0.0154 -0.0090 -0.0245
v  -0.0138 -0.0100 -0.0295
v  -0.0178 -0.0092 -0.0266
v  -0.0208 -0.0094 -0.0292
v  -0.0162 -0.0104 -0.0329
v  -0.0183 -0.0109 -0.0363
v  -0.0137 -0.0099 0.0346
v  -0.0176 -0.0098 0.0321
v  -0.0123 -0.0096 0.0308
v  -0.0158 -0.0095 0.0286
v  -0.0095 -0.0101 0.0365
v  -0.0085 -0.0098 0.0324
v  -0.0144 -0.0092 0.0255
v  -0.0111 -0.0094 0.0273
v  -0.0076 -0.0095 0.0286
v  -0.0038 -0.0097 0.0294
v  -0.0043 -0.0099 0.0334
v  -0.0048 -0.0102 0.0377
v  -0.0250 -0.0096 0.0210
v  -0.0263 -0.0096 0.0166
v  -0.0232 -0.0093 0.0191
v  -0.0248 -0.0093 0.0154
v  -0.0232 -0.0097 0.0251
v  -0.0212 -0.0094 0.0226
v  -0.0236 -0.0091 0.0142
v  -0.0219 -0.0091 0.0175
v  -0.0198 -0.0092 0.0205
v  -0.0173 -0.0092 0.0232
v  -0.0188 -0.0094 0.0258
v  -0.0207 -0.0097 0.0289
v  -0.0280 -0.0087 -0.0118
v  -0.0274 -0.0086 -0.0156
v  -0.0264 -0.0085 -0.0112
v  -0.0255 -0.0084 -0.0146
v  -0.0283 -0.0089 -0.0079
v  -0.0270 -0.0086 -0.0075
v  -0.0240 -0.0083 -0.0138
v  -0.0251 -0.0083 -0.0105
v  -0.0259 -0.0085 -0.0071
v  -0.0264 -0.0087 -0.0036
v  -0.0265 -0.0089 0.0000
v  -0.0273 -0.0088 -0.0038
v  -0.0273 -0.0090 0.0001
v  -0.0284 -0.0094 0.0001
v  -0.0284 -0.0092 -0.0039
v  -0.0283 -0.0095 0.0042
v  -0.0272 -0.0092 0.0039
v  -0.0279 -0.0096 0.0083
v  -0.0267 -0.0092 0.0078
v  -0.0263 -0.0090 0.0037
v  -0.0258 -0.0091 0.0073
v  -0.0249 -0.0091 0.0108
v  -0.0260 -0.0092 0.0116
v  -0.0273 -0.0096 0.0124
v  -0.0264 -0.0091 -0.0275
v  -0.0234 -0.0089 -0.0258
v  -0.0206 -0.0087 -0.0238
v  -0.0275 -0.0088 -0.0238
v  -0.0251 -0.0086 -0.0223
v  -0.0226 -0.0085 -0.0208
v  -0.0182 -0.0086 -0.0222
v  -0.0205 -0.0084 -0.0196
v  -0.0225 -0.0083 -0.0168
v  -0.0243 -0.0084 -0.0178
v  -0.0264 -0.0085 -0.0190
v  -0.0288 -0.0088 -0.0206
v  -0.0213 -0.0144 -0.0517
v  -0.0223 -0.0149 -0.0569
v  -0.0145 -0.0146 -0.0541
v  -0.0154 -0.0151 -0.0592
v  -0.0203 -0.0132 -0.0465
v  -0.0137 -0.0137 -0.0491
v  -0.0078 -0.0152 -0.0606
v  -0.0073 -0.0147 -0.0558
v  -0.0069 -0.0140 -0.0509
v  -0.0065 -0.0133 -0.0460
v  -0.0129 -0.0128 -0.0440
v  -0.0193 -0.0120 -0.0412
v  -0.0353 -0.0094 -0.0287
v  -0.0324 -0.0093 -0.0289
v  -0.0335 -0.0092 -0.0256
v  -0.0314 -0.0091 -0.0269
v  -0.0294 -0.0092 -0.0285
v  -0.0299 -0.0089 -0.0253
v  -0.0312 -0.0090 -0.0228
v  -0.0432 -0.0145 0.0380
v  -0.0443 -0.0140 0.0422
v  -0.0456 -0.0151 0.0355
v  -0.0476 -0.0145 0.0384
v  -0.0412 -0.0145 0.0345
v  -0.0436 -0.0149 0.0347
v  -0.0508 -0.0147 0.0338
v  -0.0477 -0.0152 0.0314
v  -0.0452 -0.0150 0.0299
v  -0.0426 -0.0146 0.0289
v  -0.0237 -0.0207 -0.0581
v  -0.0160 -0.0208 -0.0608
v  -0.0080 -0.0370 -0.0560
v  -0.0080 -0.0273 -0.0560
v  -0.0095 -0.0371 -0.0560
v  -0.0095 -0.0273 -0.0560
v  -0.0237 -0.0342 -0.0572
v  -0.0235 -0.0352 -0.0569
v  -0.0226 -0.0391 -0.0546
v  -0.0231 -0.0370 -0.0561
v  -0.0158 -0.0371 -0.0587
v  -0.0153 -0.0391 -0.0571
v  -0.0095 -0.0371 -0.0601
v  -0.0237 -0.0334 -0.0574
v  -0.0160 -0.0342 -0.0598
v  -0.0160 -0.0327 -0.0601
v  -0.0236 -0.0249 -0.0583
v  -0.0159 -0.0250 -0.0610
v  -0.0235 -0.0296 -0.0581
v  -0.0159 -0.0284 -0.0609
v  -0.0120 -0.0250 -0.0619
v  -0.0095 -0.0273 -0.0623
v  -0.0110 -0.0275 -0.0560
v  -0.0110 -0.0275 -0.0620
v  -0.0122 -0.0279 -0.0560
v  -0.0122 -0.0279 -0.0617
v  -0.0132 -0.0285 -0.0560
v  -0.0132 -0.0285 -0.0615
v  -0.0144 -0.0322 -0.0560
v  -0.0143 -0.0337 -0.0560
v  -0.0143 -0.0337 -0.0605
v  -0.0144 -0.0322 -0.0607
v  -0.0139 -0.0349 -0.0560
v  -0.0139 -0.0349 -0.0603
v  -0.0132 -0.0359 -0.0560
v  -0.0132 -0.0359 -0.0601
v  -0.0143 -0.0307 -0.0609
v  -0.0143 -0.0307 -0.0560
v  -0.0139 -0.0295 -0.0612
v  -0.0139 -0.0295 -0.0560
v  -0.0110 -0.0369 -0.0599
v  -0.0110 -0.0369 -0.0560
v  -0.0122 -0.0365 -0.0599
v  -0.0122 -0.0365 -0.0560
v  -0.0116 -0.0391 -0.0580
v  -0.0159 -0.0354 -0.0594
v  -0.0160 -0.0313 -0.0604
v  -0.0587 -0.0141 0.0003
v  0.0226 -0.0154 -0.0571
v  0.0290 -0.0151 -0.0541
v  0.0156 -0.0157 -0.0595
v  0.0000 -0.0158 -0.0614
v  0.0079 -0.0158 -0.0610
v  0.0565 -0.0129 -0.0129
v  0.0577 -0.0132 -0.0064
v  0.0559 -0.0149 0.0223
v  0.0537 -0.0152 0.0287
v  0.0574 -0.0145 0.0152
v  0.0582 -0.0135 -0.0001
v  0.0583 -0.0140 0.0078
v  0.0446 -0.0146 0.0423
v  0.0412 -0.0140 0.0454
v  0.0479 -0.0151 0.0386
v  0.0511 -0.0153 0.0339
v  0.0074 -0.0122 0.0593
v  0.0000 -0.0124 0.0600
v  0.0146 -0.0120 0.0576
v  0.0268 -0.0118 0.0533
v  0.0211 -0.0118 0.0555
v  0.0313 -0.0122 0.0516
v  0.0350 -0.0128 0.0498
v  0.0382 -0.0133 0.0478
v  0.0329 -0.0146 -0.0517
v  0.0360 -0.0140 -0.0492
v  0.0520 -0.0119 -0.0233
v  0.0545 -0.0125 -0.0186
v  0.0493 -0.0113 -0.0265
v  0.0464 -0.0107 -0.0290
v  0.0421 -0.0102 -0.0329
v  0.0440 -0.0103 -0.0309
v  0.0409 -0.0105 -0.0354
v  0.0401 -0.0110 -0.0383
v  0.0388 -0.0125 -0.0442
v  0.0396 -0.0118 -0.0414
v  0.0378 -0.0133 -0.0469
v  -0.0290 -0.0151 -0.0541
v  -0.0226 -0.0154 -0.0571
v  -0.0156 -0.0157 -0.0595
v  -0.0079 -0.0158 -0.0610
v  -0.0577 -0.0132 -0.0064
v  -0.0565 -0.0129 -0.0129
v  -0.0537 -0.0152 0.0287
v  -0.0559 -0.0149 0.0223
v  -0.0574 -0.0145 0.0152
v  -0.0583 -0.0140 0.0078
v  -0.0412 -0.0140 0.0454
v  -0.0446 -0.0146 0.0423
v  -0.0479 -0.0151 0.0386
v  -0.0511 -0.0153 0.0339
v  -0.0074 -0.0122 0.0593
v  -0.0146 -0.0120 0.0576
v  -0.0211 -0.0118 0.0555
v  -0.0268 -0.0118 0.0533
v  -0.0313 -0.0122 0.0516
v  -0.0350 -0.0128 0.0498
v  -0.0382 -0.0133 0.0478
v  -0.0329 -0.0146 -0.0517
v  -0.0360 -0.0140 -0.0492
v  -0.0545 -0.0125 -0.0186
v  -0.0520 -0.0119 -0.0233
v  -0.0493 -0.0113 -0.0265
v  -0.0464 -0.0107 -0.0290
v  -0.0421 -0.0102 -0.0329
v  -0.0409 -0.0105 -0.0354
v  -0.0440 -0.0103 -0.0309
v  -0.0401 -0.0110 -0.0383
v  -0.0396 -0.0118 -0.0414
v  -0.0388 -0.0125 -0.0442
v  -0.0378 -0.0133 -0.0469
v  -0.0582 -0.0135 -0.0001
v  0.0226 -0.0159 -0.0571
v  0.0290 -0.0156 -0.0541
v  0.0156 -0.0161 -0.0595
v  0.0000 -0.0163 -0.0614
v  0.0079 -0.0162 -0.0609
v  0.0582 -0.0137 -0.0066
v  0.0578 -0.0137 -0.0064
v  0.0582 -0.0140 -0.0001
v  0.0565 -0.0134 -0.0129
v  0.0558 -0.0154 0.0223
v  0.0536 -0.0157 0.0287
v  0.0574 -0.0149 0.0152
v  0.0583 -0.0145 0.0078
v  0.0445 -0.0150 0.0422
v  0.0410 -0.0144 0.0454
v  0.0478 -0.0155 0.0385
v  0.0511 -0.0157 0.0338
v  0.0074 -0.0127 0.0592
v  0.0000 -0.0128 0.0599
v  0.0146 -0.0124 0.0575
v  0.0267 -0.0123 0.0532
v  0.0211 -0.0122 0.0554
v  0.0313 -0.0127 0.0515
v  0.0349 -0.0132 0.0497
v  0.0381 -0.0138 0.0477
v  0.0327 -0.0151 -0.0517
v  0.0362 -0.0144 -0.0490
v  0.0520 -0.0123 -0.0235
v  0.0546 -0.0129 -0.0187
v  0.0493 -0.0117 -0.0267
v  0.0464 -0.0111 -0.0292
v  0.0422 -0.0106 -0.0330
v  0.0441 -0.0107 -0.0311
v  0.0411 -0.0109 -0.0354
v  0.0403 -0.0114 -0.0383
v  0.0390 -0.0128 -0.0439
v  0.0398 -0.0122 -0.0414
v  0.0379 -0.0137 -0.0467
v  -0.0290 -0.0156 -0.0541
v  -0.0226 -0.0159 -0.0571
v  -0.0156 -0.0161 -0.0595
v  -0.0079 -0.0162 -0.0609
v  -0.0578 -0.0137 -0.0064
v  -0.0565 -0.0134 -0.0129
v  -0.0536 -0.0157 0.0287
v  -0.0558 -0.0154 0.0223
v  -0.0574 -0.0149 0.0152
v  -0.0583 -0.0145 0.0078
v  -0.0410 -0.0144 0.0454
v  -0.0445 -0.0150 0.0422
v  -0.0478 -0.0155 0.0385
v  -0.0511 -0.0157 0.0338
v  -0.0074 -0.0127 0.0592
v  -0.0146 -0.0124 0.0575
v  -0.0211 -0.0122 0.0554
v  -0.0267 -0.0123 0.0532
v  -0.0313 -0.0127 0.0515
v  -0.0349 -0.0132 0.0497
v  -0.0381 -0.0138 0.0477
v  -0.0327 -0.0151 -0.0517
v  -0.0362 -0.0144 -0.0490
v  -0.0546 -0.0129 -0.0187
v  -0.0520 -0.0123 -0.0235
v  -0.0493 -0.0117 -0.0267
v  -0.0464 -0.0111 -0.0292
v  -0.0422 -0.0106 -0.0330
v  -0.0411 -0.0109 -0.0354
v  -0.0441 -0.0107 -0.0311
v  -0.0403 -0.0114 -0.0383
v  -0.0398 -0.0122 -0.0414
v  -0.0390 -0.0128 -0.0439
v  -0.0379 -0.0137 -0.0467
v  -0.0582 -0.0140 -0.0001
v  0.0077 -0.0391 -0.0582
v  0.0000 -0.0391 -0.0588
v  0.0509 -0.0391 -0.0294
v  0.0466 -0.0391 -0.0358
v  0.0415 -0.0391 -0.0415
v  0.0357 -0.0391 -0.0466
v  0.0294 -0.0391 -0.0509
v  0.0587 -0.0392 -0.0000
v  0.0582 -0.0391 -0.0077
v  0.0617 -0.0334 -0.0000
v  0.0567 -0.0391 -0.0152
v  0.0543 -0.0391 -0.0225
v  0.0509 -0.0391 0.0294
v  0.0543 -0.0391 0.0225
v  0.0567 -0.0391 0.0152
v  0.0582 -0.0391 0.0077
v  0.0294 -0.0391 0.0509
v  0.0358 -0.0391 0.0466
v  0.0466 -0.0391 0.0357
v  0.0000 -0.0391 0.0587
v  0.0077 -0.0391 0.0582
v  0.0152 -0.0391 0.0567
v  0.0225 -0.0391 0.0542
v  0.0225 -0.0391 -0.0543
v  0.0152 -0.0391 -0.0567
v  0.0116 -0.0392 -0.0576
v  0.0415 -0.0391 0.0415
v  0.0598 -0.0156 -0.0001
v  0.0612 -0.0295 -0.0000
v  0.0612 -0.0255 -0.0000
v  0.0615 -0.0218 -0.0000
v  0.0622 -0.0182 -0.0001
v  -0.0077 -0.0391 -0.0582
v  -0.0466 -0.0391 -0.0358
v  -0.0509 -0.0391 -0.0294
v  -0.0415 -0.0391 -0.0415
v  -0.0294 -0.0391 -0.0509
v  -0.0357 -0.0391 -0.0466
v  -0.0582 -0.0391 -0.0077
v  -0.0587 -0.0392 -0.0000
v  -0.0617 -0.0334 -0.0000
v  -0.0567 -0.0391 -0.0152
v  -0.0543 -0.0391 -0.0225
v  -0.0543 -0.0391 0.0225
v  -0.0509 -0.0391 0.0294
v  -0.0567 -0.0391 0.0152
v  -0.0582 -0.0391 0.0077
v  -0.0358 -0.0391 0.0466
v  -0.0294 -0.0391 0.0509
v  -0.0466 -0.0391 0.0357
v  -0.0077 -0.0391 0.0582
v  -0.0152 -0.0391 0.0567
v  -0.0225 -0.0391 0.0542
v  -0.0225 -0.0391 -0.0543
v  -0.0152 -0.0391 -0.0567
v  -0.0116 -0.0392 -0.0576
v  -0.0415 -0.0391 0.0415
v  -0.0598 -0.0156 -0.0001
v  -0.0612 -0.0295 -0.0000
v  -0.0612 -0.0255 -0.0000
v  -0.0615 -0.0218 -0.0000
v  -0.0622 -0.0182 -0.0001
v  -0.0149 0.0090 0.0149
v  -0.0153 0.0085 0.0139
v  -0.0141 0.0076 0.0141
v  -0.0139 0.0085 0.0153
v  -0.0159 0.0080 0.0124
v  -0.0145 0.0067 0.0126
v  -0.0128 0.0057 0.0128
v  -0.0126 0.0067 0.0145
v  -0.0124 0.0080 0.0159
v  -0.0165 0.0074 0.0107
v  -0.0150 0.0060 0.0108
v  -0.0171 0.0068 0.0088
v  -0.0154 0.0054 0.0089
v  -0.0136 0.0041 0.0090
v  -0.0132 0.0048 0.0110
v  -0.0175 0.0064 0.0067
v  -0.0158 0.0048 0.0068
v  -0.0179 0.0060 0.0046
v  -0.0161 0.0044 0.0046
v  -0.0142 0.0030 0.0047
v  -0.0139 0.0035 0.0069
v  -0.0181 0.0058 0.0023
v  -0.0163 0.0042 0.0023
v  -0.0181 0.0057 -0.0000
v  -0.0163 0.0041 -0.0000
v  -0.0144 0.0027 -0.0000
v  -0.0143 0.0028 0.0023
v  -0.0108 0.0060 0.0150
v  -0.0107 0.0074 0.0165
v  -0.0110 0.0048 0.0132
v  -0.0090 0.0041 0.0136
v  -0.0089 0.0054 0.0154
v  -0.0088 0.0068 0.0171
v  -0.0113 0.0038 0.0113
v  -0.0116 0.0029 0.0092
v  -0.0095 0.0020 0.0095
v  -0.0092 0.0029 0.0116
v  -0.0119 0.0023 0.0071
v  -0.0121 0.0018 0.0048
v  -0.0099 0.0007 0.0049
v  -0.0097 0.0013 0.0072
v  -0.0122 0.0015 0.0024
v  -0.0123 0.0014 -0.0000
v  -0.0100 0.0003 -0.0000
v  -0.0100 0.0004 0.0025
v  -0.0068 0.0048 0.0158
v  -0.0067 0.0064 0.0175
v  -0.0069 0.0035 0.0139
v  -0.0047 0.0030 0.0142
v  -0.0046 0.0044 0.0161
v  -0.0046 0.0060 0.0179
v  -0.0071 0.0023 0.0119
v  -0.0072 0.0013 0.0097
v  -0.0049 0.0007 0.0099
v  -0.0048 0.0018 0.0121
v  -0.0074 0.0005 0.0074
v  -0.0075 -0.0001 0.0050
v  -0.0051 -0.0007 0.0051
v  -0.0050 -0.0001 0.0075
v  -0.0076 -0.0004 0.0025
v  -0.0077 -0.0006 -0.0000
v  -0.0052 -0.0012 -0.0000
v  -0.0051 -0.0011 0.0026
v  -0.0023 0.0042 0.0163
v  -0.0023 0.0058 0.0181
v  -0.0023 0.0028 0.0143
v  0.0000 0.0027 0.0144
v  0.0000 0.0041 0.0163
v  0.0000 0.0057 0.0181
v  -0.0024 0.0015 0.0122
v  -0.0025 0.0004 0.0100
v  0.0000 0.0003 0.0100
v  0.0000 0.0014 0.0123
v  -0.0025 -0.0004 0.0076
v  -0.0026 -0.0011 0.0051
v  0.0000 -0.0012 0.0052
v  0.0000 -0.0006 0.0077
v  -0.0026 -0.0015 0.0026
v  -0.0026 -0.0016 -0.0000
v  0.0000 -0.0017 -0.0000
v  0.0000 -0.0016 0.0026
v  -0.0159 0.0080 -0.0124
v  -0.0153 0.0085 -0.0139
v  -0.0141 0.0076 -0.0141
v  -0.0145 0.0067 -0.0126
v  -0.0149 0.0090 -0.0149
v  -0.0139 0.0085 -0.0153
v  -0.0124 0.0080 -0.0159
v  -0.0126 0.0067 -0.0145
v  -0.0128 0.0057 -0.0128
v  -0.0108 0.0060 -0.0150
v  -0.0110 0.0048 -0.0132
v  -0.0107 0.0074 -0.0165
v  -0.0088 0.0068 -0.0171
v  -0.0089 0.0054 -0.0154
v  -0.0090 0.0041 -0.0136
v  -0.0068 0.0048 -0.0158
v  -0.0069 0.0035 -0.0139
v  -0.0067 0.0064 -0.0175
v  -0.0046 0.0060 -0.0179
v  -0.0046 0.0044 -0.0161
v  -0.0047 0.0030 -0.0142
v  -0.0023 0.0042 -0.0163
v  -0.0023 0.0028 -0.0143
v  -0.0023 0.0058 -0.0181
v  -0.0000 0.0057 -0.0181
v  -0.0000 0.0041 -0.0163
v  -0.0000 0.0027 -0.0144
v  -0.0171 0.0068 -0.0088
v  -0.0165 0.0074 -0.0107
v  -0.0150 0.0060 -0.0108
v  -0.0154 0.0054 -0.0089
v  -0.0132 0.0048 -0.0110
v  -0.0136 0.0041 -0.0090
v  -0.0113 0.0038 -0.0113
v  -0.0116 0.0029 -0.0092
v  -0.0092 0.0029 -0.0116
v  -0.0095 0.0020 -0.0095
v  -0.0071 0.0023 -0.0119
v  -0.0072 0.0013 -0.0097
v  -0.0048 0.0018 -0.0121
v  -0.0049 0.0007 -0.0099
v  -0.0024 0.0015 -0.0122
v  -0.0025 0.0004 -0.0100
v  -0.0000 0.0014 -0.0123
v  -0.0000 0.0003 -0.0100
v  -0.0179 0.0060 -0.0046
v  -0.0175 0.0064 -0.0067
v  -0.0158 0.0048 -0.0068
v  -0.0161 0.0044 -0.0046
v  -0.0139 0.0035 -0.0069
v  -0.0142 0.0030 -0.0047
v  -0.0119 0.0023 -0.0071
v  -0.0121 0.0018 -0.0048
v  -0.0097 0.0013 -0.0072
v  -0.0099 0.0007 -0.0049
v  -0.0074 0.0005 -0.0074
v  -0.0075 -0.0001 -0.0050
v  -0.0050 -0.0001 -0.0075
v  -0.0051 -0.0007 -0.0051
v  -0.0025 -0.0004 -0.0076
v  -0.0026 -0.0011 -0.0051
v  -0.0000 -0.0006 -0.0077
v  -0.0000 -0.0012 -0.0052
v  -0.0181 0.0058 -0.0023
v  -0.0163 0.0042 -0.0023
v  -0.0143 0.0028 -0.0023
v  -0.0122 0.0015 -0.0024
v  -0.0100 0.0004 -0.0025
v  -0.0076 -0.0004 -0.0025
v  -0.0051 -0.0011 -0.0026
v  -0.0026 -0.0015 -0.0026
v  -0.0000 -0.0016 -0.0026
v  0.0149 0.0090 -0.0149
v  0.0153 0.0085 -0.0139
v  0.0141 0.0076 -0.0141
v  0.0139 0.0085 -0.0153
v  0.0159 0.0080 -0.0124
v  0.0145 0.0067 -0.0126
v  0.0128 0.0057 -0.0128
v  0.0126 0.0067 -0.0145
v  0.0124 0.0080 -0.0159
v  0.0165 0.0074 -0.0107
v  0.0150 0.0060 -0.0108
v  0.0171 0.0068 -0.0088
v  0.0154 0.0054 -0.0089
v  0.0136 0.0041 -0.0090
v  0.0132 0.0048 -0.0110
v  0.0175 0.0064 -0.0067
v  0.0158 0.0048 -0.0068
v  0.0179 0.0060 -0.0046
v  0.0161 0.0044 -0.0046
v  0.0142 0.0030 -0.0047
v  0.0139 0.0035 -0.0069
v  0.0181 0.0058 -0.0023
v  0.0163 0.0042 -0.0023
v  0.0181 0.0057 -0.0000
v  0.0163 0.0041 0.0000
v  0.0144 0.0027 0.0000
v  0.0143 0.0028 -0.0023
v  0.0108 0.0060 -0.0150
v  0.0107 0.0074 -0.0165
v  0.0110 0.0048 -0.0132
v  0.0090 0.0041 -0.0136
v  0.0089 0.0054 -0.0154
v  0.0088 0.0068 -0.0171
v  0.0113 0.0038 -0.0113
v  0.0116 0.0029 -0.0092
v  0.0095 0.0020 -0.0095
v  0.0092 0.0029 -0.0116
v  0.0119 0.0023 -0.0071
v  0.0121 0.0018 -0.0048
v  0.0099 0.0007 -0.0049
v  0.0097 0.0013 -0.0072
v  0.0122 0.0015 -0.0024
v  0.0123 0.0014 0.0000
v  0.0100 0.0003 0.0000
v  0.0100 0.0004 -0.0025
v  0.0068 0.0048 -0.0158
v  0.0067 0.0064 -0.0175
v  0.0069 0.0035 -0.0139
v  0.0047 0.0030 -0.0142
v  0.0046 0.0044 -0.0161
v  0.0046 0.0060 -0.0179
v  0.0071 0.0023 -0.0119
v  0.0072 0.0013 -0.0097
v  0.0049 0.0007 -0.0099
v  0.0048 0.0018 -0.0121
v  0.0074 0.0005 -0.0074
v  0.0075 -0.0001 -0.0050
v  0.0051 -0.0007 -0.0051
v  0.0050 -0.0001 -0.0075
v  0.0076 -0.0004 -0.0025
v  0.0077 -0.0006 0.0000
v  0.0052 -0.0012 0.0000
v  0.0051 -0.0011 -0.0026
v  0.0023 0.0042 -0.0163
v  0.0023 0.0058 -0.0181
v  0.0023 0.0028 -0.0143
v  0.0024 0.0015 -0.0122
v  0.0025 0.0004 -0.0100
v  0.0025 -0.0004 -0.0076
v  0.0026 -0.0011 -0.0051
v  0.0026 -0.0015 -0.0026
v  0.0026 -0.0016 0.0000
v  0.0159 0.0080 0.0124
v  0.0153 0.0085 0.0139
v  0.0141 0.0076 0.0141
v  0.0145 0.0067 0.0126
v  0.0149 0.0090 0.0149
v  0.0139 0.0085 0.0153
v  0.0124 0.0080 0.0159
v  0.0126 0.0067 0.0145
v  0.0128 0.0057 0.0128
v  0.0108 0.0060 0.0150
v  0.0110 0.0048 0.0132
v  0.0107 0.0074 0.0165
v  0.0088 0.0068 0.0171
v  0.0089 0.0054 0.0154
v  0.0090 0.0041 0.0136
v  0.0068 0.0048 0.0158
v  0.0069 0.0035 0.0139
v  0.0067 0.0064 0.0175
v  0.0046 0.0060 0.0179
v  0.0046 0.0044 0.0161
v  0.0047 0.0030 0.0142
v  0.0023 0.0042 0.0163
v  0.0023 0.0028 0.0143
v  0.0023 0.0058 0.0181
v  0.0171 0.0068 0.0088
v  0.0165 0.0074 0.0107
v  0.0150 0.0060 0.0108
v  0.0154 0.0054 0.0089
v  0.0132 0.0048 0.0110
v  0.0136 0.0041 0.0090
v  0.0113 0.0038 0.0113
v  0.0116 0.0029 0.0092
v  0.0092 0.0029 0.0116
v  0.0095 0.0020 0.0095
v  0.0071 0.0023 0.0119
v  0.0072 0.0013 0.0097
v  0.0048 0.0018 0.0121
v  0.0049 0.0007 0.0099
v  0.0024 0.0015 0.0122
v  0.0025 0.0004 0.0100
v  0.0179 0.0060 0.0046
v  0.0175 0.0064 0.0067
v  0.0158 0.0048 0.0068
v  0.0161 0.0044 0.0046
v  0.0139 0.0035 0.0069
v  0.0142 0.0030 0.0047
v  0.0119 0.0023 0.0071
v  0.0121 0.0018 0.0048
v  0.0097 0.0013 0.0072
v  0.0099 0.0007 0.0049
v  0.0074 0.0005 0.0074
v  0.0075 -0.0001 0.0050
v  0.0050 -0.0001 0.0075
v  0.0051 -0.0007 0.0051
v  0.0025 -0.0004 0.0076
v  0.0026 -0.0011 0.0051
v  0.0181 0.0058 0.0023
v  0.0163 0.0042 0.0023
v  0.0143 0.0028 0.0023
v  0.0122 0.0015 0.0024
v  0.0100 0.0004 0.0025
v  0.0076 -0.0004 0.0025
v  0.0051 -0.0011 0.0026
v  0.0026 -0.0015 0.0026
v  -0.0149 0.0388 0.0149
v  -0.0139 0.0392 0.0153
v  -0.0141 0.0402 0.0141
v  -0.0153 0.0392 0.0139
v  -0.0124 0.0398 0.0159
v  -0.0126 0.0410 0.0145
v  -0.0128 0.0421 0.0128
v  -0.0145 0.0410 0.0126
v  -0.0159 0.0398 0.0124
v  -0.0107 0.0404 0.0165
v  -0.0108 0.0418 0.0150
v  -0.0088 0.0409 0.0171
v  -0.0089 0.0424 0.0154
v  -0.0090 0.0437 0.0136
v  -0.0110 0.0430 0.0132
v  -0.0067 0.0414 0.0175
v  -0.0068 0.0429 0.0158
v  -0.0046 0.0417 0.0179
v  -0.0046 0.0433 0.0161
v  -0.0047 0.0448 0.0142
v  -0.0069 0.0443 0.0139
v  -0.0023 0.0420 0.0181
v  -0.0023 0.0436 0.0163
v  -0.0000 0.0420 0.0181
v  0.0000 0.0437 0.0163
v  0.0000 0.0451 0.0144
v  -0.0023 0.0450 0.0143
v  -0.0150 0.0418 0.0108
v  -0.0165 0.0404 0.0107
v  -0.0132 0.0430 0.0110
v  -0.0136 0.0437 0.0090
v  -0.0154 0.0424 0.0089
v  -0.0171 0.0409 0.0088
v  -0.0113 0.0440 0.0113
v  -0.0092 0.0448 0.0116
v  -0.0095 0.0458 0.0095
v  -0.0116 0.0448 0.0092
v  -0.0071 0.0455 0.0119
v  -0.0048 0.0460 0.0121
v  -0.0049 0.0470 0.0099
v  -0.0072 0.0465 0.0097
v  -0.0024 0.0463 0.0122
v  0.0000 0.0464 0.0123
v  0.0000 0.0475 0.0100
v  -0.0025 0.0474 0.0100
v  -0.0158 0.0429 0.0068
v  -0.0175 0.0414 0.0067
v  -0.0139 0.0443 0.0069
v  -0.0142 0.0448 0.0047
v  -0.0161 0.0433 0.0046
v  -0.0179 0.0417 0.0046
v  -0.0119 0.0455 0.0071
v  -0.0097 0.0465 0.0072
v  -0.0099 0.0470 0.0049
v  -0.0121 0.0460 0.0048
v  -0.0074 0.0473 0.0074
v  -0.0050 0.0479 0.0075
v  -0.0051 0.0485 0.0051
v  -0.0075 0.0479 0.0050
v  -0.0025 0.0482 0.0076
v  0.0000 0.0483 0.0077
v  0.0000 0.0490 0.0052
v  -0.0026 0.0488 0.0051
v  -0.0163 0.0436 0.0023
v  -0.0181 0.0420 0.0023
v  -0.0143 0.0450 0.0023
v  -0.0144 0.0451 -0.0000
v  -0.0163 0.0437 -0.0000
v  -0.0181 0.0420 -0.0000
v  -0.0122 0.0463 0.0024
v  -0.0100 0.0474 0.0025
v  -0.0100 0.0475 -0.0000
v  -0.0123 0.0464 -0.0000
v  -0.0076 0.0482 0.0025
v  -0.0051 0.0488 0.0026
v  -0.0052 0.0490 -0.0000
v  -0.0077 0.0483 -0.0000
v  -0.0026 0.0492 0.0026
v  0.0000 0.0494 0.0026
v  0.0000 0.0495 -0.0000
v  -0.0026 0.0494 -0.0000
v  0.0124 0.0398 0.0159
v  0.0139 0.0392 0.0153
v  0.0141 0.0402 0.0141
v  0.0126 0.0410 0.0145
v  0.0149 0.0388 0.0149
v  0.0153 0.0392 0.0139
v  0.0159 0.0398 0.0124
v  0.0145 0.0410 0.0126
v  0.0128 0.0421 0.0128
v  0.0150 0.0418 0.0108
v  0.0132 0.0430 0.0110
v  0.0165 0.0404 0.0107
v  0.0171 0.0409 0.0088
v  0.0154 0.0424 0.0089
v  0.0136 0.0437 0.0090
v  0.0158 0.0429 0.0068
v  0.0139 0.0443 0.0069
v  0.0175 0.0414 0.0067
v  0.0179 0.0417 0.0046
v  0.0161 0.0433 0.0046
v  0.0142 0.0448 0.0047
v  0.0163 0.0436 0.0023
v  0.0143 0.0450 0.0023
v  0.0181 0.0420 0.0023
v  0.0181 0.0420 0.0000
v  0.0163 0.0437 0.0000
v  0.0144 0.0451 0.0000
v  0.0088 0.0409 0.0171
v  0.0107 0.0404 0.0165
v  0.0108 0.0418 0.0150
v  0.0089 0.0424 0.0154
v  0.0110 0.0430 0.0132
v  0.0090 0.0437 0.0136
v  0.0113 0.0440 0.0113
v  0.0092 0.0448 0.0116
v  0.0116 0.0448 0.0092
v  0.0095 0.0458 0.0095
v  0.0119 0.0455 0.0071
v  0.0097 0.0465 0.0072
v  0.0121 0.0460 0.0048
v  0.0099 0.0470 0.0049
v  0.0122 0.0463 0.0024
v  0.0100 0.0474 0.0025
v  0.0123 0.0464 0.0000
v  0.0100 0.0475 0.0000
v  0.0046 0.0417 0.0179
v  0.0067 0.0414 0.0175
v  0.0068 0.0429 0.0158
v  0.0046 0.0433 0.0161
v  0.0069 0.0443 0.0139
v  0.0047 0.0448 0.0142
v  0.0071 0.0455 0.0119
v  0.0048 0.0460 0.0121
v  0.0072 0.0465 0.0097
v  0.0049 0.0470 0.0099
v  0.0074 0.0473 0.0074
v  0.0050 0.0479 0.0075
v  0.0075 0.0479 0.0050
v  0.0051 0.0485 0.0051
v  0.0076 0.0482 0.0025
v  0.0051 0.0488 0.0026
v  0.0077 0.0483 0.0000
v  0.0052 0.0490 0.0000
v  0.0023 0.0420 0.0181
v  0.0023 0.0436 0.0163
v  0.0023 0.0450 0.0143
v  0.0024 0.0463 0.0122
v  0.0025 0.0474 0.0100
v  0.0025 0.0482 0.0076
v  0.0026 0.0488 0.0051
v  0.0026 0.0492 0.0026
v  0.0026 0.0494 0.0000
v  0.0149 0.0388 -0.0149
v  0.0139 0.0392 -0.0153
v  0.0141 0.0402 -0.0141
v  0.0153 0.0392 -0.0139
v  0.0124 0.0398 -0.0159
v  0.0126 0.0410 -0.0145
v  0.0128 0.0421 -0.0128
v  0.0145 0.0410 -0.0126
v  0.0159 0.0398 -0.0124
v  0.0107 0.0404 -0.0165
v  0.0108 0.0418 -0.0150
v  0.0088 0.0409 -0.0171
v  0.0089 0.0424 -0.0154
v  0.0090 0.0437 -0.0136
v  0.0110 0.0430 -0.0132
v  0.0067 0.0414 -0.0175
v  0.0068 0.0429 -0.0158
v  0.0046 0.0417 -0.0179
v  0.0046 0.0433 -0.0161
v  0.0047 0.0448 -0.0142
v  0.0069 0.0443 -0.0139
v  0.0023 0.0420 -0.0181
v  0.0023 0.0436 -0.0163
v  0.0000 0.0420 -0.0181
v  -0.0000 0.0437 -0.0163
v  -0.0000 0.0451 -0.0144
v  0.0023 0.0450 -0.0143
v  0.0150 0.0418 -0.0108
v  0.0165 0.0404 -0.0107
v  0.0132 0.0430 -0.0110
v  0.0136 0.0437 -0.0090
v  0.0154 0.0424 -0.0089
v  0.0171 0.0409 -0.0088
v  0.0113 0.0440 -0.0113
v  0.0092 0.0448 -0.0116
v  0.0095 0.0458 -0.0095
v  0.0116 0.0448 -0.0092
v  0.0071 0.0455 -0.0119
v  0.0048 0.0460 -0.0121
v  0.0049 0.0470 -0.0099
v  0.0072 0.0465 -0.0097
v  0.0024 0.0463 -0.0122
v  -0.0000 0.0464 -0.0123
v  -0.0000 0.0475 -0.0100
v  0.0025 0.0474 -0.0100
v  0.0158 0.0429 -0.0068
v  0.0175 0.0414 -0.0067
v  0.0139 0.0443 -0.0069
v  0.0142 0.0448 -0.0047
v  0.0161 0.0433 -0.0046
v  0.0179 0.0417 -0.0046
v  0.0119 0.0455 -0.0071
v  0.0097 0.0465 -0.0072
v  0.0099 0.0470 -0.0049
v  0.0121 0.0460 -0.0048
v  0.0074 0.0473 -0.0074
v  0.0050 0.0479 -0.0075
v  0.0051 0.0485 -0.0051
v  0.0075 0.0479 -0.0050
v  0.0025 0.0482 -0.0076
v  -0.0000 0.0483 -0.0077
v  -0.0000 0.0490 -0.0052
v  0.0026 0.0488 -0.0051
v  0.0163 0.0436 -0.0023
v  0.0181 0.0420 -0.0023
v  0.0143 0.0450 -0.0023
v  0.0122 0.0463 -0.0024
v  0.0100 0.0474 -0.0025
v  0.0076 0.0482 -0.0025
v  0.0051 0.0488 -0.0026
v  0.0026 0.0492 -0.0026
v  -0.0000 0.0494 -0.0026
v  -0.0124 0.0398 -0.0159
v  -0.0139 0.0392 -0.0153
v  -0.0141 0.0402 -0.0141
v  -0.0126 0.0410 -0.0145
v  -0.0149 0.0388 -0.0149
v  -0.0153 0.0392 -0.0139
v  -0.0159 0.0398 -0.0124
v  -0.0145 0.0410 -0.0126
v  -0.0128 0.0421 -0.0128
v  -0.0150 0.0418 -0.0108
v  -0.0132 0.0430 -0.0110
v  -0.0165 0.0404 -0.0107
v  -0.0171 0.0409 -0.0088
v  -0.0154 0.0424 -0.0089
v  -0.0136 0.0437 -0.0090
v  -0.0158 0.0429 -0.0068
v  -0.0139 0.0443 -0.0069
v  -0.0175 0.0414 -0.0067
v  -0.0179 0.0417 -0.0046
v  -0.0161 0.0433 -0.0046
v  -0.0142 0.0448 -0.0047
v  -0.0163 0.0436 -0.0023
v  -0.0143 0.0450 -0.0023
v  -0.0181 0.0420 -0.0023
v  -0.0088 0.0409 -0.0171
v  -0.0107 0.0404 -0.0165
v  -0.0108 0.0418 -0.0150
v  -0.0089 0.0424 -0.0154
v  -0.0110 0.0430 -0.0132
v  -0.0090 0.0437 -0.0136
v  -0.0113 0.0440 -0.0113
v  -0.0092 0.0448 -0.0116
v  -0.0116 0.0448 -0.0092
v  -0.0095 0.0458 -0.0095
v  -0.0119 0.0455 -0.0071
v  -0.0097 0.0465 -0.0072
v  -0.0121 0.0460 -0.0048
v  -0.0099 0.0470 -0.0049
v  -0.0122 0.0463 -0.0024
v  -0.0100 0.0474 -0.0025
v  -0.0046 0.0417 -0.0179
v  -0.0067 0.0414 -0.0175
v  -0.0068 0.0429 -0.0158
v  -0.0046 0.0433 -0.0161
v  -0.0069 0.0443 -0.0139
v  -0.0047 0.0448 -0.0142
v  -0.0071 0.0455 -0.0119
v  -0.0048 0.0460 -0.0121
v  -0.0072 0.0465 -0.0097
v  -0.0049 0.0470 -0.0099
v  -0.0074 0.0473 -0.0074
v  -0.0050 0.0479 -0.0075
v  -0.0075 0.0479 -0.0050
v  -0.0051 0.0485 -0.0051
v  -0.0076 0.0482 -0.0025
v  -0.0051 0.0488 -0.0026
v  -0.0023 0.0420 -0.0181
v  -0.0023 0.0436 -0.0163
v  -0.0023 0.0450 -0.0143
v  -0.0024 0.0463 -0.0122
v  -0.0025 0.0474 -0.0100
v  -0.0025 0.0482 -0.0076
v  -0.0026 0.0488 -0.0051
v  -0.0026 0.0492 -0.0026
v  -0.0141 0.0098 0.0163
v  -0.0153 0.0100 0.0153
v  -0.0126 0.0094 0.0172
v  -0.0128 0.0110 0.0182
v  -0.0145 0.0113 0.0172
v  -0.0159 0.0114 0.0159
v  -0.0108 0.0089 0.0179
v  -0.0089 0.0085 0.0185
v  -0.0090 0.0103 0.0198
v  -0.0110 0.0107 0.0191
v  -0.0068 0.0081 0.0191
v  -0.0046 0.0078 0.0194
v  -0.0047 0.0097 0.0209
v  -0.0069 0.0100 0.0204
v  -0.0023 0.0076 0.0197
v  0.0000 0.0075 0.0198
v  0.0000 0.0095 0.0212
v  -0.0023 0.0095 0.0211
v  -0.0150 0.0131 0.0179
v  -0.0165 0.0132 0.0165
v  -0.0132 0.0129 0.0191
v  -0.0136 0.0149 0.0198
v  -0.0154 0.0150 0.0185
v  -0.0171 0.0151 0.0171
v  -0.0113 0.0126 0.0201
v  -0.0092 0.0123 0.0209
v  -0.0095 0.0144 0.0219
v  -0.0116 0.0146 0.0209
v  -0.0071 0.0120 0.0216
v  -0.0048 0.0118 0.0221
v  -0.0049 0.0140 0.0232
v  -0.0072 0.0142 0.0226
v  -0.0024 0.0117 0.0224
v  0.0000 0.0116 0.0225
v  0.0000 0.0138 0.0236
v  -0.0025 0.0139 0.0235
v  -0.0158 0.0171 0.0191
v  -0.0175 0.0171 0.0175
v  -0.0139 0.0170 0.0204
v  -0.0142 0.0192 0.0209
v  -0.0161 0.0193 0.0194
v  -0.0179 0.0193 0.0179
v  -0.0119 0.0168 0.0216
v  -0.0097 0.0167 0.0226
v  -0.0099 0.0190 0.0232
v  -0.0121 0.0191 0.0221
v  -0.0074 0.0165 0.0234
v  -0.0050 0.0164 0.0240
v  -0.0051 0.0188 0.0246
v  -0.0075 0.0189 0.0240
v  -0.0025 0.0163 0.0243
v  0.0000 0.0162 0.0244
v  0.0000 0.0187 0.0251
v  -0.0026 0.0187 0.0250
v  -0.0163 0.0216 0.0197
v  -0.0181 0.0216 0.0181
v  -0.0143 0.0215 0.0211
v  -0.0144 0.0239 0.0212
v  -0.0163 0.0239 0.0198
v  -0.0181 0.0239 0.0181
v  -0.0122 0.0215 0.0224
v  -0.0100 0.0214 0.0235
v  -0.0100 0.0239 0.0236
v  -0.0123 0.0239 0.0225
v  -0.0076 0.0214 0.0243
v  -0.0051 0.0213 0.0250
v  -0.0052 0.0239 0.0251
v  -0.0077 0.0239 0.0244
v  -0.0026 0.0213 0.0253
v  0.0000 0.0213 0.0255
v  0.0000 0.0239 0.0256
v  -0.0026 0.0239 0.0255
v  0.0141 0.0098 0.0163
v  0.0126 0.0094 0.0172
v  0.0153 0.0100 0.0153
v  0.0159 0.0114 0.0159
v  0.0145 0.0113 0.0172
v  0.0128 0.0110 0.0182
v  0.0150 0.0131 0.0179
v  0.0132 0.0129 0.0191
v  0.0165 0.0132 0.0165
v  0.0171 0.0151 0.0171
v  0.0154 0.0150 0.0185
v  0.0136 0.0149 0.0198
v  0.0158 0.0171 0.0191
v  0.0139 0.0170 0.0204
v  0.0175 0.0171 0.0175
v  0.0179 0.0193 0.0179
v  0.0161 0.0193 0.0194
v  0.0142 0.0192 0.0209
v  0.0163 0.0216 0.0197
v  0.0143 0.0215 0.0211
v  0.0181 0.0216 0.0181
v  0.0181 0.0239 0.0181
v  0.0163 0.0239 0.0198
v  0.0144 0.0239 0.0212
v  0.0108 0.0089 0.0179
v  0.0089 0.0085 0.0185
v  0.0110 0.0107 0.0191
v  0.0090 0.0103 0.0198
v  0.0113 0.0126 0.0201
v  0.0092 0.0123 0.0209
v  0.0116 0.0146 0.0209
v  0.0095 0.0144 0.0219
v  0.0119 0.0168 0.0216
v  0.0097 0.0167 0.0226
v  0.0121 0.0191 0.0221
v  0.0099 0.0190 0.0232
v  0.0122 0.0215 0.0224
v  0.0100 0.0214 0.0235
v  0.0123 0.0239 0.0225
v  0.0100 0.0239 0.0236
v  0.0068 0.0081 0.0191
v  0.0046 0.0078 0.0194
v  0.0069 0.0100 0.0204
v  0.0047 0.0097 0.0209
v  0.0071 0.0120 0.0216
v  0.0048 0.0118 0.0221
v  0.0072 0.0142 0.0226
v  0.0049 0.0140 0.0232
v  0.0074 0.0165 0.0234
v  0.0050 0.0164 0.0240
v  0.0075 0.0189 0.0240
v  0.0051 0.0188 0.0246
v  0.0076 0.0214 0.0243
v  0.0051 0.0213 0.0250
v  0.0077 0.0239 0.0244
v  0.0052 0.0239 0.0251
v  0.0023 0.0076 0.0197
v  0.0023 0.0095 0.0211
v  0.0024 0.0117 0.0224
v  0.0025 0.0139 0.0235
v  0.0025 0.0163 0.0243
v  0.0026 0.0187 0.0250
v  0.0026 0.0213 0.0253
v  0.0026 0.0239 0.0255
v  0.0141 0.0380 0.0163
v  0.0153 0.0378 0.0153
v  0.0126 0.0384 0.0172
v  0.0128 0.0367 0.0182
v  0.0145 0.0364 0.0172
v  0.0159 0.0363 0.0159
v  0.0108 0.0388 0.0179
v  0.0089 0.0393 0.0185
v  0.0090 0.0375 0.0198
v  0.0110 0.0371 0.0191
v  0.0068 0.0397 0.0191
v  0.0046 0.0400 0.0194
v  0.0047 0.0381 0.0209
v  0.0069 0.0378 0.0204
v  0.0023 0.0402 0.0197
v  -0.0000 0.0402 0.0198
v  -0.0000 0.0383 0.0212
v  0.0023 0.0382 0.0211
v  0.0150 0.0347 0.0179
v  0.0165 0.0346 0.0165
v  0.0132 0.0349 0.0191
v  0.0136 0.0329 0.0198
v  0.0154 0.0328 0.0185
v  0.0171 0.0327 0.0171
v  0.0113 0.0352 0.0201
v  0.0092 0.0355 0.0209
v  0.0095 0.0334 0.0219
v  0.0116 0.0331 0.0209
v  0.0071 0.0358 0.0216
v  0.0048 0.0360 0.0221
v  0.0049 0.0338 0.0232
v  0.0072 0.0336 0.0226
v  0.0024 0.0361 0.0224
v  -0.0000 0.0362 0.0225
v  -0.0000 0.0339 0.0236
v  0.0025 0.0339 0.0235
v  0.0158 0.0307 0.0191
v  0.0175 0.0306 0.0175
v  0.0139 0.0308 0.0204
v  0.0142 0.0285 0.0209
v  0.0161 0.0285 0.0194
v  0.0179 0.0284 0.0179
v  0.0119 0.0309 0.0216
v  0.0097 0.0311 0.0226
v  0.0099 0.0288 0.0232
v  0.0121 0.0286 0.0221
v  0.0074 0.0313 0.0234
v  0.0050 0.0314 0.0240
v  0.0051 0.0290 0.0246
v  0.0075 0.0289 0.0240
v  0.0025 0.0315 0.0243
v  -0.0000 0.0315 0.0244
v  -0.0000 0.0291 0.0251
v  0.0026 0.0290 0.0250
v  0.0163 0.0262 0.0197
v  0.0181 0.0262 0.0181
v  0.0143 0.0262 0.0211
v  0.0122 0.0263 0.0224
v  0.0100 0.0263 0.0235
v  0.0076 0.0264 0.0243
v  0.0051 0.0264 0.0250
v  0.0026 0.0265 0.0253
v  -0.0000 0.0265 0.0255
v  -0.0141 0.0380 0.0163
v  -0.0126 0.0384 0.0172
v  -0.0153 0.0378 0.0153
v  -0.0159 0.0363 0.0159
v  -0.0145 0.0364 0.0172
v  -0.0128 0.0367 0.0182
v  -0.0150 0.0347 0.0179
v  -0.0132 0.0349 0.0191
v  -0.0165 0.0346 0.0165
v  -0.0171 0.0327 0.0171
v  -0.0154 0.0328 0.0185
v  -0.0136 0.0329 0.0198
v  -0.0158 0.0307 0.0191
v  -0.0139 0.0308 0.0204
v  -0.0175 0.0306 0.0175
v  -0.0179 0.0284 0.0179
v  -0.0161 0.0285 0.0194
v  -0.0142 0.0285 0.0209
v  -0.0163 0.0262 0.0197
v  -0.0143 0.0262 0.0211
v  -0.0181 0.0262 0.0181
v  -0.0108 0.0388 0.0179
v  -0.0089 0.0393 0.0185
v  -0.0110 0.0371 0.0191
v  -0.0090 0.0375 0.0198
v  -0.0113 0.0352 0.0201
v  -0.0092 0.0355 0.0209
v  -0.0116 0.0331 0.0209
v  -0.0095 0.0334 0.0219
v  -0.0119 0.0309 0.0216
v  -0.0097 0.0311 0.0226
v  -0.0121 0.0286 0.0221
v  -0.0099 0.0288 0.0232
v  -0.0122 0.0263 0.0224
v  -0.0100 0.0263 0.0235
v  -0.0068 0.0397 0.0191
v  -0.0046 0.0400 0.0194
v  -0.0069 0.0378 0.0204
v  -0.0047 0.0381 0.0209
v  -0.0071 0.0358 0.0216
v  -0.0048 0.0360 0.0221
v  -0.0072 0.0336 0.0226
v  -0.0049 0.0338 0.0232
v  -0.0074 0.0313 0.0234
v  -0.0050 0.0314 0.0240
v  -0.0075 0.0289 0.0240
v  -0.0051 0.0290 0.0246
v  -0.0076 0.0264 0.0243
v  -0.0051 0.0264 0.0250
v  -0.0023 0.0402 0.0197
v  -0.0023 0.0382 0.0211
v  -0.0024 0.0361 0.0224
v  -0.0025 0.0339 0.0235
v  -0.0025 0.0315 0.0243
v  -0.0026 0.0290 0.0250
v  -0.0026 0.0265 0.0253
v  0.0163 0.0098 0.0141
v  0.0172 0.0094 0.0126
v  0.0182 0.0110 0.0128
v  0.0172 0.0113 0.0145
v  0.0179 0.0089 0.0108
v  0.0185 0.0085 0.0089
v  0.0198 0.0103 0.0090
v  0.0191 0.0107 0.0110
v  0.0191 0.0081 0.0068
v  0.0194 0.0078 0.0046
v  0.0209 0.0097 0.0047
v  0.0204 0.0100 0.0069
v  0.0197 0.0076 0.0023
v  0.0198 0.0075 -0.0000
v  0.0212 0.0095 -0.0000
v  0.0211 0.0095 0.0023
v  0.0179 0.0131 0.0150
v  0.0191 0.0129 0.0132
v  0.0198 0.0149 0.0136
v  0.0185 0.0150 0.0154
v  0.0201 0.0126 0.0113
v  0.0209 0.0123 0.0092
v  0.0219 0.0144 0.0095
v  0.0209 0.0146 0.0116
v  0.0216 0.0120 0.0071
v  0.0221 0.0118 0.0048
v  0.0232 0.0140 0.0049
v  0.0226 0.0142 0.0072
v  0.0224 0.0117 0.0024
v  0.0225 0.0116 -0.0000
v  0.0236 0.0138 -0.0000
v  0.0235 0.0139 0.0025
v  0.0191 0.0171 0.0158
v  0.0204 0.0170 0.0139
v  0.0209 0.0192 0.0142
v  0.0194 0.0193 0.0161
v  0.0216 0.0168 0.0119
v  0.0226 0.0167 0.0097
v  0.0232 0.0190 0.0099
v  0.0221 0.0191 0.0121
v  0.0234 0.0165 0.0074
v  0.0240 0.0164 0.0050
v  0.0246 0.0188 0.0051
v  0.0240 0.0189 0.0075
v  0.0243 0.0163 0.0025
v  0.0244 0.0162 -0.0000
v  0.0251 0.0187 -0.0000
v  0.0250 0.0187 0.0026
v  0.0197 0.0216 0.0163
v  0.0211 0.0215 0.0143
v  0.0212 0.0239 0.0144
v  0.0198 0.0239 0.0163
v  0.0224 0.0215 0.0122
v  0.0235 0.0214 0.0100
v  0.0236 0.0239 0.0100
v  0.0225 0.0239 0.0123
v  0.0243 0.0214 0.0076
v  0.0250 0.0213 0.0051
v  0.0251 0.0239 0.0052
v  0.0244 0.0239 0.0077
v  0.0253 0.0213 0.0026
v  0.0255 0.0213 -0.0000
v  0.0256 0.0239 -0.0000
v  0.0255 0.0239 0.0026
v  0.0163 0.0098 -0.0141
v  0.0172 0.0094 -0.0126
v  0.0153 0.0100 -0.0153
v  0.0159 0.0114 -0.0159
v  0.0172 0.0113 -0.0145
v  0.0182 0.0110 -0.0128
v  0.0179 0.0131 -0.0150
v  0.0191 0.0129 -0.0132
v  0.0165 0.0132 -0.0165
v  0.0171 0.0151 -0.0171
v  0.0185 0.0150 -0.0154
v  0.0198 0.0149 -0.0136
v  0.0191 0.0171 -0.0158
v  0.0204 0.0170 -0.0139
v  0.0175 0.0171 -0.0175
v  0.0179 0.0193 -0.0179
v  0.0194 0.0193 -0.0161
v  0.0209 0.0192 -0.0142
v  0.0197 0.0216 -0.0163
v  0.0211 0.0215 -0.0143
v  0.0181 0.0216 -0.0181
v  0.0181 0.0239 -0.0181
v  0.0198 0.0239 -0.0163
v  0.0212 0.0239 -0.0144
v  0.0179 0.0089 -0.0108
v  0.0185 0.0085 -0.0089
v  0.0191 0.0107 -0.0110
v  0.0198 0.0103 -0.0090
v  0.0201 0.0126 -0.0113
v  0.0209 0.0123 -0.0092
v  0.0209 0.0146 -0.0116
v  0.0219 0.0144 -0.0095
v  0.0216 0.0168 -0.0119
v  0.0226 0.0167 -0.0097
v  0.0221 0.0191 -0.0121
v  0.0232 0.0190 -0.0099
v  0.0224 0.0215 -0.0122
v  0.0235 0.0214 -0.0100
v  0.0225 0.0239 -0.0123
v  0.0236 0.0239 -0.0100
v  0.0191 0.0081 -0.0068
v  0.0194 0.0078 -0.0046
v  0.0204 0.0100 -0.0069
v  0.0209 0.0097 -0.0047
v  0.0216 0.0120 -0.0071
v  0.0221 0.0118 -0.0048
v  0.0226 0.0142 -0.0072
v  0.0232 0.0140 -0.0049
v  0.0234 0.0165 -0.0074
v  0.0240 0.0164 -0.0050
v  0.0240 0.0189 -0.0075
v  0.0246 0.0188 -0.0051
v  0.0243 0.0214 -0.0076
v  0.0250 0.0213 -0.0051
v  0.0244 0.0239 -0.0077
v  0.0251 0.0239 -0.0052
v  0.0197 0.0076 -0.0023
v  0.0211 0.0095 -0.0023
v  0.0224 0.0117 -0.0024
v  0.0235 0.0139 -0.0025
v  0.0243 0.0163 -0.0025
v  0.0250 0.0187 -0.0026
v  0.0253 0.0213 -0.0026
v  0.0255 0.0239 -0.0026
v  0.0163 0.0380 -0.0141
v  0.0153 0.0378 -0.0153
v  0.0172 0.0384 -0.0126
v  0.0182 0.0367 -0.0128
v  0.0172 0.0364 -0.0145
v  0.0159 0.0363 -0.0159
v  0.0179 0.0388 -0.0108
v  0.0185 0.0393 -0.0089
v  0.0198 0.0375 -0.0090
v  0.0191 0.0371 -0.0110
v  0.0191 0.0397 -0.0068
v  0.0194 0.0400 -0.0046
v  0.0209 0.0381 -0.0047
v  0.0204 0.0378 -0.0069
v  0.0197 0.0402 -0.0023
v  0.0198 0.0402 0.0000
v  0.0212 0.0383 0.0000
v  0.0211 0.0382 -0.0023
v  0.0179 0.0347 -0.0150
v  0.0165 0.0346 -0.0165
v  0.0191 0.0349 -0.0132
v  0.0198 0.0329 -0.0136
v  0.0185 0.0328 -0.0154
v  0.0171 0.0327 -0.0171
v  0.0201 0.0352 -0.0113
v  0.0209 0.0355 -0.0092
v  0.0219 0.0334 -0.0095
v  0.0209 0.0331 -0.0116
v  0.0216 0.0358 -0.0071
v  0.0221 0.0360 -0.0048
v  0.0232 0.0338 -0.0049
v  0.0226 0.0336 -0.0072
v  0.0224 0.0361 -0.0024
v  0.0225 0.0362 0.0000
v  0.0236 0.0339 0.0000
v  0.0235 0.0339 -0.0025
v  0.0191 0.0307 -0.0158
v  0.0175 0.0306 -0.0175
v  0.0204 0.0308 -0.0139
v  0.0209 0.0285 -0.0142
v  0.0194 0.0285 -0.0161
v  0.0179 0.0284 -0.0179
v  0.0216 0.0309 -0.0119
v  0.0226 0.0311 -0.0097
v  0.0232 0.0288 -0.0099
v  0.0221 0.0286 -0.0121
v  0.0234 0.0313 -0.0074
v  0.0240 0.0314 -0.0050
v  0.0246 0.0290 -0.0051
v  0.0240 0.0289 -0.0075
v  0.0243 0.0315 -0.0025
v  0.0244 0.0315 0.0000
v  0.0251 0.0291 0.0000
v  0.0250 0.0290 -0.0026
v  0.0197 0.0262 -0.0163
v  0.0181 0.0262 -0.0181
v  0.0211 0.0262 -0.0143
v  0.0224 0.0263 -0.0122
v  0.0235 0.0263 -0.0100
v  0.0243 0.0264 -0.0076
v  0.0250 0.0264 -0.0051
v  0.0253 0.0265 -0.0026
v  0.0255 0.0265 0.0000
v  0.0163 0.0380 0.0141
v  0.0172 0.0384 0.0126
v  0.0172 0.0364 0.0145
v  0.0182 0.0367 0.0128
v  0.0179 0.0347 0.0150
v  0.0191 0.0349 0.0132
v  0.0185 0.0328 0.0154
v  0.0198 0.0329 0.0136
v  0.0191 0.0307 0.0158
v  0.0204 0.0308 0.0139
v  0.0194 0.0285 0.0161
v  0.0209 0.0285 0.0142
v  0.0197 0.0262 0.0163
v  0.0211 0.0262 0.0143
v  0.0179 0.0388 0.0108
v  0.0185 0.0393 0.0089
v  0.0191 0.0371 0.0110
v  0.0198 0.0375 0.0090
v  0.0201 0.0352 0.0113
v  0.0209 0.0355 0.0092
v  0.0209 0.0331 0.0116
v  0.0219 0.0334 0.0095
v  0.0216 0.0309 0.0119
v  0.0226 0.0311 0.0097
v  0.0221 0.0286 0.0121
v  0.0232 0.0288 0.0099
v  0.0224 0.0263 0.0122
v  0.0235 0.0263 0.0100
v  0.0191 0.0397 0.0068
v  0.0194 0.0400 0.0046
v  0.0204 0.0378 0.0069
v  0.0209 0.0381 0.0047
v  0.0216 0.0358 0.0071
v  0.0221 0.0360 0.0048
v  0.0226 0.0336 0.0072
v  0.0232 0.0338 0.0049
v  0.0234 0.0313 0.0074
v  0.0240 0.0314 0.0050
v  0.0240 0.0289 0.0075
v  0.0246 0.0290 0.0051
v  0.0243 0.0264 0.0076
v  0.0250 0.0264 0.0051
v  0.0197 0.0402 0.0023
v  0.0211 0.0382 0.0023
v  0.0224 0.0361 0.0024
v  0.0235 0.0339 0.0025
v  0.0243 0.0315 0.0025
v  0.0250 0.0290 0.0026
v  0.0253 0.0265 0.0026
v  0.0141 0.0098 -0.0163
v  0.0126 0.0094 -0.0172
v  0.0128 0.0110 -0.0182
v  0.0145 0.0113 -0.0172
v  0.0108 0.0089 -0.0179
v  0.0089 0.0085 -0.0185
v  0.0090 0.0103 -0.0198
v  0.0110 0.0107 -0.0191
v  0.0068 0.0081 -0.0191
v  0.0046 0.0078 -0.0194
v  0.0047 0.0097 -0.0209
v  0.0069 0.0100 -0.0204
v  0.0023 0.0076 -0.0197
v  -0.0000 0.0075 -0.0198
v  -0.0000 0.0095 -0.0212
v  0.0023 0.0095 -0.0211
v  0.0150 0.0131 -0.0179
v  0.0132 0.0129 -0.0191
v  0.0136 0.0149 -0.0198
v  0.0154 0.0150 -0.0185
v  0.0113 0.0126 -0.0201
v  0.0092 0.0123 -0.0209
v  0.0095 0.0144 -0.0219
v  0.0116 0.0146 -0.0209
v  0.0071 0.0120 -0.0216
v  0.0048 0.0118 -0.0221
v  0.0049 0.0140 -0.0232
v  0.0072 0.0142 -0.0226
v  0.0024 0.0117 -0.0224
v  -0.0000 0.0116 -0.0225
v  -0.0000 0.0138 -0.0236
v  0.0025 0.0139 -0.0235
v  0.0158 0.0171 -0.0191
v  0.0139 0.0170 -0.0204
v  0.0142 0.0192 -0.0209
v  0.0161 0.0193 -0.0194
v  0.0119 0.0168 -0.0216
v  0.0097 0.0167 -0.0226
v  0.0099 0.0190 -0.0232
v  0.0121 0.0191 -0.0221
v  0.0074 0.0165 -0.0234
v  0.0050 0.0164 -0.0240
v  0.0051 0.0188 -0.0246
v  0.0075 0.0189 -0.0240
v  0.0025 0.0163 -0.0243
v  -0.0000 0.0162 -0.0244
v  -0.0000 0.0187 -0.0251
v  0.0026 0.0187 -0.0250
v  0.0163 0.0216 -0.0197
v  0.0143 0.0215 -0.0211
v  0.0144 0.0239 -0.0212
v  0.0163 0.0239 -0.0198
v  0.0122 0.0215 -0.0224
v  0.0100 0.0214 -0.0235
v  0.0100 0.0239 -0.0236
v  0.0123 0.0239 -0.0225
v  0.0076 0.0214 -0.0243
v  0.0051 0.0213 -0.0250
v  0.0052 0.0239 -0.0251
v  0.0077 0.0239 -0.0244
v  0.0026 0.0213 -0.0253
v  -0.0000 0.0213 -0.0255
v  -0.0000 0.0239 -0.0256
v  0.0026 0.0239 -0.0255
v  -0.0141 0.0098 -0.0163
v  -0.0126 0.0094 -0.0172
v  -0.0153 0.0100 -0.0153
v  -0.0159 0.0114 -0.0159
v  -0.0145 0.0113 -0.0172
v  -0.0128 0.0110 -0.0182
v  -0.0150 0.0131 -0.0179
v  -0.0132 0.0129 -0.0191
v  -0.0165 0.0132 -0.0165
v  -0.0171 0.0151 -0.0171
v  -0.0154 0.0150 -0.0185
v  -0.0136 0.0149 -0.0198
v  -0.0158 0.0171 -0.0191
v  -0.0139 0.0170 -0.0204
v  -0.0175 0.0171 -0.0175
v  -0.0179 0.0193 -0.0179
v  -0.0161 0.0193 -0.0194
v  -0.0142 0.0192 -0.0209
v  -0.0163 0.0216 -0.0197
v  -0.0143 0.0215 -0.0211
v  -0.0181 0.0216 -0.0181
v  -0.0181 0.0239 -0.0181
v  -0.0163 0.0239 -0.0198
v  -0.0144 0.0239 -0.0212
v  -0.0108 0.0089 -0.0179
v  -0.0089 0.0085 -0.0185
v  -0.0110 0.0107 -0.0191
v  -0.0090 0.0103 -0.0198
v  -0.0113 0.0126 -0.0201
v  -0.0092 0.0123 -0.0209
v  -0.0116 0.0146 -0.0209
v  -0.0095 0.0144 -0.0219
v  -0.0119 0.0168 -0.0216
v  -0.0097 0.0167 -0.0226
v  -0.0121 0.0191 -0.0221
v  -0.0099 0.0190 -0.0232
v  -0.0122 0.0215 -0.0224
v  -0.0100 0.0214 -0.0235
v  -0.0123 0.0239 -0.0225
v  -0.0100 0.0239 -0.0236
v  -0.0068 0.0081 -0.0191
v  -0.0046 0.0078 -0.0194
v  -0.0069 0.0100 -0.0204
v  -0.0047 0.0097 -0.0209
v  -0.0071 0.0120 -0.0216
v  -0.0048 0.0118 -0.0221
v  -0.0072 0.0142 -0.0226
v  -0.0049 0.0140 -0.0232
v  -0.0074 0.0165 -0.0234
v  -0.0050 0.0164 -0.0240
v  -0.0075 0.0189 -0.0240
v  -0.0051 0.0188 -0.0246
v  -0.0076 0.0214 -0.0243
v  -0.0051 0.0213 -0.0250
v  -0.0077 0.0239 -0.0244
v  -0.0052 0.0239 -0.0251
v  -0.0023 0.0076 -0.0197
v  -0.0023 0.0095 -0.0211
v  -0.0024 0.0117 -0.0224
v  -0.0025 0.0139 -0.0235
v  -0.0025 0.0163 -0.0243
v  -0.0026 0.0187 -0.0250
v  -0.0026 0.0213 -0.0253
v  -0.0026 0.0239 -0.0255
v  -0.0141 0.0380 -0.0163
v  -0.0153 0.0378 -0.0153
v  -0.0126 0.0384 -0.0172
v  -0.0128 0.0367 -0.0182
v  -0.0145 0.0364 -0.0172
v  -0.0159 0.0363 -0.0159
v  -0.0108 0.0388 -0.0179
v  -0.0089 0.0393 -0.0185
v  -0.0090 0.0375 -0.0198
v  -0.0110 0.0371 -0.0191
v  -0.0068 0.0397 -0.0191
v  -0.0046 0.0400 -0.0194
v  -0.0047 0.0381 -0.0209
v  -0.0069 0.0378 -0.0204
v  -0.0023 0.0402 -0.0197
v  0.0000 0.0402 -0.0198
v  0.0000 0.0383 -0.0212
v  -0.0023 0.0382 -0.0211
v  -0.0150 0.0347 -0.0179
v  -0.0165 0.0346 -0.0165
v  -0.0132 0.0349 -0.0191
v  -0.0136 0.0329 -0.0198
v  -0.0154 0.0328 -0.0185
v  -0.0171 0.0327 -0.0171
v  -0.0113 0.0352 -0.0201
v  -0.0092 0.0355 -0.0209
v  -0.0095 0.0334 -0.0219
v  -0.0116 0.0331 -0.0209
v  -0.0071 0.0358 -0.0216
v  -0.0048 0.0360 -0.0221
v  -0.0049 0.0338 -0.0232
v  -0.0072 0.0336 -0.0226
v  -0.0024 0.0361 -0.0224
v  0.0000 0.0362 -0.0225
v  0.0000 0.0339 -0.0236
v  -0.0025 0.0339 -0.0235
v  -0.0158 0.0307 -0.0191
v  -0.0175 0.0306 -0.0175
v  -0.0139 0.0308 -0.0204
v  -0.0142 0.0285 -0.0209
v  -0.0161 0.0285 -0.0194
v  -0.0179 0.0284 -0.0179
v  -0.0119 0.0309 -0.0216
v  -0.0097 0.0311 -0.0226
v  -0.0099 0.0288 -0.0232
v  -0.0121 0.0286 -0.0221
v  -0.0074 0.0313 -0.0234
v  -0.0050 0.0314 -0.0240
v  -0.0051 0.0290 -0.0246
v  -0.0075 0.0289 -0.0240
v  -0.0025 0.0315 -0.0243
v  0.0000 0.0315 -0.0244
v  0.0000 0.0291 -0.0251
v  -0.0026 0.0290 -0.0250
v  -0.0163 0.0262 -0.0197
v  -0.0181 0.0262 -0.0181
v  -0.0143 0.0262 -0.0211
v  -0.0122 0.0263 -0.0224
v  -0.0100 0.0263 -0.0235
v  -0.0076 0.0264 -0.0243
v  -0.0051 0.0264 -0.0250
v  -0.0026 0.0265 -0.0253
v  0.0000 0.0265 -0.0255
v  0.0141 0.0380 -0.0163
v  0.0126 0.0384 -0.0172
v  0.0145 0.0364 -0.0172
v  0.0128 0.0367 -0.0182
v  0.0150 0.0347 -0.0179
v  0.0132 0.0349 -0.0191
v  0.0154 0.0328 -0.0185
v  0.0136 0.0329 -0.0198
v  0.0158 0.0307 -0.0191
v  0.0139 0.0308 -0.0204
v  0.0161 0.0285 -0.0194
v  0.0142 0.0285 -0.0209
v  0.0163 0.0262 -0.0197
v  0.0143 0.0262 -0.0211
v  0.0108 0.0388 -0.0179
v  0.0089 0.0393 -0.0185
v  0.0110 0.0371 -0.0191
v  0.0090 0.0375 -0.0198
v  0.0113 0.0352 -0.0201
v  0.0092 0.0355 -0.0209
v  0.0116 0.0331 -0.0209
v  0.0095 0.0334 -0.0219
v  0.0119 0.0309 -0.0216
v  0.0097 0.0311 -0.0226
v  0.0121 0.0286 -0.0221
v  0.0099 0.0288 -0.0232
v  0.0122 0.0263 -0.0224
v  0.0100 0.0263 -0.0235
v  0.0068 0.0397 -0.0191
v  0.0046 0.0400 -0.0194
v  0.0069 0.0378 -0.0204
v  0.0047 0.0381 -0.0209
v  0.0071 0.0358 -0.0216
v  0.0048 0.0360 -0.0221
v  0.0072 0.0336 -0.0226
v  0.0049 0.0338 -0.0232
v  0.0074 0.0313 -0.0234
v  0.0050 0.0314 -0.0240
v  0.0075 0.0289 -0.0240
v  0.0051 0.0290 -0.0246
v  0.0076 0.0264 -0.0243
v  0.0051 0.0264 -0.0250
v  0.0023 0.0402 -0.0197
v  0.0023 0.0382 -0.0211
v  0.0024 0.0361 -0.0224
v  0.0025 0.0339 -0.0235
v  0.0025 0.0315 -0.0243
v  0.0026 0.0290 -0.0250
v  0.0026 0.0265 -0.0253
v  -0.0163 0.0098 -0.0141
v  -0.0172 0.0094 -0.0126
v  -0.0182 0.0110 -0.0128
v  -0.0172 0.0113 -0.0145
v  -0.0179 0.0089 -0.0108
v  -0.0185 0.0085 -0.0089
v  -0.0198 0.0103 -0.0090
v  -0.0191 0.0107 -0.0110
v  -0.0191 0.0081 -0.0068
v  -0.0194 0.0078 -0.0046
v  -0.0209 0.0097 -0.0047
v  -0.0204 0.0100 -0.0069
v  -0.0197 0.0076 -0.0023
v  -0.0198 0.0075 0.0000
v  -0.0212 0.0095 0.0000
v  -0.0211 0.0095 -0.0023
v  -0.0179 0.0131 -0.0150
v  -0.0191 0.0129 -0.0132
v  -0.0198 0.0149 -0.0136
v  -0.0185 0.0150 -0.0154
v  -0.0201 0.0126 -0.0113
v  -0.0209 0.0123 -0.0092
v  -0.0219 0.0144 -0.0095
v  -0.0209 0.0146 -0.0116
v  -0.0216 0.0120 -0.0071
v  -0.0221 0.0118 -0.0048
v  -0.0232 0.0140 -0.0049
v  -0.0226 0.0142 -0.0072
v  -0.0224 0.0117 -0.0024
v  -0.0225 0.0116 0.0000
v  -0.0236 0.0138 0.0000
v  -0.0235 0.0139 -0.0025
v  -0.0191 0.0171 -0.0158
v  -0.0204 0.0170 -0.0139
v  -0.0209 0.0192 -0.0142
v  -0.0194 0.0193 -0.0161
v  -0.0216 0.0168 -0.0119
v  -0.0226 0.0167 -0.0097
v  -0.0232 0.0190 -0.0099
v  -0.0221 0.0191 -0.0121
v  -0.0234 0.0165 -0.0074
v  -0.0240 0.0164 -0.0050
v  -0.0246 0.0188 -0.0051
v  -0.0240 0.0189 -0.0075
v  -0.0243 0.0163 -0.0025
v  -0.0244 0.0162 0.0000
v  -0.0251 0.0187 0.0000
v  -0.0250 0.0187 -0.0026
v  -0.0197 0.0216 -0.0163
v  -0.0211 0.0215 -0.0143
v  -0.0212 0.0239 -0.0144
v  -0.0198 0.0239 -0.0163
v  -0.0224 0.0215 -0.0122
v  -0.0235 0.0214 -0.0100
v  -0.0236 0.0239 -0.0100
v  -0.0225 0.0239 -0.0123
v  -0.0243 0.0214 -0.0076
v  -0.0250 0.0213 -0.0051
v  -0.0251 0.0239 -0.0052
v  -0.0244 0.0239 -0.0077
v  -0.0253 0.0213 -0.0026
v  -0.0255 0.0213 0.0000
v  -0.0256 0.0239 0.0000
v  -0.0255 0.0239 -0.0026
v  -0.0163 0.0098 0.0141
v  -0.0172 0.0094 0.0126
v  -0.0172 0.0113 0.0145
v  -0.0182 0.0110 0.0128
v  -0.0179 0.0131 0.0150
v  -0.0191 0.0129 0.0132
v  -0.0185 0.0150 0.0154
v  -0.0198 0.0149 0.0136
v  -0.0191 0.0171 0.0158
v  -0.0204 0.0170 0.0139
v  -0.0194 0.0193 0.0161
v  -0.0209 0.0192 0.0142
v  -0.0197 0.0216 0.0163
v  -0.0211 0.0215 0.0143
v  -0.0198 0.0239 0.0163
v  -0.0212 0.0239 0.0144
v  -0.0179 0.0089 0.0108
v  -0.0185 0.0085 0.0089
v  -0.0191 0.0107 0.0110
v  -0.0198 0.0103 0.0090
v  -0.0201 0.0126 0.0113
v  -0.0209 0.0123 0.0092
v  -0.0209 0.0146 0.0116
v  -0.0219 0.0144 0.0095
v  -0.0216 0.0168 0.0119
v  -0.0226 0.0167 0.0097
v  -0.0221 0.0191 0.0121
v  -0.0232 0.0190 0.0099
v  -0.0224 0.0215 0.0122
v  -0.0235 0.0214 0.0100
v  -0.0225 0.0239 0.0123
v  -0.0236 0.0239 0.0100
v  -0.0191 0.0081 0.0068
v  -0.0194 0.0078 0.0046
v  -0.0204 0.0100 0.0069
v  -0.0209 0.0097 0.0047
v  -0.0216 0.0120 0.0071
v  -0.0221 0.0118 0.0048
v  -0.0226 0.0142 0.0072
v  -0.0232 0.0140 0.0049
v  -0.0234 0.0165 0.0074
v  -0.0240 0.0164 0.0050
v  -0.0240 0.0189 0.0075
v  -0.0246 0.0188 0.0051
v  -0.0243 0.0214 0.0076
v  -0.0250 0.0213 0.0051
v  -0.0244 0.0239 0.0077
v  -0.0251 0.0239 0.0052
v  -0.0197 0.0076 0.0023
v  -0.0211 0.0095 0.0023
v  -0.0224 0.0117 0.0024
v  -0.0235 0.0139 0.0025
v  -0.0243 0.0163 0.0025
v  -0.0250 0.0187 0.0026
v  -0.0253 0.0213 0.0026
v  -0.0255 0.0239 0.0026
v  -0.0163 0.0380 0.0141
v  -0.0172 0.0384 0.0126
v  -0.0182 0.0367 0.0128
v  -0.0172 0.0364 0.0145
v  -0.0179 0.0388 0.0108
v  -0.0185 0.0393 0.0089
v  -0.0198 0.0375 0.0090
v  -0.0191 0.0371 0.0110
v  -0.0191 0.0397 0.0068
v  -0.0194 0.0400 0.0046
v  -0.0209 0.0381 0.0047
v  -0.0204 0.0378 0.0069
v  -0.0197 0.0402 0.0023
v  -0.0198 0.0402 -0.0000
v  -0.0212 0.0383 -0.0000
v  -0.0211 0.0382 0.0023
v  -0.0179 0.0347 0.0150
v  -0.0191 0.0349 0.0132
v  -0.0198 0.0329 0.0136
v  -0.0185 0.0328 0.0154
v  -0.0201 0.0352 0.0113
v  -0.0209 0.0355 0.0092
v  -0.0219 0.0334 0.0095
v  -0.0209 0.0331 0.0116
v  -0.0216 0.0358 0.0071
v  -0.0221 0.0360 0.0048
v  -0.0232 0.0338 0.0049
v  -0.0226 0.0336 0.0072
v  -0.0224 0.0361 0.0024
v  -0.0225 0.0362 -0.0000
v  -0.0236 0.0339 -0.0000
v  -0.0235 0.0339 0.0025
v  -0.0191 0.0307 0.0158
v  -0.0204 0.0308 0.0139
v  -0.0209 0.0285 0.0142
v  -0.0194 0.0285 0.0161
v  -0.0216 0.0309 0.0119
v  -0.0226 0.0311 0.0097
v  -0.0232 0.0288 0.0099
v  -0.0221 0.0286 0.0121
v  -0.0234 0.0313 0.0074
v  -0.0240 0.0314 0.0050
v  -0.0246 0.0290 0.0051
v  -0.0240 0.0289 0.0075
v  -0.0243 0.0315 0.0025
v  -0.0244 0.0315 -0.0000
v  -0.0251 0.0291 -0.0000
v  -0.0250 0.0290 0.0026
v  -0.0197 0.0262 0.0163
v  -0.0211 0.0262 0.0143
v  -0.0224 0.0263 0.0122
v  -0.0235 0.0263 0.0100
v  -0.0243 0.0264 0.0076
v  -0.0250 0.0264 0.0051
v  -0.0253 0.0265 0.0026
v  -0.0255 0.0265 -0.0000
v  -0.0163 0.0380 -0.0141
v  -0.0172 0.0384 -0.0126
v  -0.0172 0.0364 -0.0145
v  -0.0182 0.0367 -0.0128
v  -0.0179 0.0347 -0.0150
v  -0.0191 0.0349 -0.0132
v  -0.0185 0.0328 -0.0154
v  -0.0198 0.0329 -0.0136
v  -0.0191 0.0307 -0.0158
v  -0.0204 0.0308 -0.0139
v  -0.0194 0.0285 -0.0161
v  -0.0209 0.0285 -0.0142
v  -0.0197 0.0262 -0.0163
v  -0.0211 0.0262 -0.0143
v  -0.0179 0.0388 -0.0108
v  -0.0185 0.0393 -0.0089
v  -0.0191 0.0371 -0.0110
v  -0.0198 0.0375 -0.0090
v  -0.0201 0.0352 -0.0113
v  -0.0209 0.0355 -0.0092
v  -0.0209 0.0331 -0.0116
v  -0.0219 0.0334 -0.0095
v  -0.0216 0.0309 -0.0119
v  -0.0226 0.0311 -0.0097
v  -0.0221 0.0286 -0.0121
v  -0.0232 0.0288 -0.0099
v  -0.0224 0.0263 -0.0122
v  -0.0235 0.0263 -0.0100
v  -0.0191 0.0397 -0.0068
v  -0.0194 0.0400 -0.0046
v  -0.0204 0.0378 -0.0069
v  -0.0209 0.0381 -0.0047
v  -0.0216 0.0358 -0.0071
v  -0.0221 0.0360 -0.0048
v  -0.0226 0.0336 -0.0072
v  -0.0232 0.0338 -0.0049
v  -0.0234 0.0313 -0.0074
v  -0.0240 0.0314 -0.0050
v  -0.0240 0.0289 -0.0075
v  -0.0246 0.0290 -0.0051
v  -0.0243 0.0264 -0.0076
v  -0.0250 0.0264 -0.0051
v  -0.0197 0.0402 -0.0023
v  -0.0211 0.0382 -0.0023
v  -0.0224 0.0361 -0.0024
v  -0.0235 0.0339 -0.0025
v  -0.0243 0.0315 -0.0025
v  -0.0250 0.0290 -0.0026
v  -0.0253 0.0265 -0.0026
# 3261 vertices

vn 0.4942 -0.1523 -0.8559
vn 0.3772 -0.1523 -0.9135
vn 0.2558 -0.1523 -0.9547
vn 0.1301 -0.1523 -0.9797
vn 0.0000 -0.1523 -0.9883
vn 0.8559 -0.1523 -0.4942
vn 0.7834 -0.1523 -0.6026
vn 0.6989 -0.1523 -0.6989
vn 0.6026 -0.1523 -0.7834
vn 0.9883 -0.1523 -0.0000
vn 0.9797 -0.1523 -0.1301
vn 0.9547 -0.1523 -0.2558
vn 0.9135 -0.1523 -0.3772
vn 0.8559 -0.1523 0.4942
vn 0.9135 -0.1523 0.3772
vn 0.9547 -0.1523 0.2558
vn 0.9797 -0.1523 0.1301
vn 0.4942 -0.1523 0.8559
vn 0.6026 -0.1523 0.7834
vn 0.6989 -0.1523 0.6989
vn 0.7834 -0.1523 0.6026
vn -0.0000 -0.1523 0.9883
vn 0.1301 -0.1523 0.9797
vn 0.2558 -0.1523 0.9547
vn 0.3772 -0.1523 0.9135
vn 0.0000 -0.6335 -0.7738
vn 0.0780 -0.6330 -0.7702
vn 0.0865 -0.6356 -0.7672
vn 0.7274 -0.5502 -0.4101
vn 0.7269 -0.5503 -0.4108
vn 0.6574 -0.5577 -0.5067
vn 0.5862 -0.5503 -0.5946
vn 0.5858 -0.5503 -0.5950
vn 0.4325 -0.5313 -0.7285
vn 0.4358 -0.5127 -0.7398
vn 0.5082 -0.5357 -0.6744
vn 0.5088 -0.5358 -0.6739
vn 0.8848 -0.4628 -0.0539
vn 0.8747 -0.4728 -0.1068
vn 0.8749 -0.4726 -0.1057
vn 0.8419 -0.4968 -0.2108
vn 0.8425 -0.4964 -0.2093
vn 0.7918 -0.5263 -0.3100
vn 0.7910 -0.5267 -0.3112
vn 0.7262 -0.5566 0.4035
vn 0.7258 -0.5568 0.4040
vn 0.7910 -0.5267 0.3112
vn 0.7918 -0.5263 0.3100
vn 0.8419 -0.4968 0.2108
vn 0.8425 -0.4964 0.2093
vn 0.8848 -0.4628 0.0539
vn 0.8749 -0.4726 0.1057
vn 0.8747 -0.4728 0.1068
vn 0.4158 -0.5265 0.7416
vn 0.4161 -0.5266 0.7413
vn 0.5047 -0.5445 0.6699
vn 0.4781 -0.5368 0.6952
vn 0.5378 -0.5502 0.6387
vn 0.6737 -0.5676 0.4732
vn 0.6512 -0.5685 0.5028
vn 0.6214 -0.5667 0.5410
vn 0.0000 -0.5046 0.8633
vn 0.1133 -0.5049 0.8557
vn 0.1132 -0.5049 0.8557
vn 0.2217 -0.5067 0.8331
vn 0.2216 -0.5067 0.8331
vn 0.3245 -0.5117 0.7955
vn 0.3248 -0.5117 0.7954
vn 0.0000 -0.2296 0.9733
vn -0.1281 -0.2296 0.9648
vn -0.1282 -0.2296 0.9648
vn -0.2519 -0.2295 0.9401
vn -0.3714 -0.2296 0.8996
vn -0.4866 -0.2296 0.8429
vn -0.5934 -0.2296 0.7715
vn -0.6882 -0.2295 0.6882
vn -0.7715 -0.2296 0.5934
vn -0.8429 -0.2296 0.4866
vn -0.8996 -0.2296 0.3714
vn -0.9401 -0.2295 0.2519
vn -0.9648 -0.2296 0.1282
vn -0.9648 -0.2296 0.1281
vn -0.9733 -0.2296 0.0000
vn -0.9648 -0.2296 -0.1281
vn -0.9648 -0.2296 -0.1282
vn -0.9401 -0.2295 -0.2519
vn -0.8996 -0.2296 -0.3714
vn -0.8429 -0.2296 -0.4866
vn -0.7715 -0.2296 -0.5934
vn -0.6882 -0.2295 -0.6882
vn -0.5934 -0.2296 -0.7715
vn -0.4866 -0.2296 -0.8429
vn -0.3714 -0.2296 -0.8996
vn -0.2519 -0.2295 -0.9401
vn -0.1282 -0.2296 -0.9648
vn -0.1281 -0.2296 -0.9648
vn 0.0000 -0.2296 -0.9733
vn 0.2174 -0.9005 -0.3766
vn 0.1660 -0.9005 -0.4020
vn 0.1139 -0.9015 -0.4174
vn 0.1226 -0.9004 -0.4174
vn 0.0000 -0.9005 -0.4348
vn 0.0475 -0.9004 -0.4324
vn 0.0550 -0.9016 -0.4292
vn 0.0856 -0.9009 -0.4254
vn 0.3766 -0.9005 -0.2174
vn 0.3447 -0.9005 -0.2652
vn 0.3447 -0.9005 -0.2651
vn 0.3076 -0.9005 -0.3076
vn 0.2651 -0.9005 -0.3447
vn 0.2652 -0.9005 -0.3447
vn 0.4348 -0.9005 -0.0000
vn 0.4311 -0.9005 -0.0573
vn 0.4311 -0.9005 -0.0572
vn 0.4201 -0.9005 -0.1126
vn 0.4020 -0.9005 -0.1660
vn 0.3766 -0.9005 0.2174
vn 0.4020 -0.9005 0.1660
vn 0.4201 -0.9005 0.1126
vn 0.4311 -0.9005 0.0572
vn 0.4311 -0.9005 0.0573
vn 0.2174 -0.9005 0.3766
vn 0.2652 -0.9005 0.3447
vn 0.2651 -0.9005 0.3447
vn 0.3076 -0.9005 0.3076
vn 0.3447 -0.9005 0.2651
vn 0.3447 -0.9005 0.2652
vn 0.0000 -0.9005 0.4348
vn 0.0573 -0.9005 0.4311
vn 0.0572 -0.9005 0.4311
vn 0.1126 -0.9005 0.4201
vn 0.1660 -0.9005 0.4020
vn 0.0000 -1.0000 -0.0000
vn 0.3552 0.5629 -0.7464
vn 0.3989 0.5629 -0.7239
vn 0.3256 0.5596 -0.7621
vn 0.2747 0.5616 -0.7805
vn 0.2165 0.5566 -0.8021
vn 0.1882 0.5517 -0.8125
vn 0.0934 0.5551 -0.8266
vn 0.1076 0.5527 -0.8264
vn -0.0000 0.5622 -0.8270
vn 0.0000 0.5622 -0.8270
vn 0.7296 0.6838 0.0043
vn 0.6703 0.7407 -0.0457
vn 0.7212 0.6927 -0.0006
vn 0.7115 0.7011 -0.0470
vn 0.6882 0.7119 -0.1402
vn 0.6436 0.7554 -0.1230
vn 0.7629 0.5470 0.3447
vn 0.7641 0.5503 0.3367
vn 0.7700 0.5839 0.2570
vn 0.7700 0.5830 0.2592
vn 0.7666 0.6169 0.1782
vn 0.7666 0.6167 0.1789
vn 0.7595 0.6436 0.0945
vn 0.7369 0.6739 0.0530
vn 0.7284 0.6839 0.0420
vn 0.7581 0.6451 0.0959
vn 0.6397 0.3912 0.6616
vn 0.6544 0.3936 0.6456
vn 0.6863 0.4359 0.5822
vn 0.6707 0.4086 0.6190
vn 0.7167 0.4831 0.5030
vn 0.7037 0.4639 0.5381
vn 0.7373 0.5090 0.4441
vn 0.7461 0.5187 0.4175
vn 0.0000 0.4811 0.8767
vn 0.1220 0.4879 0.8643
vn 0.1239 0.4882 0.8639
vn 0.2140 0.5009 0.8386
vn 0.2159 0.5012 0.8380
vn 0.2869 0.5056 0.8137
vn 0.2864 0.5056 0.8138
vn 0.3496 0.4911 0.7979
vn 0.3471 0.4922 0.7983
vn 0.4579 0.3023 -0.8360
vn 0.4529 0.3012 -0.8391
vn 0.3470 0.2843 -0.8937
vn 0.3527 0.2850 -0.8913
vn 0.2353 0.2744 -0.9324
vn 0.2405 0.2747 -0.9310
vn 0.1203 0.2691 -0.9556
vn 0.1175 0.2690 -0.9560
vn 0.0000 0.2668 -0.9637
vn 0.8105 0.3524 -0.4679
vn 0.8105 0.3524 -0.4680
vn 0.7389 0.3488 -0.5764
vn 0.7397 0.3489 -0.5755
vn 0.6550 0.3388 -0.6754
vn 0.6568 0.3391 -0.6735
vn 0.5609 0.3227 -0.7624
vn 0.5573 0.3220 -0.7653
vn 0.9470 0.3211 0.0083
vn 0.9470 0.3210 0.0101
vn 0.9373 0.3301 -0.1119
vn 0.9370 0.3303 -0.1140
vn 0.9111 0.3401 -0.2328
vn 0.9106 0.3402 -0.2346
vn 0.8683 0.3488 -0.3528
vn 0.8687 0.3487 -0.3518
vn 0.8233 0.3101 0.4754
vn 0.8234 0.3101 0.4753
vn 0.8786 0.3098 0.3633
vn 0.9178 0.3103 0.2477
vn 0.9179 0.3103 0.2475
vn 0.9406 0.3139 0.1294
vn 0.9405 0.3138 0.1305
vn 0.4727 0.3064 0.8263
vn 0.4719 0.3064 0.8267
vn 0.5779 0.3088 0.7554
vn 0.5782 0.3088 0.7552
vn 0.6724 0.3093 0.6724
vn 0.7540 0.3097 0.5793
vn 0.7540 0.3097 0.5792
vn 0.0000 0.2898 0.9571
vn 0.1198 0.2916 0.9490
vn 0.1210 0.2916 0.9488
vn 0.2404 0.2962 0.9244
vn 0.2417 0.2963 0.9240
vn 0.3598 0.3018 0.8829
vn 0.3587 0.3017 0.8834
vn 0.3038 0.7917 -0.5300
vn 0.3037 0.7917 -0.5300
vn 0.2330 0.7921 -0.5641
vn 0.1579 0.7922 -0.5894
vn 0.0799 0.7922 -0.6050
vn 0.0000 0.7922 -0.6103
vn 0.5325 0.7886 -0.3074
vn 0.4859 0.7890 -0.3760
vn 0.4860 0.7890 -0.3759
vn 0.4310 0.7899 -0.4362
vn 0.4312 0.7899 -0.4361
vn 0.3700 0.7909 -0.4874
vn 0.3698 0.7909 -0.4875
vn 0.6109 0.7917 0.0018
vn 0.6109 0.7917 0.0019
vn 0.6071 0.7909 -0.0766
vn 0.6071 0.7909 -0.0768
vn 0.5933 0.7899 -0.1552
vn 0.5932 0.7899 -0.1554
vn 0.5685 0.7890 -0.2329
vn 0.5686 0.7890 -0.2328
vn 0.5285 0.7922 0.3051
vn 0.5639 0.7922 0.2333
vn 0.5894 0.7922 0.1579
vn 0.6050 0.7921 0.0803
vn 0.6051 0.7921 0.0803
vn 0.3052 0.7922 0.5285
vn 0.3717 0.7922 0.4840
vn 0.3718 0.7922 0.4840
vn 0.4315 0.7922 0.4315
vn 0.4840 0.7922 0.3717
vn 0.0000 0.7922 0.6103
vn 0.0799 0.7922 0.6050
vn 0.0800 0.7922 0.6050
vn 0.1580 0.7922 0.5894
vn 0.1579 0.7922 0.5894
vn 0.2333 0.7922 0.5639
vn -0.0047 1.0000 0.0003
vn -0.0007 1.0000 0.0001
vn 0.0000 1.0000 -0.0000
vn -0.0172 0.9998 0.0099
vn -0.0178 0.9998 0.0068
vn -0.0159 0.9999 0.0037
vn -0.0111 0.9999 0.0014
vn -0.0111 0.9999 0.0013
vn -0.0026 1.0000 0.0039
vn -0.0067 0.9999 0.0089
vn -0.0111 0.9999 0.0120
vn -0.0148 0.9998 0.0120
vn -0.0004 1.0000 0.0006
vn -0.0000 0.0205 -0.9998
vn 0.1154 0.0162 -0.9932
vn 0.1273 -0.0082 -0.9918
vn -0.0000 -0.0080 -1.0000
vn 0.8703 0.0343 -0.4914
vn 0.8000 -0.0042 -0.6000
vn 0.7961 -0.0152 -0.6049
vn 0.8686 0.0064 -0.4955
vn 0.7149 -0.0436 -0.6978
vn 0.7104 -0.0372 -0.7028
vn 0.5071 -0.0092 -0.8619
vn 0.6166 -0.0140 -0.7871
vn 0.6125 -0.0595 -0.7883
vn 0.5034 -0.0785 -0.8605
vn 0.7131 -0.0202 -0.7008
vn 0.9902 0.1206 -0.0697
vn 0.9843 0.1157 -0.1332
vn 0.9896 0.0541 -0.1335
vn 0.9959 0.0582 -0.0692
vn 0.9613 0.0983 -0.2574
vn 0.9651 0.0428 -0.2585
vn 0.8693 -0.0363 -0.4929
vn 0.9257 -0.0443 -0.3757
vn 0.9251 0.0262 -0.3787
vn 0.9656 -0.0495 -0.2551
vn 0.8774 -0.0094 0.4797
vn 0.9272 0.0275 0.3737
vn 0.9272 0.0118 0.3744
vn 0.8764 -0.0126 0.4814
vn 0.9651 0.0655 0.2535
vn 0.9669 0.0352 0.2528
vn 0.9973 -0.0329 0.0650
vn 0.9915 -0.0251 0.1276
vn 0.9905 0.0512 0.1276
vn 0.9964 0.0566 0.0631
vn 0.9685 -0.0140 0.2486
vn 0.4899 -0.1358 0.8612
vn 0.5792 -0.1140 0.8071
vn 0.5815 -0.0800 0.8096
vn 0.4924 -0.0944 0.8653
vn 0.6535 -0.0957 0.7508
vn 0.6571 -0.0658 0.7509
vn 0.8829 -0.0151 0.4694
vn 0.8278 -0.0157 0.5608
vn 0.8190 -0.0319 0.5729
vn 0.7656 -0.0126 0.6432
vn 0.7588 -0.0445 0.6498
vn 0.0000 -0.1928 0.9812
vn 0.1311 -0.1896 0.9731
vn 0.1319 -0.1276 0.9830
vn -0.0000 -0.1306 0.9914
vn 0.2583 -0.1790 0.9493
vn 0.2596 -0.1198 0.9583
vn 0.4877 -0.0255 0.8727
vn 0.3815 -0.0220 0.9241
vn 0.3836 -0.1085 0.9171
vn 0.2607 -0.0202 0.9652
vn 0.4293 0.4552 0.7801
vn 0.4221 0.4586 0.7820
vn 0.5286 0.4136 0.7413
vn 0.5082 0.4211 0.7513
vn 0.5845 0.3971 0.7075
vn 0.6095 0.3937 0.6882
vn -0.0000 0.1799 -0.9837
vn 0.1185 0.1877 -0.9751
vn 0.1089 0.1119 -0.9877
vn -0.0000 0.1142 -0.9935
vn 0.1948 0.1162 -0.9739
vn 0.7975 -0.0278 -0.6026
vn 0.7929 -0.0388 -0.6081
vn 0.8635 -0.0753 -0.4987
vn 0.7090 -0.0037 -0.7052
vn 0.5053 0.0934 -0.8579
vn 0.6161 0.0493 -0.7862
vn 0.6122 0.0288 -0.7902
vn 0.5020 0.0583 -0.8629
vn 0.7126 0.0014 -0.7016
vn 0.9967 -0.0465 -0.0665
vn 0.9903 -0.0490 -0.1303
vn 0.9811 -0.1451 -0.1280
vn 0.9877 -0.1439 -0.0613
vn 0.9568 -0.1354 -0.2574
vn 0.8628 -0.1010 -0.4954
vn 0.9138 -0.1487 -0.3780
vn 0.9182 -0.1096 -0.3807
vn 0.9492 -0.1845 -0.2547
vn 0.9308 -0.0120 0.3654
vn 0.9316 -0.0381 0.3615
vn 0.8881 -0.0238 0.4590
vn 0.9652 -0.0608 0.2542
vn 0.9830 -0.1629 0.0844
vn 0.9801 -0.1381 0.1426
vn 0.9857 -0.0962 0.1383
vn 0.9902 -0.1164 0.0766
vn 0.9631 -0.0905 0.2535
vn 0.5755 -0.0244 0.8174
vn 0.5541 0.0253 0.8321
vn 0.4659 0.0390 0.8840
vn 0.6549 -0.0171 0.7555
vn 0.6376 0.0235 0.7700
vn 0.8524 -0.0108 0.5228
vn 0.8364 -0.0064 0.5480
vn 0.8981 -0.0353 0.4385
vn 0.7752 0.0097 0.6316
vn 0.0000 -0.0259 0.9997
vn 0.1342 -0.0234 0.9907
vn 0.1346 0.0818 0.9875
vn 0.0000 0.0794 0.9968
vn 0.2546 0.0804 0.9637
vn 0.4374 0.0833 0.8954
vn 0.3477 0.1179 0.9302
vn 0.3657 0.0636 0.9285
vn 0.2470 0.1412 0.9587
vn 0.5256 0.4891 -0.6960
vn 0.4748 0.4852 -0.7343
vn 0.7086 -0.0790 0.7012
vn 0.7100 -0.0547 0.7021
vn 0.7130 -0.0118 0.7011
vn 0.7107 0.0199 0.7032
vn 0.5801 -0.5640 0.5877
vn 0.5798 -0.5639 0.5881
vn 0.5021 0.5178 -0.6927
vn 0.6165 0.7079 -0.3447
vn 0.6302 0.7114 -0.3111
vn 0.6882 0.6846 -0.2403
vn 0.6983 0.6660 -0.2624
vn 0.7323 0.6630 -0.1559
vn 0.7474 0.6424 -0.1693
vn 0.5947 0.7535 -0.2803
vn 0.6499 0.7286 -0.2163
vn 0.5902 0.7890 -0.1706
vn 0.6088 0.7708 -0.1877
vn 0.5559 0.7939 -0.2463
vn 0.5409 0.8103 -0.2256
vn 0.6211 0.7755 -0.1135
vn 0.5836 0.7136 -0.3874
vn 0.5659 0.7485 -0.3457
vn 0.5324 0.7901 -0.3037
vn 0.5291 0.7416 -0.4124
vn 0.5018 0.7890 -0.3546
vn 0.4602 0.8348 -0.3021
vn 0.4898 0.8299 -0.2670
vn 0.4707 0.8461 -0.2501
vn 0.4141 0.8723 -0.2599
vn 0.3963 0.8854 -0.2429
vn 0.3007 0.9238 -0.2368
vn 0.3341 0.9126 -0.2357
vn 0.3457 0.9027 -0.2563
vn 0.3150 0.9132 -0.2584
vn 0.3736 0.8802 -0.2928
vn 0.3431 0.8940 -0.2881
vn 0.3905 0.8556 -0.3399
vn 0.4180 0.8412 -0.3430
vn 0.4704 0.7810 -0.4108
vn 0.4503 0.7897 -0.4167
vn 0.5507 0.5734 -0.6065
vn 0.5623 0.6413 -0.5220
vn 0.5765 0.6977 -0.4252
vn 0.5542 0.6818 -0.4775
vn 0.5096 0.7152 -0.4783
vn 0.4936 0.6884 -0.5315
vn 0.7559 0.6519 -0.0601
vn 0.7814 0.6195 -0.0746
vn 0.7478 0.6640 0.0021
vn 0.7350 0.6748 0.0664
vn -0.1423 0.9884 0.0523
vn -0.1440 0.9874 0.0658
vn -0.1272 0.9897 0.0651
vn -0.1243 0.9910 0.0492
vn -0.1267 0.9869 0.0996
vn -0.1097 0.9888 0.1010
vn -0.0728 0.9953 0.0632
vn -0.0700 0.9966 0.0427
vn -0.0556 0.9933 0.1009
vn -0.0850 0.9864 0.1406
vn -0.0220 0.9845 0.1740
vn -0.0041 0.9836 0.1804
vn -0.0691 0.9872 0.1436
vn 0.0403 0.9815 0.1874
vn -0.0206 0.9893 0.1444
vn 0.1597 0.9731 0.1662
vn 0.1488 0.9804 0.1291
vn 0.0560 0.9889 0.1375
vn 0.0948 0.9787 0.1821
vn 0.1391 0.9857 0.0955
vn 0.0322 0.9947 0.0977
vn 0.1284 0.9897 0.0639
vn 0.1246 0.9916 0.0350
vn 0.0170 0.9992 0.0368
vn 0.0174 0.9979 0.0622
vn 0.0437 0.9826 0.1806
vn 0.0655 0.9796 0.1901
vn 0.0834 0.9859 0.1448
vn 0.1074 0.9814 0.1590
vn 0.1141 0.9726 0.2027
vn 0.1594 0.9706 0.1802
vn 0.0896 0.9932 0.0737
vn 0.0591 0.9974 -0.0408
vn 0.1068 0.9939 0.0293
vn 0.1177 0.9881 0.0991
vn 0.1606 0.9841 0.0763
vn 0.1772 0.9748 0.1358
vn 0.2085 0.9767 0.0501
vn 0.2740 0.9554 0.1102
vn 0.2308 0.9633 0.1369
vn 0.1926 0.9778 0.0829
vn 0.2640 0.9537 0.1444
vn 0.2146 0.9610 0.1745
vn 0.2209 0.9624 0.1579
vn 0.1678 0.9666 0.1937
vn -0.0000 0.9977 0.0676
vn -0.0147 0.9976 0.0682
vn -0.0150 0.9976 0.0683
vn -0.0128 0.9976 0.0681
vn -0.0129 0.9976 0.0681
vn -0.0154 0.9975 0.0683
vn -0.0134 0.9976 0.0682
vn 0.0110 0.9985 0.0542
vn 0.0584 0.9979 0.0262
vn 0.0652 0.9975 0.0281
vn 0.0145 0.9984 0.0545
vn 0.0740 0.9965 0.0400
vn 0.0198 0.9981 0.0575
vn 0.0556 0.9963 0.0655
vn 0.0117 0.9977 0.0664
vn 0.0191 0.9978 0.0629
vn 0.0726 0.9957 0.0573
vn -0.0147 0.9975 0.0685
vn -0.0140 0.9976 0.0683
vn -0.0166 0.9975 0.0685
vn 0.0000 0.9977 0.0676
vn -0.0160 0.9975 0.0684
vn 0.1174 0.9931 0.0030
vn 0.1227 0.9924 0.0074
vn 0.1670 0.9859 -0.0146
vn 0.1868 0.9823 -0.0148
vn 0.1306 0.9911 0.0274
vn 0.2261 0.9740 0.0139
vn 0.1907 0.9807 -0.0425
vn 0.1735 0.9812 -0.0845
vn 0.2005 0.9755 -0.0910
vn 0.2253 0.9730 -0.0506
vn 0.2579 0.9659 -0.0229
vn 0.2793 0.9601 -0.0113
vn 0.2231 0.9743 0.0298
vn 0.2690 0.9629 0.0212
vn 0.2883 0.9571 0.0278
vn 0.2530 0.9669 0.0340
vn 0.2946 0.9554 0.0195
vn 0.2783 0.9601 0.0269
vn 0.2930 0.9556 0.0299
vn 0.2571 0.9653 0.0451
vn 0.2054 0.9772 0.0542
vn 0.2458 0.9685 0.0392
vn 0.1530 0.9863 0.0617
vn 0.1897 0.9807 0.0470
vn 0.1296 0.9901 0.0540
vn 0.1031 0.9925 0.0651
vn -0.1285 0.9914 -0.0250
vn -0.1353 0.9907 0.0163
vn -0.0710 0.9970 0.0323
vn -0.0473 0.9989 0.0050
vn -0.1360 0.9899 0.0390
vn -0.0915 0.9948 0.0442
vn 0.0418 0.9981 0.0457
vn 0.0816 0.9960 0.0356
vn -0.0018 0.9991 0.0429
vn -0.1368 0.9894 0.0480
vn -0.1098 0.9929 0.0467
vn -0.0434 0.9983 0.0380
vn 0.1345 0.9908 0.0146
vn 0.0390 0.9990 0.0236
vn 0.1572 0.9875 0.0103
vn 0.0786 0.9966 0.0262
vn 0.1894 0.9817 0.0203
vn 0.1646 0.9856 0.0376
vn 0.1242 0.9916 0.0366
vn 0.0046 0.9882 -0.1533
vn -0.0017 0.9837 -0.1800
vn 0.0383 0.9936 -0.1061
vn -0.0349 0.9788 -0.2018
vn -0.0342 0.9738 -0.2249
vn -0.0065 0.9776 -0.2104
vn 0.0134 0.9883 -0.1517
vn -0.0208 0.9691 -0.2457
vn -0.0654 0.9703 -0.2327
vn -0.0859 0.9651 -0.2475
vn -0.0465 0.9693 -0.2415
vn -0.0576 0.9675 -0.2462
vn -0.0361 0.9740 -0.2235
vn -0.0311 0.9689 -0.2454
vn -0.0145 0.9887 -0.1494
vn -0.0061 0.9791 -0.2032
vn -0.0192 0.9728 -0.2310
vn -0.0248 0.9811 -0.1919
vn -0.0073 0.9691 -0.2465
vn -0.0130 0.9673 -0.2533
vn -0.0239 0.9736 -0.2271
vn -0.0323 0.9831 -0.1801
vn -0.0115 0.9850 -0.1724
vn -0.0150 0.9744 -0.2244
vn 0.2391 0.9631 0.1234
vn 0.2971 0.9481 0.1133
vn 0.2418 0.9657 0.0952
vn 0.3133 0.9451 0.0926
vn 0.2778 0.9591 0.0534
vn 0.3118 0.9461 0.0880
vn 0.3321 0.9414 0.0595
vn 0.3426 0.9360 0.0809
vn 0.3811 0.9233 0.0480
vn 0.3642 0.9302 0.0463
vn 0.3599 0.9304 0.0692
vn 0.3679 0.9280 0.0590
vn 0.3130 0.9488 0.0422
vn 0.3163 0.9459 0.0716
vn 0.2320 0.9720 0.0376
vn 0.2368 0.9692 0.0679
vn 0.2332 0.9723 0.0138
vn 0.3102 0.9505 0.0172
vn 0.2394 0.9709 0.0051
vn 0.3076 0.9515 0.0083
vn 0.3725 0.9275 0.0319
vn 0.3581 0.9334 0.0233
vn 0.3463 0.9377 0.0284
vn 0.3459 0.9381 0.0162
vn 0.3256 0.9453 0.0212
vn 0.3056 0.9515 0.0364
vn 0.3023 0.9531 0.0108
vn 0.2511 0.9679 0.0100
vn -0.0000 0.9912 -0.1324
vn -0.0000 0.9915 -0.1298
vn -0.0476 0.9891 -0.1392
vn -0.0343 0.9890 -0.1438
vn 0.0000 0.9917 -0.1289
vn -0.0569 0.9888 -0.1377
vn -0.0812 0.9829 -0.1653
vn -0.0589 0.9831 -0.1735
vn -0.0978 0.9818 -0.1629
vn 0.0000 0.9922 -0.1244
vn 0.0000 0.9927 -0.1205
vn -0.0615 0.9912 -0.1169
vn -0.0622 0.9900 -0.1268
vn -0.1194 0.9870 -0.1072
vn -0.1139 0.9843 -0.1348
vn -0.1389 0.9884 -0.0616
vn -0.0945 0.9900 -0.1051
vn -0.1317 0.9823 -0.1330
vn -0.1551 0.9840 -0.0878
vn -0.0528 0.9874 -0.1491
vn -0.0977 0.9790 -0.1786
vn -0.0450 0.9863 -0.1589
vn -0.0586 0.9788 -0.1964
vn -0.0806 0.9800 -0.1819
vn 0.0345 0.9973 0.0653
vn 0.0029 0.9977 0.0674
vn 0.0209 0.9976 0.0653
vn -0.0036 0.9976 0.0686
vn -0.0156 0.9975 0.0687
vn -0.0166 0.9975 0.0689
vn 0.0118 0.9980 0.0614
vn 0.0065 0.9984 0.0560
vn -0.0096 0.9978 0.0651
vn -0.0080 0.9977 0.0677
vn -0.0184 0.9974 0.0694
vn -0.0178 0.9974 0.0692
vn 0.0000 0.9977 0.0678
vn -0.0000 0.9977 0.0678
vn -0.0192 0.9974 0.0688
vn -0.0199 0.9974 0.0689
vn 0.0000 0.9977 0.0677
vn -0.0182 0.9975 0.0687
vn -0.0000 0.9977 0.0677
vn -0.0173 0.9975 0.0686
vn 0.1961 0.9790 0.0554
vn 0.1460 0.9875 0.0595
vn 0.1294 0.9902 0.0520
vn 0.0955 0.9938 0.0564
vn 0.1045 0.9926 0.0622
vn 0.0685 0.9959 0.0585
vn 0.0662 0.9972 0.0344
vn 0.0395 0.9990 0.0233
vn 0.0379 0.9988 0.0313
vn 0.0553 0.9976 0.0419
vn 0.0368 0.9985 0.0402
vn 0.0464 0.9977 0.0487
vn 0.0342 0.9980 0.0540
vn 0.0279 0.9985 0.0479
vn 0.0480 0.9970 0.0602
vn 0.0697 0.9956 0.0632
vn 0.1512 0.9885 0.0047
vn 0.2168 0.9760 0.0226
vn 0.0934 0.9956 -0.0114
vn 0.1443 0.9895 0.0098
vn 0.2795 0.9594 0.0388
vn 0.1925 0.9808 0.0301
vn 0.0410 0.9991 -0.0093
vn 0.0173 0.9998 -0.0056
vn 0.0444 0.9988 0.0191
vn 0.0748 0.9971 0.0137
vn 0.0652 0.9971 0.0381
vn 0.1045 0.9940 0.0334
vn 0.0790 0.9957 0.0483
vn 0.1317 0.9901 0.0478
vn 0.1262 0.9910 0.0456
vn 0.0782 0.9958 0.0481
vn 0.2414 0.9693 0.0474
vn 0.2283 0.9726 0.0437
vn 0.3387 0.9397 0.0478
vn 0.3228 0.9453 0.0481
vn 0.3294 0.9434 0.0386
vn 0.2295 0.9725 0.0396
vn 0.2984 0.9537 0.0381
vn 0.2012 0.9789 0.0357
vn 0.0673 0.9970 0.0372
vn 0.1186 0.9923 0.0370
vn 0.0523 0.9984 0.0214
vn 0.0984 0.9948 0.0255
vn 0.0804 0.9964 0.0269
vn 0.0437 0.9989 0.0171
vn 0.1662 0.9851 0.0437
vn 0.2509 0.9668 0.0481
vn -0.0104 0.9936 -0.1123
vn -0.0074 0.9933 -0.1154
vn -0.0178 0.9947 -0.1010
vn 0.0267 0.9976 -0.0637
vn 0.0353 0.9979 -0.0551
vn 0.0071 0.9980 -0.0633
vn -0.0854 0.9951 -0.0496
vn -0.0485 0.9960 -0.0745
vn -0.0400 0.9981 -0.0470
vn -0.0208 0.9984 -0.0534
vn 0.0079 0.9995 -0.0309
vn -0.0102 0.9996 -0.0282
vn 0.0457 0.9984 -0.0331
vn 0.1073 0.9942 0.0022
vn 0.0855 0.9961 -0.0214
vn 0.0001 0.9931 -0.1173
vn 0.0070 0.9858 -0.1676
vn 0.0096 0.9939 -0.1103
vn 0.0128 0.9898 -0.1419
vn -0.0012 0.9757 -0.2189
vn 0.0016 0.9840 -0.1783
vn 0.0085 0.9930 -0.1175
vn -0.0000 0.9926 -0.1218
vn -0.0000 0.9919 -0.1272
vn 0.0085 0.9915 -0.1302
vn 0.0000 0.9910 -0.1336
vn 0.0007 0.9893 -0.1456
vn -0.0168 0.9890 -0.1467
vn -0.0000 0.9910 -0.1342
vn -0.0293 0.9834 -0.1791
vn -0.0325 0.9765 -0.2128
vn 0.0802 0.9961 -0.0367
vn 0.0382 0.9953 -0.0893
vn 0.1127 0.9936 0.0108
vn 0.0503 0.9973 -0.0537
vn 0.0008 0.9936 -0.1132
vn 0.0452 0.9980 -0.0451
vn 0.1153 0.9931 0.0205
vn 0.0988 0.9868 -0.1282
vn 0.1219 0.9851 -0.1211
vn -0.0326 0.9909 -0.1309
vn 0.0145 0.9962 -0.0854
vn 0.2086 0.9775 -0.0302
vn 0.1354 0.9901 -0.0371
vn -0.1142 0.9905 -0.0764
vn -0.0296 0.9990 -0.0321
vn 0.1104 0.9936 0.0225
vn 0.1952 0.9801 0.0358
vn 0.6162 -0.0831 -0.7832
vn 0.5053 -0.1198 -0.8546
vn 0.9239 0.0697 -0.3764
vn 0.9869 0.0971 0.1285
vn 0.9918 0.1103 0.0646
vn 0.8208 -0.0401 0.5698
vn 0.7606 -0.0625 0.6462
vn 0.3821 -0.1597 0.9102
vn 0.3826 0.0827 -0.9202
vn 0.3840 0.1308 -0.9140
vn 0.2804 0.0974 -0.9549
vn 0.2683 0.1670 -0.9487
vn 0.7950 -0.0493 -0.6045
vn 0.9720 -0.1990 -0.1248
vn 0.9782 -0.1993 -0.0579
vn 0.9346 -0.0568 0.3510
vn 0.5224 0.0568 0.8508
vn 0.6006 0.0530 0.7978
vn 0.7977 0.0205 0.6027
vn 0.1333 0.1448 0.9804
vn 0.0000 0.1426 0.9898
vn 0.6739 0.0421 0.7377
vn 0.7412 0.0293 0.6706
vn 0.7068 0.0466 0.7058
vn 0.0000 0.0000 -1.0000
vn 0.3665 -0.2838 -0.8861
vn 0.3484 -0.4111 -0.8424
vn 0.2156 -0.6196 -0.7547
vn 0.2508 -0.5127 -0.8212
vn 0.3356 -0.5157 -0.7883
vn 0.3117 -0.6057 -0.7321
vn 0.1202 -0.6378 -0.7607
vn 0.3764 -0.1589 -0.9127
vn 0.2962 -0.2734 -0.9152
vn 0.2979 -0.1745 -0.9385
vn 0.3887 -0.0041 -0.9214
vn 0.2817 -0.0017 -0.9595
vn 0.3837 -0.0983 -0.9182
vn 0.2763 -0.0858 -0.9572
vn 0.2018 -0.0020 -0.9794
vn -0.0000 -1.0000 -0.0000
vn 0.0036 -1.0000 -0.0000
vn 0.0037 -1.0000 -0.0000
vn -0.0357 -0.9994 -0.0000
vn -0.0411 -0.9992 -0.0000
vn -0.0375 0.9993 -0.0000
vn 0.0020 1.0000 -0.0000
vn 0.0021 1.0000 -0.0000
vn -0.0410 0.9992 -0.0000
vn -0.1864 -0.9825 -0.0000
vn -0.2008 -0.9796 -0.0000
vn -0.4323 -0.9017 -0.0000
vn -0.4508 -0.8926 -0.0000
vn -0.6884 -0.7254 -0.0000
vn -0.7056 -0.7086 -0.0000
vn -1.0000 0.0000 0.0000
vn -1.0000 -0.0086 0.0000
vn -0.9813 0.1924 -0.0000
vn -0.9790 0.2040 -0.0000
vn -0.8979 0.4401 0.0000
vn -0.8907 0.4546 0.0000
vn -0.7175 0.6965 0.0000
vn -0.7056 0.7086 0.0000
vn -0.9790 -0.2040 0.0000
vn -0.9762 -0.2168 0.0000
vn -0.8907 -0.4546 0.0000
vn -0.8812 -0.4727 0.0000
vn -0.2008 0.9796 0.0000
vn -0.1962 0.9806 0.0000
vn -0.4508 0.8926 0.0000
vn -0.4560 0.8900 0.0000
vn 0.1747 -0.0266 -0.9843
vn 0.1934 -0.5895 -0.7843
vn 0.2354 -0.4491 -0.8619
vn 0.1721 -0.6275 -0.7594
vn 0.1590 -0.6280 -0.7618
vn 0.2737 -0.2113 -0.9383
vn 0.2691 -0.1592 -0.9498
vn 0.2791 -0.3395 -0.8982
vn 0.2929 -0.3751 -0.8795
vn 0.2234 -0.0618 -0.9728
vn 0.2199 -0.0484 -0.9743
vn 0.2286 -0.1299 -0.9648
vn 0.2855 -0.1547 -0.9458
vn 0.2412 -0.1366 -0.9608
vn 0.1897 -0.0512 -0.9805
vn -0.0000 -0.0000 -1.0000
vn 0.0000 -0.0000 -1.0000
vn -0.4942 -0.1523 -0.8559
vn -0.3772 -0.1523 -0.9135
vn -0.2558 -0.1523 -0.9547
vn -0.1301 -0.1523 -0.9797
vn -0.8559 -0.1523 -0.4942
vn -0.7834 -0.1523 -0.6026
vn -0.6989 -0.1523 -0.6989
vn -0.6026 -0.1523 -0.7834
vn -0.9883 -0.1523 -0.0000
vn -0.9797 -0.1523 -0.1301
vn -0.9547 -0.1523 -0.2558
vn -0.9135 -0.1523 -0.3772
vn -0.8559 -0.1523 0.4942
vn -0.9135 -0.1523 0.3772
vn -0.9547 -0.1523 0.2558
vn -0.9797 -0.1523 0.1301
vn -0.4942 -0.1523 0.8559
vn -0.6026 -0.1523 0.7834
vn -0.6989 -0.1523 0.6989
vn -0.7834 -0.1523 0.6026
vn -0.1301 -0.1523 0.9797
vn -0.2558 -0.1523 0.9547
vn -0.3772 -0.1523 0.9135
vn -0.0865 -0.6356 -0.7672
vn -0.0780 -0.6330 -0.7702
vn -0.7274 -0.5502 -0.4101
vn -0.6574 -0.5577 -0.5067
vn -0.7269 -0.5503 -0.4108
vn -0.5858 -0.5503 -0.5950
vn -0.5862 -0.5503 -0.5946
vn -0.5088 -0.5358 -0.6739
vn -0.5082 -0.5357 -0.6744
vn -0.4358 -0.5127 -0.7398
vn -0.4325 -0.5313 -0.7285
vn -0.8848 -0.4628 -0.0539
vn -0.8749 -0.4726 -0.1057
vn -0.8747 -0.4728 -0.1068
vn -0.8425 -0.4964 -0.2093
vn -0.8419 -0.4968 -0.2108
vn -0.7910 -0.5267 -0.3112
vn -0.7918 -0.5263 -0.3100
vn -0.7262 -0.5566 0.4035
vn -0.7918 -0.5263 0.3100
vn -0.7910 -0.5267 0.3112
vn -0.7258 -0.5568 0.4040
vn -0.8425 -0.4964 0.2093
vn -0.8419 -0.4968 0.2108
vn -0.8848 -0.4628 0.0539
vn -0.8747 -0.4728 0.1068
vn -0.8749 -0.4726 0.1057
vn -0.4158 -0.5265 0.7416
vn -0.4781 -0.5368 0.6952
vn -0.5047 -0.5445 0.6699
vn -0.4161 -0.5266 0.7413
vn -0.5378 -0.5502 0.6387
vn -0.6512 -0.5685 0.5028
vn -0.6737 -0.5676 0.4732
vn -0.6214 -0.5667 0.5410
vn -0.1132 -0.5049 0.8557
vn -0.1133 -0.5049 0.8557
vn -0.2216 -0.5067 0.8331
vn -0.2217 -0.5067 0.8331
vn -0.3248 -0.5117 0.7954
vn -0.3245 -0.5117 0.7955
vn 0.1282 -0.2296 0.9648
vn 0.1281 -0.2296 0.9648
vn 0.2519 -0.2295 0.9401
vn 0.3714 -0.2296 0.8996
vn 0.4866 -0.2296 0.8429
vn 0.5934 -0.2296 0.7715
vn 0.6882 -0.2295 0.6882
vn 0.7715 -0.2296 0.5934
vn 0.8429 -0.2296 0.4866
vn 0.8996 -0.2296 0.3714
vn 0.9401 -0.2295 0.2519
vn 0.9648 -0.2296 0.1282
vn 0.9733 -0.2296 0.0000
vn 0.9648 -0.2296 0.1281
vn 0.9648 -0.2296 -0.1282
vn 0.9648 -0.2296 -0.1281
vn 0.9401 -0.2295 -0.2519
vn 0.8996 -0.2296 -0.3714
vn 0.8429 -0.2296 -0.4866
vn 0.7715 -0.2296 -0.5934
vn 0.6882 -0.2295 -0.6882
vn 0.5934 -0.2296 -0.7715
vn 0.4866 -0.2296 -0.8429
vn 0.3714 -0.2296 -0.8996
vn 0.2519 -0.2295 -0.9401
vn 0.1282 -0.2296 -0.9648
vn 0.1281 -0.2296 -0.9648
vn -0.1660 -0.9005 -0.4020
vn -0.2174 -0.9005 -0.3766
vn -0.1226 -0.9004 -0.4174
vn -0.1139 -0.9015 -0.4174
vn -0.0550 -0.9016 -0.4292
vn -0.0475 -0.9004 -0.4324
vn -0.0856 -0.9009 -0.4254
vn -0.3447 -0.9005 -0.2651
vn -0.3447 -0.9005 -0.2652
vn -0.3766 -0.9005 -0.2174
vn -0.3076 -0.9005 -0.3076
vn -0.2652 -0.9005 -0.3447
vn -0.2651 -0.9005 -0.3447
vn -0.4311 -0.9005 -0.0572
vn -0.4311 -0.9005 -0.0573
vn -0.4348 -0.9005 -0.0000
vn -0.4201 -0.9005 -0.1126
vn -0.4020 -0.9005 -0.1660
vn -0.4020 -0.9005 0.1660
vn -0.3766 -0.9005 0.2174
vn -0.4201 -0.9005 0.1126
vn -0.4311 -0.9005 0.0573
vn -0.4311 -0.9005 0.0572
vn -0.2651 -0.9005 0.3447
vn -0.2652 -0.9005 0.3447
vn -0.2174 -0.9005 0.3766
vn -0.3076 -0.9005 0.3076
vn -0.3447 -0.9005 0.2652
vn -0.3447 -0.9005 0.2651
vn -0.0572 -0.9005 0.4311
vn -0.0573 -0.9005 0.4311
vn -0.1126 -0.9005 0.4201
vn -0.1660 -0.9005 0.4020
vn -0.2747 0.5616 -0.7805
vn -0.3256 0.5596 -0.7621
vn -0.3989 0.5629 -0.7239
vn -0.3552 0.5629 -0.7464
vn -0.1882 0.5517 -0.8125
vn -0.2165 0.5566 -0.8021
vn -0.1076 0.5527 -0.8264
vn -0.0934 0.5551 -0.8266
vn -0.6703 0.7407 -0.0457
vn -0.7296 0.6838 0.0043
vn -0.7212 0.6927 -0.0006
vn -0.6211 0.7755 -0.1135
vn -0.6436 0.7554 -0.1230
vn -0.6487 0.7599 -0.0404
vn -0.7700 0.5830 0.2592
vn -0.7700 0.5839 0.2570
vn -0.7641 0.5503 0.3367
vn -0.7629 0.5470 0.3447
vn -0.7666 0.6167 0.1789
vn -0.7666 0.6169 0.1782
vn -0.7581 0.6451 0.0959
vn -0.7595 0.6436 0.0945
vn -0.7369 0.6739 0.0530
vn -0.6707 0.4086 0.6190
vn -0.6863 0.4359 0.5822
vn -0.6544 0.3936 0.6456
vn -0.6397 0.3912 0.6616
vn -0.7037 0.4639 0.5381
vn -0.7167 0.4831 0.5030
vn -0.7461 0.5187 0.4175
vn -0.7373 0.5090 0.4441
vn -0.1239 0.4882 0.8639
vn -0.1220 0.4879 0.8643
vn -0.2159 0.5012 0.8380
vn -0.2140 0.5009 0.8386
vn -0.3471 0.4922 0.7983
vn -0.3496 0.4911 0.7979
vn -0.2864 0.5056 0.8138
vn -0.2869 0.5056 0.8137
vn -0.4579 0.3023 -0.8360
vn -0.3527 0.2850 -0.8913
vn -0.3470 0.2843 -0.8937
vn -0.4529 0.3012 -0.8391
vn -0.2405 0.2747 -0.9310
vn -0.2353 0.2744 -0.9324
vn -0.1203 0.2691 -0.9556
vn -0.1175 0.2690 -0.9560
vn -0.8105 0.3524 -0.4679
vn -0.7397 0.3489 -0.5755
vn -0.7389 0.3488 -0.5764
vn -0.8105 0.3524 -0.4680
vn -0.6568 0.3391 -0.6735
vn -0.6550 0.3388 -0.6754
vn -0.5609 0.3227 -0.7624
vn -0.5573 0.3220 -0.7653
vn -0.9470 0.3211 0.0083
vn -0.9370 0.3303 -0.1140
vn -0.9373 0.3301 -0.1119
vn -0.9470 0.3210 0.0101
vn -0.9106 0.3402 -0.2346
vn -0.9111 0.3401 -0.2328
vn -0.8683 0.3488 -0.3528
vn -0.8687 0.3487 -0.3518
vn -0.8233 0.3101 0.4754
vn -0.8786 0.3098 0.3633
vn -0.8234 0.3101 0.4753
vn -0.9179 0.3103 0.2475
vn -0.9178 0.3103 0.2477
vn -0.9406 0.3139 0.1294
vn -0.9405 0.3138 0.1305
vn -0.4727 0.3064 0.8263
vn -0.5782 0.3088 0.7552
vn -0.5779 0.3088 0.7554
vn -0.4719 0.3064 0.8267
vn -0.6724 0.3093 0.6724
vn -0.7540 0.3097 0.5793
vn -0.7540 0.3097 0.5792
vn -0.1210 0.2916 0.9488
vn -0.1198 0.2916 0.9490
vn -0.2417 0.2963 0.9240
vn -0.2404 0.2962 0.9244
vn -0.3598 0.3018 0.8829
vn -0.3587 0.3017 0.8834
vn -0.3038 0.7917 -0.5300
vn -0.2330 0.7921 -0.5641
vn -0.3037 0.7917 -0.5300
vn -0.1579 0.7922 -0.5894
vn -0.0799 0.7922 -0.6050
vn -0.5325 0.7886 -0.3074
vn -0.4860 0.7890 -0.3759
vn -0.4859 0.7890 -0.3760
vn -0.4312 0.7899 -0.4361
vn -0.4310 0.7899 -0.4362
vn -0.3700 0.7909 -0.4874
vn -0.3698 0.7909 -0.4875
vn -0.6109 0.7917 0.0018
vn -0.6071 0.7909 -0.0768
vn -0.6071 0.7909 -0.0766
vn -0.6109 0.7917 0.0019
vn -0.5932 0.7899 -0.1554
vn -0.5933 0.7899 -0.1552
vn -0.5685 0.7890 -0.2329
vn -0.5686 0.7890 -0.2328
vn -0.5285 0.7922 0.3051
vn -0.5639 0.7922 0.2333
vn -0.5894 0.7922 0.1579
vn -0.6050 0.7921 0.0803
vn -0.6051 0.7921 0.0803
vn -0.3052 0.7922 0.5285
vn -0.3718 0.7922 0.4840
vn -0.3717 0.7922 0.4840
vn -0.4315 0.7922 0.4315
vn -0.4840 0.7922 0.3717
vn -0.0800 0.7922 0.6050
vn -0.0799 0.7922 0.6050
vn -0.1579 0.7922 0.5894
vn -0.1580 0.7922 0.5894
vn -0.2333 0.7922 0.5639
vn 0.0047 1.0000 0.0003
vn 0.0007 1.0000 0.0001
vn 0.0172 0.9998 0.0099
vn 0.0178 0.9998 0.0068
vn 0.0159 0.9999 0.0037
vn 0.0111 0.9999 0.0014
vn 0.0111 0.9999 0.0013
vn 0.0026 1.0000 0.0039
vn 0.0067 0.9999 0.0089
vn 0.0111 0.9999 0.0120
vn 0.0148 0.9998 0.0120
vn 0.0004 1.0000 0.0006
vn -0.1273 -0.0082 -0.9918
vn -0.1154 0.0162 -0.9932
vn -0.8703 0.0343 -0.4914
vn -0.8686 0.0064 -0.4955
vn -0.7961 -0.0152 -0.6049
vn -0.8000 -0.0042 -0.6000
vn -0.7104 -0.0372 -0.7028
vn -0.7149 -0.0436 -0.6978
vn -0.5071 -0.0092 -0.8619
vn -0.5034 -0.0785 -0.8605
vn -0.6125 -0.0595 -0.7883
vn -0.6166 -0.0140 -0.7871
vn -0.7131 -0.0202 -0.7008
vn -0.9959 0.0582 -0.0692
vn -0.9896 0.0541 -0.1335
vn -0.9843 0.1157 -0.1332
vn -0.9902 0.1206 -0.0697
vn -0.9651 0.0428 -0.2585
vn -0.9613 0.0983 -0.2574
vn -0.8693 -0.0363 -0.4929
vn -0.9251 0.0262 -0.3787
vn -0.9257 -0.0443 -0.3757
vn -0.9656 -0.0495 -0.2551
vn -0.8774 -0.0094 0.4797
vn -0.8764 -0.0126 0.4814
vn -0.9272 0.0118 0.3744
vn -0.9272 0.0275 0.3737
vn -0.9669 0.0352 0.2528
vn -0.9651 0.0655 0.2535
vn -0.9964 0.0566 0.0631
vn -0.9905 0.0512 0.1276
vn -0.9915 -0.0251 0.1276
vn -0.9973 -0.0329 0.0650
vn -0.9685 -0.0140 0.2486
vn -0.4899 -0.1358 0.8612
vn -0.4924 -0.0944 0.8653
vn -0.5815 -0.0800 0.8096
vn -0.5792 -0.1140 0.8071
vn -0.6571 -0.0658 0.7509
vn -0.6535 -0.0957 0.7508
vn -0.8829 -0.0151 0.4694
vn -0.8190 -0.0319 0.5729
vn -0.8278 -0.0157 0.5608
vn -0.7588 -0.0445 0.6498
vn -0.7656 -0.0126 0.6432
vn -0.1319 -0.1276 0.9830
vn -0.1311 -0.1896 0.9731
vn -0.2596 -0.1198 0.9583
vn -0.2583 -0.1790 0.9493
vn -0.4877 -0.0255 0.8727
vn -0.3836 -0.1085 0.9171
vn -0.3815 -0.0220 0.9241
vn -0.2607 -0.0202 0.9652
vn -0.4221 0.4586 0.7820
vn -0.4293 0.4552 0.7801
vn -0.5082 0.4211 0.7513
vn -0.5286 0.4136 0.7413
vn -0.6095 0.3937 0.6882
vn -0.5845 0.3971 0.7075
vn -0.1089 0.1119 -0.9877
vn -0.1185 0.1877 -0.9751
vn -0.1948 0.1162 -0.9739
vn -0.8635 -0.0753 -0.4987
vn -0.7929 -0.0388 -0.6081
vn -0.7975 -0.0278 -0.6026
vn -0.7090 -0.0037 -0.7052
vn -0.5053 0.0934 -0.8579
vn -0.5020 0.0583 -0.8629
vn -0.6122 0.0288 -0.7902
vn -0.6161 0.0493 -0.7862
vn -0.7126 0.0014 -0.7016
vn -0.9877 -0.1439 -0.0613
vn -0.9811 -0.1451 -0.1280
vn -0.9903 -0.0490 -0.1303
vn -0.9967 -0.0465 -0.0665
vn -0.9568 -0.1354 -0.2574
vn -0.8628 -0.1010 -0.4954
vn -0.9182 -0.1096 -0.3807
vn -0.9138 -0.1487 -0.3780
vn -0.9492 -0.1845 -0.2547
vn -0.8881 -0.0238 0.4590
vn -0.9316 -0.0381 0.3615
vn -0.9308 -0.0120 0.3654
vn -0.9652 -0.0608 0.2542
vn -0.9902 -0.1164 0.0766
vn -0.9857 -0.0962 0.1383
vn -0.9801 -0.1381 0.1426
vn -0.9830 -0.1629 0.0844
vn -0.9631 -0.0905 0.2535
vn -0.4659 0.0390 0.8840
vn -0.5541 0.0253 0.8321
vn -0.5755 -0.0244 0.8174
vn -0.6376 0.0235 0.7700
vn -0.6549 -0.0171 0.7555
vn -0.8524 -0.0108 0.5228
vn -0.8981 -0.0353 0.4385
vn -0.8364 -0.0064 0.5480
vn -0.7752 0.0097 0.6316
vn -0.1346 0.0818 0.9875
vn -0.1342 -0.0234 0.9907
vn -0.2546 0.0804 0.9637
vn -0.4374 0.0833 0.8954
vn -0.3657 0.0636 0.9285
vn -0.3477 0.1179 0.9302
vn -0.2470 0.1412 0.9587
vn -0.5256 0.4891 -0.6960
vn -0.4748 0.4852 -0.7343
vn -0.7100 -0.0547 0.7021
vn -0.7086 -0.0790 0.7012
vn -0.7130 -0.0118 0.7011
vn -0.7107 0.0199 0.7032
vn -0.5798 -0.5639 0.5881
vn -0.5801 -0.5640 0.5877
vn -0.5021 0.5178 -0.6927
vn -0.6165 0.7079 -0.3447
vn -0.6983 0.6660 -0.2624
vn -0.6882 0.6846 -0.2403
vn -0.6302 0.7114 -0.3111
vn -0.7474 0.6424 -0.1693
vn -0.7323 0.6630 -0.1559
vn -0.6499 0.7286 -0.2163
vn -0.5947 0.7535 -0.2803
vn -0.6882 0.7119 -0.1402
vn -0.5409 0.8103 -0.2256
vn -0.5559 0.7939 -0.2463
vn -0.6088 0.7708 -0.1877
vn -0.5902 0.7890 -0.1706
vn -0.5659 0.7485 -0.3457
vn -0.5836 0.7136 -0.3874
vn -0.5324 0.7901 -0.3037
vn -0.5018 0.7890 -0.3546
vn -0.5291 0.7416 -0.4124
vn -0.4602 0.8348 -0.3021
vn -0.4707 0.8461 -0.2501
vn -0.4898 0.8299 -0.2670
vn -0.3963 0.8854 -0.2429
vn -0.4141 0.8723 -0.2599
vn -0.3007 0.9238 -0.2368
vn -0.3150 0.9132 -0.2584
vn -0.3457 0.9027 -0.2563
vn -0.3341 0.9126 -0.2357
vn -0.3431 0.8940 -0.2881
vn -0.3736 0.8802 -0.2928
vn -0.4503 0.7897 -0.4167
vn -0.4704 0.7810 -0.4108
vn -0.4180 0.8412 -0.3430
vn -0.3905 0.8556 -0.3399
vn -0.5623 0.6413 -0.5220
vn -0.5507 0.5734 -0.6065
vn -0.5765 0.6977 -0.4252
vn -0.5542 0.6818 -0.4775
vn -0.5096 0.7152 -0.4783
vn -0.4936 0.6884 -0.5315
vn -0.7559 0.6519 -0.0601
vn -0.7115 0.7011 -0.0470
vn -0.7814 0.6195 -0.0746
vn -0.7478 0.6640 0.0021
vn -0.7350 0.6748 0.0664
vn 0.1423 0.9884 0.0523
vn 0.1243 0.9910 0.0492
vn 0.1272 0.9897 0.0651
vn 0.1440 0.9874 0.0658
vn 0.1097 0.9888 0.1010
vn 0.1267 0.9869 0.0996
vn 0.0700 0.9966 0.0427
vn 0.0728 0.9953 0.0632
vn 0.0556 0.9933 0.1009
vn 0.0850 0.9864 0.1406
vn 0.0691 0.9872 0.1436
vn 0.0041 0.9836 0.1804
vn 0.0220 0.9845 0.1740
vn 0.0206 0.9893 0.1444
vn -0.0403 0.9815 0.1874
vn -0.1597 0.9731 0.1662
vn -0.0948 0.9787 0.1821
vn -0.0560 0.9889 0.1375
vn -0.1488 0.9804 0.1291
vn -0.0322 0.9947 0.0977
vn -0.1391 0.9857 0.0955
vn -0.1284 0.9897 0.0639
vn -0.0174 0.9979 0.0622
vn -0.0170 0.9992 0.0368
vn -0.1246 0.9916 0.0350
vn -0.0655 0.9796 0.1901
vn -0.0437 0.9826 0.1806
vn -0.1074 0.9814 0.1590
vn -0.0834 0.9859 0.1448
vn -0.1141 0.9726 0.2027
vn -0.1594 0.9706 0.1802
vn -0.0896 0.9932 0.0737
vn -0.1177 0.9881 0.0991
vn -0.1068 0.9939 0.0293
vn -0.0591 0.9974 -0.0408
vn -0.1772 0.9748 0.1358
vn -0.1606 0.9841 0.0763
vn -0.2085 0.9767 0.0501
vn -0.1926 0.9778 0.0829
vn -0.2308 0.9633 0.1369
vn -0.2740 0.9554 0.1102
vn -0.2146 0.9610 0.1745
vn -0.2640 0.9537 0.1444
vn -0.2209 0.9624 0.1579
vn -0.1678 0.9666 0.1937
vn 0.0150 0.9976 0.0683
vn 0.0147 0.9976 0.0682
vn 0.0129 0.9976 0.0681
vn 0.0128 0.9976 0.0681
vn 0.0154 0.9975 0.0683
vn 0.0134 0.9976 0.0682
vn -0.0110 0.9985 0.0542
vn -0.0145 0.9984 0.0545
vn -0.0652 0.9975 0.0281
vn -0.0584 0.9979 0.0262
vn -0.0198 0.9981 0.0575
vn -0.0740 0.9965 0.0400
vn -0.0556 0.9963 0.0655
vn -0.0726 0.9957 0.0573
vn -0.0191 0.9978 0.0629
vn -0.0117 0.9977 0.0664
vn 0.0140 0.9976 0.0683
vn 0.0147 0.9975 0.0685
vn 0.0166 0.9975 0.0685
vn 0.0160 0.9975 0.0684
vn -0.1227 0.9924 0.0074
vn -0.1174 0.9931 0.0030
vn -0.1868 0.9823 -0.0148
vn -0.1670 0.9859 -0.0146
vn -0.1306 0.9911 0.0274
vn -0.2261 0.9740 0.0139
vn -0.1907 0.9807 -0.0425
vn -0.2253 0.9730 -0.0506
vn -0.2005 0.9755 -0.0910
vn -0.1735 0.9812 -0.0845
vn -0.2793 0.9601 -0.0113
vn -0.2579 0.9659 -0.0229
vn -0.2231 0.9743 0.0298
vn -0.2530 0.9669 0.0340
vn -0.2883 0.9571 0.0278
vn -0.2690 0.9629 0.0212
vn -0.2783 0.9601 0.0269
vn -0.2946 0.9554 0.0195
vn -0.2930 0.9556 0.0299
vn -0.2458 0.9685 0.0392
vn -0.2054 0.9772 0.0542
vn -0.2571 0.9653 0.0451
vn -0.1897 0.9807 0.0470
vn -0.1530 0.9863 0.0617
vn -0.1031 0.9925 0.0651
vn -0.1296 0.9901 0.0540
vn 0.1285 0.9914 -0.0250
vn 0.0473 0.9989 0.0050
vn 0.0710 0.9970 0.0323
vn 0.1353 0.9907 0.0163
vn 0.0915 0.9948 0.0442
vn 0.1360 0.9899 0.0390
vn -0.0816 0.9960 0.0356
vn -0.0418 0.9981 0.0457
vn 0.0018 0.9991 0.0429
vn 0.1368 0.9894 0.0480
vn 0.1098 0.9929 0.0467
vn 0.0434 0.9983 0.0380
vn -0.0390 0.9990 0.0236
vn -0.1345 0.9908 0.0146
vn -0.0786 0.9966 0.0262
vn -0.1572 0.9875 0.0103
vn -0.1894 0.9817 0.0203
vn -0.1242 0.9916 0.0366
vn -0.1646 0.9856 0.0376
vn -0.0383 0.9936 -0.1061
vn 0.0017 0.9837 -0.1800
vn -0.0046 0.9882 -0.1533
vn 0.0342 0.9738 -0.2249
vn 0.0349 0.9788 -0.2018
vn -0.0134 0.9883 -0.1517
vn 0.0065 0.9776 -0.2104
vn 0.0208 0.9691 -0.2457
vn 0.0654 0.9703 -0.2327
vn 0.0576 0.9675 -0.2462
vn 0.0465 0.9693 -0.2415
vn 0.0859 0.9651 -0.2475
vn 0.0311 0.9689 -0.2454
vn 0.0361 0.9740 -0.2235
vn 0.0145 0.9887 -0.1494
vn 0.0248 0.9811 -0.1919
vn 0.0192 0.9728 -0.2310
vn 0.0061 0.9791 -0.2032
vn 0.0130 0.9673 -0.2533
vn 0.0073 0.9691 -0.2465
vn 0.0239 0.9736 -0.2271
vn 0.0150 0.9744 -0.2244
vn 0.0115 0.9850 -0.1724
vn 0.0323 0.9831 -0.1801
vn -0.2391 0.9631 0.1234
vn -0.2971 0.9481 0.1133
vn -0.2418 0.9657 0.0952
vn -0.3133 0.9451 0.0926
vn -0.3118 0.9461 0.0880
vn -0.2778 0.9591 0.0534
vn -0.3426 0.9360 0.0809
vn -0.3321 0.9414 0.0595
vn -0.3811 0.9233 0.0480
vn -0.3679 0.9280 0.0590
vn -0.3599 0.9304 0.0692
vn -0.3642 0.9302 0.0463
vn -0.3163 0.9459 0.0716
vn -0.3130 0.9488 0.0422
vn -0.2320 0.9720 0.0376
vn -0.2368 0.9692 0.0679
vn -0.2332 0.9723 0.0138
vn -0.3102 0.9505 0.0172
vn -0.2394 0.9709 0.0051
vn -0.3076 0.9515 0.0083
vn -0.3581 0.9334 0.0233
vn -0.3725 0.9275 0.0319
vn -0.3459 0.9381 0.0162
vn -0.3463 0.9377 0.0284
vn -0.3056 0.9515 0.0364
vn -0.3256 0.9453 0.0212
vn -0.3023 0.9531 0.0108
vn -0.2511 0.9679 0.0100
vn 0.0343 0.9890 -0.1438
vn 0.0476 0.9891 -0.1392
vn 0.0569 0.9888 -0.1377
vn 0.0589 0.9831 -0.1735
vn 0.0812 0.9829 -0.1653
vn 0.0978 0.9818 -0.1629
vn 0.0622 0.9900 -0.1268
vn 0.0615 0.9912 -0.1169
vn 0.1139 0.9843 -0.1348
vn 0.1194 0.9870 -0.1072
vn 0.1389 0.9884 -0.0616
vn 0.1551 0.9840 -0.0878
vn 0.1317 0.9823 -0.1330
vn 0.0945 0.9900 -0.1051
vn 0.0977 0.9790 -0.1786
vn 0.0528 0.9874 -0.1491
vn 0.0450 0.9863 -0.1589
vn 0.0806 0.9800 -0.1819
vn 0.0586 0.9788 -0.1964
vn -0.0029 0.9977 0.0674
vn -0.0345 0.9973 0.0653
vn 0.0036 0.9976 0.0686
vn -0.0209 0.9976 0.0653
vn 0.0156 0.9975 0.0687
vn 0.0166 0.9975 0.0689
vn -0.0118 0.9980 0.0614
vn 0.0080 0.9977 0.0677
vn 0.0096 0.9978 0.0651
vn -0.0065 0.9984 0.0560
vn 0.0178 0.9974 0.0692
vn 0.0184 0.9974 0.0694
vn 0.0199 0.9974 0.0689
vn 0.0192 0.9974 0.0688
vn 0.0182 0.9975 0.0687
vn 0.0173 0.9975 0.0686
vn -0.1460 0.9875 0.0595
vn -0.1961 0.9790 0.0554
vn -0.0955 0.9938 0.0564
vn -0.1294 0.9902 0.0520
vn -0.1045 0.9926 0.0622
vn -0.0685 0.9959 0.0585
vn -0.0662 0.9972 0.0344
vn -0.0553 0.9976 0.0419
vn -0.0379 0.9988 0.0313
vn -0.0395 0.9990 0.0233
vn -0.0464 0.9977 0.0487
vn -0.0368 0.9985 0.0402
vn -0.0279 0.9985 0.0479
vn -0.0342 0.9980 0.0540
vn -0.0480 0.9970 0.0602
vn -0.0697 0.9956 0.0632
vn -0.2168 0.9760 0.0226
vn -0.1512 0.9885 0.0047
vn -0.1443 0.9895 0.0098
vn -0.0934 0.9956 -0.0114
vn -0.2795 0.9594 0.0388
vn -0.1925 0.9808 0.0301
vn -0.0410 0.9991 -0.0093
vn -0.0748 0.9971 0.0137
vn -0.0444 0.9988 0.0191
vn -0.0173 0.9998 -0.0056
vn -0.1045 0.9940 0.0334
vn -0.0652 0.9971 0.0381
vn -0.0790 0.9957 0.0483
vn -0.0782 0.9958 0.0481
vn -0.1262 0.9910 0.0456
vn -0.1317 0.9901 0.0478
vn -0.2283 0.9726 0.0437
vn -0.2414 0.9693 0.0474
vn -0.3387 0.9397 0.0478
vn -0.3228 0.9453 0.0481
vn -0.3294 0.9434 0.0386
vn -0.2295 0.9725 0.0396
vn -0.2984 0.9537 0.0381
vn -0.2012 0.9789 0.0357
vn -0.1186 0.9923 0.0370
vn -0.0673 0.9970 0.0372
vn -0.0984 0.9948 0.0255
vn -0.0523 0.9984 0.0214
vn -0.0437 0.9989 0.0171
vn -0.0804 0.9964 0.0269
vn -0.1662 0.9851 0.0437
vn -0.2509 0.9668 0.0481
vn 0.0074 0.9933 -0.1154
vn 0.0104 0.9936 -0.1123
vn 0.0178 0.9947 -0.1010
vn -0.0353 0.9979 -0.0551
vn -0.0267 0.9976 -0.0637
vn -0.0071 0.9980 -0.0633
vn 0.0485 0.9960 -0.0745
vn 0.0854 0.9951 -0.0496
vn 0.0208 0.9984 -0.0534
vn 0.0400 0.9981 -0.0470
vn 0.0102 0.9996 -0.0282
vn -0.0079 0.9995 -0.0309
vn -0.0457 0.9984 -0.0331
vn -0.0855 0.9961 -0.0214
vn -0.1073 0.9942 0.0022
vn -0.0070 0.9858 -0.1676
vn -0.0001 0.9931 -0.1173
vn -0.0128 0.9898 -0.1419
vn -0.0096 0.9939 -0.1103
vn 0.0012 0.9757 -0.2189
vn -0.0016 0.9840 -0.1783
vn -0.0085 0.9930 -0.1175
vn -0.0085 0.9915 -0.1302
vn -0.0007 0.9893 -0.1456
vn 0.0168 0.9890 -0.1467
vn 0.0293 0.9834 -0.1791
vn 0.0325 0.9765 -0.2128
vn -0.0802 0.9961 -0.0367
vn -0.0382 0.9953 -0.0893
vn -0.1127 0.9936 0.0108
vn -0.0503 0.9973 -0.0537
vn -0.0008 0.9936 -0.1132
vn -0.0452 0.9980 -0.0451
vn -0.1153 0.9931 0.0205
vn -0.1219 0.9851 -0.1211
vn -0.0988 0.9868 -0.1282
vn -0.0145 0.9962 -0.0854
vn 0.0326 0.9909 -0.1309
vn -0.2086 0.9775 -0.0302
vn -0.1354 0.9901 -0.0371
vn 0.1142 0.9905 -0.0764
vn 0.0296 0.9990 -0.0321
vn -0.1104 0.9936 0.0225
vn -0.1952 0.9801 0.0358
vn -0.5053 -0.1198 -0.8546
vn -0.6162 -0.0831 -0.7832
vn -0.9239 0.0697 -0.3764
vn -0.9918 0.1103 0.0646
vn -0.9869 0.0971 0.1285
vn -0.8208 -0.0401 0.5698
vn -0.7606 -0.0625 0.6462
vn -0.3821 -0.1597 0.9102
vn -0.3826 0.0827 -0.9202
vn -0.3840 0.1308 -0.9140
vn -0.2804 0.0974 -0.9549
vn -0.2683 0.1670 -0.9487
vn -0.7950 -0.0493 -0.6045
vn -0.9782 -0.1993 -0.0579
vn -0.9720 -0.1990 -0.1248
vn -0.9346 -0.0568 0.3510
vn -0.5224 0.0568 0.8508
vn -0.6006 0.0530 0.7978
vn -0.7977 0.0205 0.6027
vn -0.1333 0.1448 0.9804
vn -0.6739 0.0421 0.7377
vn -0.7412 0.0293 0.6706
vn -0.7068 0.0466 0.7058
vn -0.0000 0.0000 -1.0000
vn -0.3665 -0.2838 -0.8861
vn -0.3484 -0.4111 -0.8424
vn -0.3117 -0.6057 -0.7321
vn -0.3356 -0.5157 -0.7883
vn -0.2508 -0.5127 -0.8212
vn -0.2156 -0.6196 -0.7547
vn -0.1202 -0.6378 -0.7607
vn -0.3764 -0.1589 -0.9127
vn -0.2962 -0.2734 -0.9152
vn -0.2979 -0.1745 -0.9385
vn -0.3887 -0.0041 -0.9214
vn -0.2817 -0.0017 -0.9595
vn -0.3837 -0.0983 -0.9182
vn -0.2763 -0.0858 -0.9572
vn -0.2018 -0.0020 -0.9794
vn -0.0037 -1.0000 -0.0000
vn -0.0036 -1.0000 -0.0000
vn 0.0411 -0.9992 -0.0000
vn 0.0357 -0.9994 -0.0000
vn 0.0375 0.9993 -0.0000
vn 0.0410 0.9992 -0.0000
vn -0.0021 1.0000 -0.0000
vn -0.0020 1.0000 -0.0000
vn 0.2008 -0.9796 -0.0000
vn 0.1864 -0.9825 -0.0000
vn 0.4508 -0.8926 -0.0000
vn 0.4323 -0.9017 -0.0000
vn 0.7056 -0.7086 -0.0000
vn 0.6884 -0.7254 -0.0000
vn 1.0000 0.0000 0.0000
vn 0.9790 0.2040 -0.0000
vn 0.9813 0.1924 -0.0000
vn 1.0000 -0.0086 0.0000
vn 0.8907 0.4546 0.0000
vn 0.8979 0.4401 0.0000
vn 0.7056 0.7086 0.0000
vn 0.7175 0.6965 0.0000
vn 0.9762 -0.2168 0.0000
vn 0.9790 -0.2040 0.0000
vn 0.8812 -0.4727 0.0000
vn 0.8907 -0.4546 0.0000
vn 0.1962 0.9806 0.0000
vn 0.2008 0.9796 0.0000
vn 0.4560 0.8900 0.0000
vn 0.4508 0.8926 0.0000
vn -0.1747 -0.0266 -0.9843
vn -0.1934 -0.5895 -0.7843
vn -0.2354 -0.4491 -0.8619
vn -0.1590 -0.6280 -0.7618
vn -0.1721 -0.6275 -0.7594
vn -0.2737 -0.2113 -0.9383
vn -0.2691 -0.1592 -0.9498
vn -0.2791 -0.3395 -0.8982
vn -0.2929 -0.3751 -0.8795
vn -0.2234 -0.0618 -0.9728
vn -0.2199 -0.0484 -0.9743
vn -0.2286 -0.1299 -0.9648
vn -0.2855 -0.1547 -0.9458
vn -0.2412 -0.1366 -0.9608
vn -0.1897 -0.0512 -0.9805
vn -0.7284 0.6839 0.0420
vn 0.2935 0.5632 -0.7725
vn 0.2834 0.5621 -0.7770
vn 0.3597 0.5550 -0.7501
vn 0.3593 0.5551 -0.7502
vn 0.2028 0.5556 -0.8063
vn 0.1957 0.5551 -0.8084
vn 0.0000 0.5569 -0.8306
vn -0.0000 0.5569 -0.8306
vn 0.0942 0.5545 -0.8269
vn 0.0976 0.5543 -0.8266
vn 0.5923 0.7981 -0.1103
vn 0.6413 0.7653 -0.0548
vn 0.6412 0.7654 -0.0549
vn 0.7740 0.5827 0.2478
vn 0.7671 0.5478 0.3339
vn 0.7673 0.5484 0.3324
vn 0.7682 0.6185 0.1655
vn 0.7115 0.7026 0.0073
vn 0.7085 0.7057 0.0045
vn 0.7528 0.6533 0.0807
vn 0.7528 0.6532 0.0808
vn 0.6836 0.4329 0.5877
vn 0.6772 0.4254 0.6003
vn 0.6405 0.4010 0.6549
vn 0.6405 0.4010 0.6550
vn 0.7144 0.4753 0.5136
vn 0.7114 0.4705 0.5221
vn 0.7421 0.5108 0.4341
vn 0.7450 0.5140 0.4251
vn 0.1297 0.4880 0.8631
vn 0.1309 0.4881 0.8629
vn -0.0000 0.4827 0.8758
vn 0.0000 0.4827 0.8758
vn 0.2217 0.4986 0.8380
vn 0.3291 0.4862 0.8095
vn 0.2857 0.5008 0.8170
vn 0.2854 0.5008 0.8171
vn 0.3960 0.4536 0.7984
vn 0.3914 0.4556 0.7995
vn 0.4912 0.4167 0.7649
vn 0.4818 0.4200 0.7691
vn 0.5714 0.3999 0.7166
vn 0.5829 0.3993 0.7077
vn 0.4471 0.5002 -0.7416
vn 0.4222 0.5206 -0.7421
vn 0.4946 0.5265 -0.6915
vn 0.5147 0.5909 -0.6212
vn 0.4975 0.8404 -0.2151
vn 0.5048 0.8371 -0.2107
vn 0.5593 0.8128 -0.1628
vn 0.4223 0.8745 -0.2387
vn 0.4222 0.8745 -0.2387
vn 0.3417 0.9117 -0.2279
vn 0.3481 0.9088 -0.2301
vn 0.2646 0.9410 -0.2110
vn 0.2868 0.9343 -0.2116
vn 0.2867 0.9344 -0.2116
vn 0.2790 0.9330 -0.2271
vn 0.2795 0.9328 -0.2275
vn 0.3161 0.9140 -0.2543
vn 0.3165 0.9138 -0.2545
vn 0.4095 0.8416 -0.3521
vn 0.4369 0.8143 -0.3822
vn 0.3590 0.8855 -0.2948
vn 0.3587 0.8858 -0.2944
vn 0.4869 0.7400 -0.4641
vn 0.5085 0.6869 -0.5193
vn -0.3593 0.5551 -0.7502
vn -0.3597 0.5550 -0.7501
vn -0.2834 0.5621 -0.7770
vn -0.2935 0.5632 -0.7725
vn -0.1957 0.5551 -0.8084
vn -0.2028 0.5556 -0.8063
vn -0.0976 0.5543 -0.8266
vn -0.0942 0.5545 -0.8269
vn -0.6412 0.7654 -0.0549
vn -0.6413 0.7653 -0.0548
vn -0.5923 0.7981 -0.1103
vn -0.7673 0.5484 0.3324
vn -0.7671 0.5478 0.3339
vn -0.7740 0.5827 0.2478
vn -0.7682 0.6185 0.1655
vn -0.7528 0.6533 0.0807
vn -0.7528 0.6532 0.0808
vn -0.6405 0.4010 0.6550
vn -0.6405 0.4010 0.6549
vn -0.6772 0.4254 0.6003
vn -0.6836 0.4329 0.5877
vn -0.7114 0.4705 0.5221
vn -0.7144 0.4753 0.5136
vn -0.7450 0.5140 0.4251
vn -0.7421 0.5108 0.4341
vn -0.1309 0.4881 0.8629
vn -0.1297 0.4880 0.8631
vn -0.2217 0.4986 0.8380
vn -0.2854 0.5008 0.8171
vn -0.2857 0.5008 0.8170
vn -0.3291 0.4862 0.8095
vn -0.3914 0.4556 0.7995
vn -0.3960 0.4536 0.7984
vn -0.4818 0.4200 0.7691
vn -0.4912 0.4167 0.7649
vn -0.5829 0.3993 0.7077
vn -0.5714 0.3999 0.7166
vn -0.4222 0.5206 -0.7421
vn -0.4471 0.5002 -0.7416
vn -0.5147 0.5909 -0.6212
vn -0.4946 0.5265 -0.6915
vn -0.5593 0.8128 -0.1628
vn -0.5048 0.8371 -0.2107
vn -0.4975 0.8404 -0.2151
vn -0.4222 0.8745 -0.2387
vn -0.4223 0.8745 -0.2387
vn -0.3481 0.9088 -0.2301
vn -0.3417 0.9117 -0.2279
vn -0.2646 0.9410 -0.2110
vn -0.2795 0.9328 -0.2275
vn -0.2790 0.9330 -0.2271
vn -0.2867 0.9344 -0.2116
vn -0.2868 0.9343 -0.2116
vn -0.3165 0.9138 -0.2545
vn -0.3161 0.9140 -0.2543
vn -0.3587 0.8858 -0.2944
vn -0.3590 0.8855 -0.2948
vn -0.4370 0.8143 -0.3822
vn -0.4095 0.8416 -0.3521
vn -0.5085 0.6869 -0.5193
vn -0.4869 0.7400 -0.4641
vn -0.7115 0.7026 0.0073
vn -0.7085 0.7057 0.0045
vn 0.0597 0.9700 -0.2358
vn 0.2860 0.5766 -0.7653
vn 0.3591 0.5819 -0.7297
vn 0.0632 0.9553 -0.2888
vn 0.0432 0.9673 -0.2500
vn 0.1970 0.5724 -0.7959
vn -0.0000 0.9682 -0.2501
vn 0.0000 0.5704 -0.8213
vn 0.0960 0.5704 -0.8158
vn 0.0251 0.9665 -0.2554
vn 0.0014 0.9986 0.0521
vn 0.6413 0.7659 -0.0465
vn 0.8196 0.5728 0.0133
vn 0.3290 0.8496 0.4123
vn -0.0339 0.9966 0.0754
vn 0.5865 0.8028 -0.1077
vn 0.2027 0.9727 0.1126
vn 0.7634 0.5959 0.2492
vn 0.7554 0.5647 0.3324
vn 0.2371 0.9631 0.1274
vn 0.1687 0.9813 0.0930
vn 0.7592 0.6287 0.1682
vn 0.7434 0.6635 0.0839
vn 0.1322 0.9886 0.0715
vn 0.3836 0.8632 -0.3283
vn 0.3439 0.9192 0.1920
vn 0.6765 0.4347 0.5945
vn 0.6375 0.4086 0.6531
vn 0.3735 0.8976 0.2339
vn 0.3025 0.9378 0.1703
vn 0.7064 0.4905 0.5103
vn 0.7349 0.5274 0.4264
vn 0.2689 0.9519 0.1469
vn 0.0285 0.9431 0.3312
vn 0.1273 0.5035 0.8546
vn 0.0000 0.5063 0.8624
vn -0.0000 0.9409 0.3388
vn 0.0576 0.9474 0.3148
vn 0.2197 0.5065 0.8338
vn 0.1596 0.9420 0.2951
vn 0.3331 0.4745 0.8148
vn 0.2862 0.5007 0.8169
vn 0.0958 0.9488 0.3011
vn 0.2455 0.9241 0.2929
vn 0.3978 0.4532 0.7977
vn 0.3192 0.9021 0.2903
vn 0.4902 0.4247 0.7612
vn 0.5753 0.4004 0.7132
vn 0.3693 0.8933 0.2564
vn 0.4157 0.5428 -0.7298
vn 0.0489 0.9527 -0.3001
vn 0.4840 0.6156 -0.6219
vn -0.0249 0.9627 -0.2693
vn -0.0319 0.9826 0.1830
vn 0.4873 0.8488 -0.2050
vn 0.5487 0.8210 -0.1575
vn -0.0357 0.9919 0.1220
vn -0.0342 0.9659 0.2567
vn 0.4219 0.8779 -0.2265
vn -0.0730 0.9508 0.3010
vn 0.3672 0.8990 -0.2386
vn -0.2950 0.9393 0.1754
vn 0.3354 0.9057 -0.2594
vn 0.3359 0.9102 -0.2422
vn -0.1761 0.9428 0.2831
vn -0.3643 0.9307 0.0325
vn 0.3306 0.9045 -0.2695
vn -0.3503 0.9304 -0.1076
vn 0.3491 0.8957 -0.2753
vn -0.2371 0.9501 -0.2030
vn 0.4250 0.8223 -0.3784
vn 0.3665 0.8780 -0.3080
vn -0.3172 0.9336 -0.1669
vn -0.1362 0.9591 -0.2480
vn 0.4647 0.7482 -0.4735
vn -0.0632 0.9553 -0.2888
vn -0.3591 0.5819 -0.7297
vn -0.2860 0.5766 -0.7653
vn -0.0597 0.9700 -0.2358
vn -0.1970 0.5724 -0.7959
vn -0.0432 0.9673 -0.2500
vn -0.0251 0.9665 -0.2554
vn -0.0960 0.5704 -0.8158
vn -0.0031 0.9987 0.0519
vn -0.6427 0.7647 -0.0467
vn -0.5872 0.8022 -0.1079
vn 0.0330 0.9966 0.0751
vn -0.2371 0.9631 0.1274
vn -0.7554 0.5647 0.3324
vn -0.7634 0.5959 0.2492
vn -0.2027 0.9727 0.1126
vn -0.7592 0.6287 0.1682
vn -0.1687 0.9813 0.0930
vn -0.7434 0.6635 0.0839
vn -0.1322 0.9886 0.0715
vn -0.3735 0.8976 0.2339
vn -0.6375 0.4086 0.6531
vn -0.6765 0.4347 0.5945
vn -0.3439 0.9192 0.1920
vn -0.7064 0.4905 0.5103
vn -0.3025 0.9378 0.1703
vn -0.2689 0.9519 0.1469
vn -0.7349 0.5274 0.4264
vn -0.1273 0.5035 0.8546
vn -0.0285 0.9431 0.3312
vn -0.2197 0.5065 0.8338
vn -0.0576 0.9474 0.3148
vn -0.0958 0.9488 0.3011
vn -0.2862 0.5007 0.8169
vn -0.3331 0.4745 0.8148
vn -0.1596 0.9420 0.2951
vn -0.3978 0.4532 0.7977
vn -0.2455 0.9241 0.2929
vn -0.4902 0.4247 0.7612
vn -0.3192 0.9021 0.2903
vn -0.3693 0.8933 0.2564
vn -0.5753 0.4004 0.7132
vn -0.0489 0.9527 -0.3001
vn -0.4157 0.5428 -0.7298
vn 0.0249 0.9627 -0.2693
vn -0.4840 0.6156 -0.6219
vn 0.0356 0.9919 0.1219
vn -0.5488 0.8210 -0.1575
vn -0.4873 0.8488 -0.2050
vn 0.0319 0.9826 0.1830
vn -0.4219 0.8779 -0.2265
vn 0.0342 0.9659 0.2567
vn -0.3672 0.8990 -0.2386
vn 0.0730 0.9508 0.3010
vn 0.2950 0.9393 0.1754
vn -0.3354 0.9057 -0.2594
vn -0.3306 0.9045 -0.2695
vn 0.3643 0.9307 0.0325
vn 0.1761 0.9428 0.2831
vn -0.3359 0.9102 -0.2422
vn -0.3491 0.8957 -0.2753
vn 0.3503 0.9304 -0.1076
vn 0.3172 0.9336 -0.1669
vn -0.3665 0.8780 -0.3080
vn -0.4250 0.8223 -0.3784
vn 0.2371 0.9501 -0.2030
vn -0.4647 0.7482 -0.4735
vn 0.1362 0.9591 -0.2480
vn -0.8198 0.5725 0.0132
vn -0.3299 0.8490 0.4129
vn -0.3836 0.8632 -0.3282
vn 0.4882 -0.1326 -0.8626
vn 0.3707 -0.1257 -0.9202
vn 0.2533 -0.1339 -0.9581
vn 0.1201 -0.1349 -0.9836
vn -0.0000 -0.1325 -0.9912
vn 0.9829 0.1348 -0.1258
vn 0.9502 0.1943 -0.2437
vn 0.9139 -0.1417 0.3804
vn 0.9591 -0.0993 0.2652
vn 0.9854 -0.0542 0.1616
vn 0.9984 -0.0132 0.0542
vn 0.9982 0.0472 -0.0360
vn 0.5853 -0.2966 0.7546
vn 0.6591 -0.2745 0.7002
vn 0.7519 -0.2297 0.6179
vn 0.8424 -0.1848 0.5061
vn -0.0000 -0.2165 0.9763
vn 0.1653 -0.2103 0.9636
vn 0.2728 -0.1996 0.9412
vn 0.3327 -0.1980 0.9220
vn 0.3408 -0.2127 0.9158
vn 0.3580 -0.2428 0.9016
vn 0.4257 -0.2769 0.8614
vn 0.5066 -0.2964 0.8097
vn 0.5996 -0.1837 -0.7789
vn 0.6932 -0.1447 -0.7061
vn 0.9019 0.2219 -0.3705
vn 0.8208 0.2697 -0.5035
vn 0.7043 0.3440 -0.6210
vn 0.6256 0.4105 -0.6634
vn 0.6253 0.4584 -0.6315
vn 0.7171 0.4750 -0.5100
vn 0.8091 0.4673 -0.3564
vn 0.8520 0.4416 -0.2811
vn 0.8734 0.3839 -0.2998
vn 0.8842 0.2651 -0.3846
vn 0.8378 0.0672 -0.5418
vn -0.3707 -0.1257 -0.9202
vn -0.4882 -0.1326 -0.8626
vn -0.2533 -0.1339 -0.9581
vn -0.1201 -0.1349 -0.9836
vn -0.9504 0.1934 -0.2437
vn -0.9831 0.1331 -0.1259
vn -0.9591 -0.0993 0.2652
vn -0.9139 -0.1417 0.3804
vn -0.9854 -0.0542 0.1616
vn -0.9984 -0.0131 0.0542
vn -0.6591 -0.2745 0.7002
vn -0.5853 -0.2966 0.7546
vn -0.7519 -0.2297 0.6179
vn -0.8424 -0.1848 0.5061
vn -0.1653 -0.2103 0.9636
vn -0.2727 -0.1996 0.9412
vn -0.3408 -0.2127 0.9158
vn -0.3327 -0.1980 0.9220
vn -0.3580 -0.2428 0.9016
vn -0.4257 -0.2769 0.8614
vn -0.5066 -0.2964 0.8097
vn -0.5996 -0.1837 -0.7789
vn -0.6932 -0.1446 -0.7061
vn -0.8208 0.2697 -0.5035
vn -0.9020 0.2218 -0.3705
vn -0.7043 0.3440 -0.6210
vn -0.6256 0.4105 -0.6634
vn -0.8091 0.4673 -0.3564
vn -0.7171 0.4750 -0.5100
vn -0.6253 0.4584 -0.6315
vn -0.8520 0.4416 -0.2811
vn -0.8842 0.2651 -0.3846
vn -0.8734 0.3839 -0.2998
vn -0.8378 0.0672 -0.5418
vn -0.9983 0.0464 -0.0361
vn 0.6487 0.7599 -0.0404
vn 0.0042 -0.9976 -0.0692
vn 0.0681 -0.7954 -0.6022
vn 0.0000 -0.7979 -0.6028
vn 0.0000 -0.9978 -0.0670
vn 0.1307 -0.9886 -0.0746
vn 0.5593 -0.7637 -0.3224
vn 0.5092 -0.7663 -0.3917
vn 0.1138 -0.9896 -0.0876
vn 0.4564 -0.7636 -0.4568
vn 0.1056 -0.9887 -0.1064
vn 0.0974 -0.9870 -0.1276
vn 0.3962 -0.7597 -0.5156
vn 0.3227 -0.7652 -0.5570
vn 0.0762 -0.9887 -0.1294
vn 0.5332 -0.7741 0.3412
vn 0.8335 -0.5526 -0.0001
vn 0.6802 -0.7275 -0.0896
vn 0.2262 -0.9736 -0.0293
vn 0.6922 -0.3570 0.6272
vn 0.8888 -0.4584 -0.0004
vn 0.6467 -0.7430 -0.1726
vn 0.1913 -0.9802 -0.0500
vn 0.1590 -0.9852 -0.0643
vn 0.6069 -0.7545 -0.2498
vn 0.1275 -0.9892 0.0725
vn 0.5575 -0.7655 0.3212
vn 0.6067 -0.7547 0.2497
vn 0.1586 -0.9853 0.0641
vn 0.6467 -0.7430 0.1726
vn 0.1913 -0.9802 0.0500
vn 0.5331 -0.7741 -0.3415
vn 0.6919 -0.3568 -0.6277
vn 0.2262 -0.9736 0.0293
vn 0.6802 -0.7275 0.0896
vn 0.0855 -0.9850 0.1497
vn 0.3277 -0.7547 0.5684
vn 0.3945 -0.7616 0.5142
vn 0.0944 -0.9879 0.1229
vn 0.1072 -0.9908 0.0832
vn 0.5060 -0.7699 0.3888
vn 0.0000 -0.9815 0.1915
vn -0.0000 -0.7461 0.6658
vn 0.0877 -0.7460 0.6602
vn 0.0251 -0.9816 0.1895
vn 0.1721 -0.7466 0.6426
vn 0.0489 -0.9819 0.1830
vn 0.0702 -0.9828 0.1707
vn 0.2527 -0.7490 0.6125
vn 0.3653 -0.2916 -0.8840
vn 0.2400 -0.7806 -0.5770
vn 0.4797 -0.2840 -0.8302
vn 0.2629 -0.2980 -0.9176
vn 0.1711 -0.7903 -0.5884
vn 0.0000 -0.3005 -0.9538
vn 0.1103 -0.3017 -0.9470
vn 0.1215 -0.7892 -0.6020
vn 0.1876 -0.3022 -0.9346
vn 0.7607 -0.2810 -0.5852
vn 0.8317 -0.2793 -0.4799
vn 0.6788 -0.2796 -0.6790
vn 0.5855 -0.2789 -0.7612
vn 0.9592 -0.2530 -0.1265
vn 0.9705 -0.2413 -0.0000
vn 0.9307 -0.2678 -0.2490
vn 0.8891 -0.2742 -0.3666
vn 0.8890 -0.2745 0.3665
vn 0.8314 -0.2807 0.4796
vn 0.9307 -0.2678 0.2490
vn 0.9592 -0.2530 0.1265
vn 0.5853 -0.2791 0.7613
vn 0.4805 -0.2748 0.8328
vn 0.6782 -0.2826 0.6784
vn 0.4531 -0.7675 0.4535
vn 0.7601 -0.2837 0.5847
vn 0.1268 -0.2695 0.9546
vn -0.0000 -0.2695 0.9630
vn 0.2492 -0.2699 0.9301
vn 0.3671 -0.2714 0.8897
vn 0.7284 0.6847 0.0258
vn 0.5539 0.5196 0.6506
vn 0.5782 0.5442 -0.6079
vn 0.7778 0.0484 0.6266
vn 0.9982 0.0602 -0.0033
vn 0.9927 0.1209 -0.0026
vn 0.7782 0.0951 0.6208
vn 0.7746 0.0460 -0.6308
vn 0.9991 -0.0417 -0.0006
vn 0.7730 -0.0350 -0.6334
vn 0.7796 -0.1069 0.6170
vn 0.9901 -0.1404 0.0088
vn 0.7734 -0.0295 0.6333
vn 0.7895 -0.1163 -0.6026
vn 0.9803 -0.1959 0.0244
vn 0.8033 -0.1655 -0.5721
vn 0.0996 -0.9900 0.1003
vn 0.5938 0.5551 -0.5824
vn 0.7306 0.6821 0.0317
vn 0.7753 0.0941 -0.6246
vn 0.7868 -0.1524 0.5981
vn 0.0441 -0.9939 -0.1009
vn 0.0265 -0.9967 -0.0761
vn 0.0136 -0.9974 -0.0707
vn -0.0681 -0.7954 -0.6022
vn -0.0042 -0.9976 -0.0692
vn -0.1138 -0.9896 -0.0876
vn -0.5092 -0.7663 -0.3917
vn -0.5593 -0.7637 -0.3224
vn -0.1307 -0.9886 -0.0746
vn -0.1056 -0.9887 -0.1064
vn -0.4564 -0.7636 -0.4568
vn -0.0762 -0.9887 -0.1294
vn -0.3227 -0.7652 -0.5570
vn -0.3962 -0.7597 -0.5156
vn -0.0974 -0.9870 -0.1276
vn -0.2262 -0.9736 -0.0293
vn -0.6802 -0.7275 -0.0896
vn -0.8335 -0.5526 -0.0001
vn -0.5332 -0.7741 0.3412
vn -0.8888 -0.4584 -0.0004
vn -0.6922 -0.3570 0.6272
vn -0.1913 -0.9802 -0.0500
vn -0.6467 -0.7430 -0.1726
vn -0.6069 -0.7545 -0.2498
vn -0.1590 -0.9852 -0.0643
vn -0.1586 -0.9853 0.0641
vn -0.6067 -0.7547 0.2497
vn -0.5575 -0.7655 0.3212
vn -0.1275 -0.9892 0.0725
vn -0.1913 -0.9802 0.0500
vn -0.6467 -0.7430 0.1726
vn -0.5331 -0.7741 -0.3415
vn -0.6802 -0.7275 0.0896
vn -0.2262 -0.9736 0.0293
vn -0.6919 -0.3568 -0.6277
vn -0.0944 -0.9879 0.1229
vn -0.3945 -0.7616 0.5142
vn -0.3277 -0.7547 0.5684
vn -0.0855 -0.9850 0.1497
vn -0.5060 -0.7699 0.3888
vn -0.1072 -0.9908 0.0832
vn -0.0251 -0.9816 0.1895
vn -0.0877 -0.7460 0.6602
vn -0.0489 -0.9819 0.1830
vn -0.1721 -0.7466 0.6426
vn -0.2527 -0.7490 0.6125
vn -0.0702 -0.9828 0.1707
vn -0.4797 -0.2840 -0.8302
vn -0.2400 -0.7806 -0.5770
vn -0.3653 -0.2916 -0.8840
vn -0.1711 -0.7903 -0.5884
vn -0.2629 -0.2980 -0.9176
vn -0.1103 -0.3017 -0.9470
vn -0.1876 -0.3022 -0.9346
vn -0.1215 -0.7892 -0.6020
vn -0.8317 -0.2793 -0.4799
vn -0.7607 -0.2810 -0.5852
vn -0.6788 -0.2796 -0.6790
vn -0.5855 -0.2789 -0.7612
vn -0.9705 -0.2413 -0.0000
vn -0.9592 -0.2530 -0.1265
vn -0.9307 -0.2678 -0.2490
vn -0.8891 -0.2742 -0.3666
vn -0.8314 -0.2807 0.4796
vn -0.8890 -0.2745 0.3665
vn -0.9307 -0.2678 0.2490
vn -0.9592 -0.2530 0.1265
vn -0.4805 -0.2748 0.8328
vn -0.5853 -0.2791 0.7613
vn -0.4531 -0.7675 0.4535
vn -0.6782 -0.2826 0.6784
vn -0.7601 -0.2837 0.5847
vn -0.1268 -0.2695 0.9546
vn -0.2492 -0.2699 0.9301
vn -0.3671 -0.2714 0.8897
vn -0.5537 0.5194 0.6509
vn -0.7284 0.6846 0.0261
vn -0.7782 0.0951 0.6208
vn -0.9927 0.1209 -0.0026
vn -0.9982 0.0602 -0.0033
vn -0.7778 0.0484 0.6266
vn -0.7730 -0.0350 -0.6334
vn -0.9991 -0.0417 -0.0006
vn -0.7746 0.0460 -0.6308
vn -0.7734 -0.0295 0.6333
vn -0.9901 -0.1404 0.0088
vn -0.7796 -0.1069 0.6170
vn -0.8033 -0.1655 -0.5721
vn -0.9803 -0.1959 0.0244
vn -0.7895 -0.1163 -0.6026
vn -0.0996 -0.9900 0.1003
vn -0.5783 0.5442 -0.6078
vn -0.7306 0.6821 0.0317
vn -0.5938 0.5551 -0.5824
vn -0.7753 0.0941 -0.6246
vn -0.7868 -0.1524 0.5981
vn -0.0265 -0.9967 -0.0761
vn -0.0441 -0.9939 -0.1009
vn -0.0136 -0.9974 -0.0707
vn 0.5695 0.5309 0.6275
vn -0.5695 0.5309 0.6275
vn -0.5774 -0.5773 0.5774
vn -0.6018 -0.6018 0.5251
vn -0.5375 -0.6498 0.5375
vn -0.5251 -0.6018 0.6018
vn -0.6263 -0.6263 0.4642
vn -0.5609 -0.6795 0.4729
vn -0.4916 -0.7188 0.4916
vn -0.4729 -0.6795 0.5609
vn -0.4642 -0.6263 0.6263
vn -0.6470 -0.6470 0.4034
vn -0.5815 -0.7036 0.4085
vn -0.6667 -0.6667 0.3334
vn -0.5993 -0.7264 0.3364
vn -0.5258 -0.7780 0.3439
vn -0.5098 -0.7506 0.4204
vn -0.6836 -0.6836 0.2557
vn -0.6146 -0.7456 0.2578
vn -0.6964 -0.6964 0.1733
vn -0.6261 -0.7599 0.1746
vn -0.5497 -0.8162 0.1778
vn -0.5394 -0.8000 0.2630
vn -0.7044 -0.7044 0.0875
vn -0.6334 -0.7687 0.0882
vn -0.7071 -0.7071 -0.0000
vn -0.6360 -0.7717 -0.0000
vn -0.5586 -0.8294 -0.0000
vn -0.5563 -0.8261 0.0897
vn -0.4085 -0.7036 0.5815
vn -0.4034 -0.6470 0.6470
vn -0.4204 -0.7506 0.5098
vn -0.3439 -0.7780 0.5258
vn -0.3364 -0.7264 0.5993
vn -0.3334 -0.6667 0.6667
vn -0.4341 -0.7894 0.4341
vn -0.4475 -0.8214 0.3538
vn -0.3643 -0.8571 0.3643
vn -0.3538 -0.8214 0.4475
vn -0.4591 -0.8464 0.2699
vn -0.4680 -0.8647 0.1822
vn -0.3810 -0.9054 0.1870
vn -0.3737 -0.8851 0.2775
vn -0.4738 -0.8758 0.0918
vn -0.4759 -0.8795 -0.0000
vn -0.3876 -0.9218 -0.0000
vn -0.3859 -0.9177 0.0941
vn -0.2578 -0.7456 0.6146
vn -0.2557 -0.6836 0.6836
vn -0.2630 -0.8000 0.5394
vn -0.1778 -0.8162 0.5497
vn -0.1746 -0.7599 0.6261
vn -0.1733 -0.6964 0.6964
vn -0.2699 -0.8464 0.4591
vn -0.2775 -0.8851 0.3737
vn -0.1870 -0.9054 0.3810
vn -0.1822 -0.8647 0.4680
vn -0.2844 -0.9155 0.2844
vn -0.2900 -0.9377 0.1915
vn -0.1952 -0.9611 0.1952
vn -0.1915 -0.9377 0.2900
vn -0.2937 -0.9510 0.0964
vn -0.2951 -0.9555 0.0000
vn -0.1987 -0.9801 -0.0000
vn -0.1977 -0.9753 0.0982
vn -0.0882 -0.7687 0.6334
vn -0.0875 -0.7044 0.7044
vn -0.0897 -0.8261 0.5563
vn -0.0000 -0.8294 0.5586
vn 0.0000 -0.7717 0.6360
vn 0.0000 -0.7071 0.7071
vn -0.0918 -0.8758 0.4738
vn -0.0941 -0.9177 0.3859
vn -0.0000 -0.9218 0.3876
vn 0.0000 -0.8795 0.4759
vn -0.0964 -0.9510 0.2937
vn -0.0982 -0.9753 0.1977
vn 0.0000 -0.9801 0.1987
vn -0.0000 -0.9555 0.2951
vn -0.0995 -0.9901 0.0995
vn -0.1000 -0.9950 -0.0000
vn 0.0000 -0.9950 0.1000
vn -0.6263 -0.6263 -0.4642
vn -0.6018 -0.6018 -0.5251
vn -0.5375 -0.6498 -0.5375
vn -0.5609 -0.6795 -0.4729
vn -0.5774 -0.5773 -0.5774
vn -0.5251 -0.6018 -0.6018
vn -0.4642 -0.6263 -0.6263
vn -0.4729 -0.6795 -0.5609
vn -0.4916 -0.7188 -0.4916
vn -0.4085 -0.7036 -0.5815
vn -0.4203 -0.7506 -0.5098
vn -0.4034 -0.6470 -0.6470
vn -0.3334 -0.6667 -0.6667
vn -0.3364 -0.7264 -0.5993
vn -0.3439 -0.7780 -0.5258
vn -0.2578 -0.7456 -0.6146
vn -0.2630 -0.8000 -0.5394
vn -0.2557 -0.6836 -0.6836
vn -0.1733 -0.6964 -0.6964
vn -0.1746 -0.7599 -0.6261
vn -0.1778 -0.8162 -0.5497
vn -0.0882 -0.7687 -0.6334
vn -0.0897 -0.8261 -0.5563
vn -0.0875 -0.7044 -0.7044
vn 0.0000 -0.7071 -0.7071
vn -0.0000 -0.7717 -0.6360
vn -0.0000 -0.8294 -0.5586
vn -0.6667 -0.6667 -0.3334
vn -0.6470 -0.6470 -0.4034
vn -0.5815 -0.7036 -0.4085
vn -0.5993 -0.7264 -0.3364
vn -0.5098 -0.7506 -0.4203
vn -0.5258 -0.7780 -0.3439
vn -0.4341 -0.7894 -0.4341
vn -0.4475 -0.8214 -0.3538
vn -0.3538 -0.8214 -0.4475
vn -0.3643 -0.8571 -0.3643
vn -0.2699 -0.8464 -0.4591
vn -0.2775 -0.8851 -0.3737
vn -0.1822 -0.8647 -0.4680
vn -0.1870 -0.9054 -0.3810
vn -0.0918 -0.8758 -0.4738
vn -0.0941 -0.9177 -0.3859
vn 0.0000 -0.8795 -0.4759
vn 0.0000 -0.9218 -0.3876
vn -0.6964 -0.6964 -0.1733
vn -0.6836 -0.6836 -0.2557
vn -0.6146 -0.7456 -0.2578
vn -0.6261 -0.7599 -0.1746
vn -0.5394 -0.8000 -0.2630
vn -0.5497 -0.8162 -0.1778
vn -0.4591 -0.8464 -0.2699
vn -0.4680 -0.8647 -0.1822
vn -0.3737 -0.8851 -0.2775
vn -0.3810 -0.9054 -0.1870
vn -0.2844 -0.9155 -0.2844
vn -0.2900 -0.9377 -0.1915
vn -0.1915 -0.9377 -0.2900
vn -0.1952 -0.9611 -0.1952
vn -0.0964 -0.9510 -0.2937
vn -0.0982 -0.9753 -0.1977
vn 0.0000 -0.9555 -0.2951
vn 0.0000 -0.9801 -0.1987
vn -0.7044 -0.7044 -0.0875
vn -0.6334 -0.7687 -0.0882
vn -0.5563 -0.8261 -0.0897
vn -0.4738 -0.8758 -0.0918
vn -0.3859 -0.9177 -0.0941
vn -0.2937 -0.9510 -0.0964
vn -0.1977 -0.9753 -0.0982
vn -0.0995 -0.9901 -0.0995
vn 0.0000 -0.9950 -0.1000
vn 0.5774 -0.5773 -0.5774
vn 0.6018 -0.6018 -0.5251
vn 0.5375 -0.6498 -0.5375
vn 0.5251 -0.6018 -0.6018
vn 0.6263 -0.6263 -0.4642
vn 0.5609 -0.6795 -0.4729
vn 0.4916 -0.7188 -0.4916
vn 0.4729 -0.6795 -0.5609
vn 0.4642 -0.6263 -0.6263
vn 0.6470 -0.6470 -0.4034
vn 0.5815 -0.7036 -0.4085
vn 0.6667 -0.6667 -0.3334
vn 0.5993 -0.7264 -0.3364
vn 0.5258 -0.7780 -0.3439
vn 0.5098 -0.7506 -0.4203
vn 0.6836 -0.6836 -0.2557
vn 0.6146 -0.7456 -0.2578
vn 0.6964 -0.6964 -0.1733
vn 0.6261 -0.7599 -0.1746
vn 0.5497 -0.8162 -0.1778
vn 0.5394 -0.8000 -0.2630
vn 0.7044 -0.7044 -0.0875
vn 0.6334 -0.7687 -0.0882
vn 0.7071 -0.7071 -0.0000
vn 0.6360 -0.7717 0.0000
vn 0.5586 -0.8294 0.0000
vn 0.5563 -0.8261 -0.0897
vn 0.4085 -0.7036 -0.5815
vn 0.4034 -0.6470 -0.6470
vn 0.4203 -0.7506 -0.5098
vn 0.3439 -0.7780 -0.5258
vn 0.3364 -0.7264 -0.5993
vn 0.3334 -0.6667 -0.6667
vn 0.4341 -0.7894 -0.4341
vn 0.4475 -0.8214 -0.3538
vn 0.3643 -0.8571 -0.3643
vn 0.3538 -0.8214 -0.4475
vn 0.4591 -0.8464 -0.2699
vn 0.4680 -0.8647 -0.1822
vn 0.3810 -0.9054 -0.1870
vn 0.3737 -0.8851 -0.2775
vn 0.4738 -0.8758 -0.0918
vn 0.4759 -0.8795 0.0000
vn 0.3876 -0.9218 -0.0000
vn 0.3859 -0.9177 -0.0941
vn 0.2578 -0.7456 -0.6146
vn 0.2557 -0.6836 -0.6836
vn 0.2630 -0.8000 -0.5394
vn 0.1778 -0.8162 -0.5497
vn 0.1746 -0.7599 -0.6261
vn 0.1733 -0.6964 -0.6964
vn 0.2699 -0.8464 -0.4591
vn 0.2775 -0.8851 -0.3737
vn 0.1870 -0.9054 -0.3810
vn 0.1822 -0.8647 -0.4680
vn 0.2844 -0.9155 -0.2844
vn 0.2900 -0.9377 -0.1915
vn 0.1952 -0.9611 -0.1952
vn 0.1915 -0.9377 -0.2900
vn 0.2937 -0.9510 -0.0964
vn 0.2951 -0.9555 -0.0000
vn 0.1987 -0.9801 -0.0000
vn 0.1977 -0.9753 -0.0982
vn 0.0882 -0.7687 -0.6334
vn 0.0875 -0.7044 -0.7044
vn 0.0897 -0.8261 -0.5563
vn 0.0918 -0.8758 -0.4738
vn 0.0941 -0.9177 -0.3859
vn 0.0964 -0.9510 -0.2937
vn 0.0982 -0.9753 -0.1977
vn 0.0995 -0.9901 -0.0995
vn 0.1000 -0.9950 -0.0000
vn 0.6263 -0.6263 0.4642
vn 0.6018 -0.6018 0.5251
vn 0.5375 -0.6498 0.5375
vn 0.5609 -0.6795 0.4729
vn 0.5774 -0.5773 0.5774
vn 0.5251 -0.6018 0.6018
vn 0.4642 -0.6263 0.6263
vn 0.4729 -0.6795 0.5609
vn 0.4916 -0.7188 0.4916
vn 0.4085 -0.7036 0.5815
vn 0.4203 -0.7506 0.5098
vn 0.4034 -0.6470 0.6470
vn 0.3334 -0.6667 0.6667
vn 0.3364 -0.7264 0.5993
vn 0.3439 -0.7780 0.5258
vn 0.2578 -0.7456 0.6146
vn 0.2630 -0.8000 0.5394
vn 0.2557 -0.6836 0.6836
vn 0.1733 -0.6964 0.6964
vn 0.1746 -0.7599 0.6261
vn 0.1778 -0.8162 0.5497
vn 0.0882 -0.7687 0.6334
vn 0.0897 -0.8261 0.5563
vn 0.0875 -0.7044 0.7044
vn 0.6667 -0.6667 0.3334
vn 0.6470 -0.6470 0.4034
vn 0.5815 -0.7036 0.4085
vn 0.5993 -0.7264 0.3364
vn 0.5098 -0.7506 0.4203
vn 0.5258 -0.7780 0.3439
vn 0.4341 -0.7894 0.4341
vn 0.4475 -0.8214 0.3538
vn 0.3538 -0.8214 0.4475
vn 0.3643 -0.8571 0.3643
vn 0.2699 -0.8464 0.4591
vn 0.2775 -0.8851 0.3737
vn 0.1822 -0.8647 0.4680
vn 0.1870 -0.9054 0.3810
vn 0.0918 -0.8758 0.4738
vn 0.0941 -0.9177 0.3859
vn 0.6964 -0.6964 0.1733
vn 0.6836 -0.6836 0.2557
vn 0.6146 -0.7456 0.2578
vn 0.6261 -0.7599 0.1746
vn 0.5394 -0.8000 0.2630
vn 0.5497 -0.8162 0.1778
vn 0.4591 -0.8464 0.2699
vn 0.4680 -0.8647 0.1822
vn 0.3737 -0.8851 0.2775
vn 0.3810 -0.9054 0.1870
vn 0.2844 -0.9155 0.2844
vn 0.2900 -0.9377 0.1915
vn 0.1915 -0.9377 0.2900
vn 0.1952 -0.9611 0.1952
vn 0.0964 -0.9510 0.2937
vn 0.0982 -0.9753 0.1977
vn 0.7044 -0.7044 0.0875
vn 0.6334 -0.7687 0.0882
vn 0.5563 -0.8261 0.0897
vn 0.4738 -0.8758 0.0918
vn 0.3859 -0.9177 0.0941
vn 0.2937 -0.9510 0.0964
vn 0.1977 -0.9753 0.0982
vn 0.0995 -0.9901 0.0995
vn -0.5774 0.5773 0.5774
vn -0.5250 0.6018 0.6018
vn -0.5375 0.6498 0.5375
vn -0.6018 0.6018 0.5250
vn -0.4642 0.6263 0.6263
vn -0.4729 0.6795 0.5609
vn -0.4916 0.7189 0.4916
vn -0.5609 0.6795 0.4729
vn -0.6263 0.6263 0.4642
vn -0.4034 0.6470 0.6470
vn -0.4085 0.7036 0.5815
vn -0.3334 0.6667 0.6667
vn -0.3364 0.7264 0.5993
vn -0.3439 0.7780 0.5258
vn -0.4204 0.7506 0.5098
vn -0.2557 0.6836 0.6836
vn -0.2578 0.7456 0.6146
vn -0.1733 0.6964 0.6964
vn -0.1746 0.7599 0.6261
vn -0.1778 0.8162 0.5497
vn -0.2630 0.8000 0.5394
vn -0.0875 0.7044 0.7044
vn -0.0882 0.7687 0.6334
vn 0.0000 0.7071 0.7071
vn 0.0000 0.7717 0.6359
vn -0.0000 0.8294 0.5586
vn -0.0897 0.8261 0.5563
vn -0.5815 0.7036 0.4084
vn -0.6470 0.6470 0.4034
vn -0.5098 0.7506 0.4203
vn -0.5258 0.7780 0.3439
vn -0.5993 0.7264 0.3364
vn -0.6667 0.6667 0.3334
vn -0.4341 0.7894 0.4341
vn -0.3538 0.8214 0.4475
vn -0.3643 0.8571 0.3643
vn -0.4475 0.8214 0.3538
vn -0.2699 0.8464 0.4591
vn -0.1822 0.8647 0.4680
vn -0.1870 0.9054 0.3810
vn -0.2775 0.8851 0.3737
vn -0.0918 0.8758 0.4738
vn -0.0000 0.8795 0.4759
vn -0.0000 0.9218 0.3876
vn -0.0941 0.9177 0.3859
vn -0.6146 0.7456 0.2578
vn -0.6836 0.6836 0.2557
vn -0.5394 0.8000 0.2630
vn -0.5497 0.8162 0.1778
vn -0.6261 0.7599 0.1746
vn -0.6964 0.6964 0.1733
vn -0.4591 0.8464 0.2699
vn -0.3737 0.8851 0.2775
vn -0.3810 0.9054 0.1870
vn -0.4680 0.8647 0.1822
vn -0.2844 0.9155 0.2844
vn -0.1915 0.9377 0.2900
vn -0.1952 0.9611 0.1952
vn -0.2900 0.9377 0.1915
vn -0.0964 0.9510 0.2937
vn 0.0000 0.9555 0.2951
vn 0.0000 0.9801 0.1987
vn -0.0982 0.9753 0.1977
vn -0.6334 0.7687 0.0882
vn -0.7044 0.7044 0.0875
vn -0.5563 0.8261 0.0897
vn -0.5586 0.8294 -0.0000
vn -0.6359 0.7717 0.0000
vn -0.7071 0.7071 -0.0000
vn -0.4738 0.8758 0.0918
vn -0.3859 0.9177 0.0941
vn -0.3876 0.9218 -0.0000
vn -0.4759 0.8795 -0.0000
vn -0.2937 0.9510 0.0964
vn -0.1977 0.9753 0.0982
vn -0.1987 0.9801 -0.0000
vn -0.2951 0.9555 -0.0000
vn -0.0995 0.9901 0.0995
vn 0.0000 0.9950 0.1000
vn -0.1000 0.9950 -0.0000
vn 0.4642 0.6263 0.6263
vn 0.5251 0.6018 0.6018
vn 0.5375 0.6498 0.5375
vn 0.4729 0.6795 0.5609
vn 0.5774 0.5773 0.5774
vn 0.6018 0.6018 0.5251
vn 0.6263 0.6263 0.4642
vn 0.5609 0.6795 0.4729
vn 0.4916 0.7188 0.4916
vn 0.5815 0.7036 0.4085
vn 0.5098 0.7506 0.4203
vn 0.6470 0.6470 0.4034
vn 0.6667 0.6667 0.3334
vn 0.5993 0.7264 0.3364
vn 0.5258 0.7780 0.3439
vn 0.6146 0.7456 0.2578
vn 0.5394 0.8000 0.2630
vn 0.6836 0.6836 0.2557
vn 0.6964 0.6964 0.1733
vn 0.6261 0.7599 0.1746
vn 0.5497 0.8162 0.1778
vn 0.6334 0.7687 0.0882
vn 0.5563 0.8261 0.0897
vn 0.7044 0.7044 0.0875
vn 0.7071 0.7071 -0.0000
vn 0.6359 0.7717 -0.0000
vn 0.5586 0.8294 0.0000
vn 0.3334 0.6667 0.6667
vn 0.4034 0.6470 0.6470
vn 0.4084 0.7036 0.5815
vn 0.3364 0.7264 0.5993
vn 0.4203 0.7506 0.5098
vn 0.3439 0.7780 0.5258
vn 0.4341 0.7894 0.4341
vn 0.3538 0.8214 0.4475
vn 0.4475 0.8214 0.3538
vn 0.3643 0.8571 0.3643
vn 0.4591 0.8464 0.2699
vn 0.3737 0.8851 0.2775
vn 0.4680 0.8647 0.1822
vn 0.3810 0.9054 0.1870
vn 0.4738 0.8758 0.0918
vn 0.3859 0.9177 0.0941
vn 0.4759 0.8795 0.0000
vn 0.3876 0.9218 0.0000
vn 0.1733 0.6964 0.6964
vn 0.2557 0.6836 0.6836
vn 0.2578 0.7456 0.6146
vn 0.1746 0.7599 0.6261
vn 0.2630 0.8000 0.5394
vn 0.1778 0.8162 0.5497
vn 0.2699 0.8464 0.4591
vn 0.1822 0.8647 0.4680
vn 0.2775 0.8851 0.3737
vn 0.1870 0.9054 0.3810
vn 0.2844 0.9155 0.2844
vn 0.1915 0.9377 0.2900
vn 0.2900 0.9377 0.1915
vn 0.1952 0.9611 0.1952
vn 0.2937 0.9510 0.0964
vn 0.1977 0.9753 0.0982
vn 0.2951 0.9555 -0.0000
vn 0.1987 0.9801 -0.0000
vn 0.0875 0.7044 0.7044
vn 0.0882 0.7687 0.6334
vn 0.0897 0.8261 0.5563
vn 0.0918 0.8758 0.4738
vn 0.0941 0.9177 0.3859
vn 0.0964 0.9510 0.2937
vn 0.0982 0.9753 0.1977
vn 0.0995 0.9901 0.0995
vn 0.1000 0.9950 -0.0000
vn 0.5774 0.5773 -0.5774
vn 0.5251 0.6018 -0.6018
vn 0.5375 0.6498 -0.5375
vn 0.6018 0.6018 -0.5251
vn 0.4642 0.6263 -0.6263
vn 0.4729 0.6795 -0.5609
vn 0.4916 0.7189 -0.4916
vn 0.5609 0.6795 -0.4729
vn 0.6263 0.6263 -0.4642
vn 0.4034 0.6470 -0.6470
vn 0.4085 0.7036 -0.5815
vn 0.3334 0.6667 -0.6667
vn 0.3364 0.7264 -0.5993
vn 0.3439 0.7780 -0.5258
vn 0.4203 0.7506 -0.5098
vn 0.2557 0.6836 -0.6836
vn 0.2578 0.7456 -0.6146
vn 0.1733 0.6964 -0.6964
vn 0.1746 0.7599 -0.6261
vn 0.1778 0.8162 -0.5497
vn 0.2630 0.8000 -0.5394
vn 0.0875 0.7044 -0.7044
vn 0.0882 0.7687 -0.6334
vn 0.0000 0.7071 -0.7071
vn 0.0000 0.7717 -0.6359
vn 0.0000 0.8294 -0.5586
vn 0.0897 0.8261 -0.5563
vn 0.5815 0.7036 -0.4084
vn 0.6470 0.6470 -0.4034
vn 0.5098 0.7506 -0.4203
vn 0.5258 0.7780 -0.3439
vn 0.5993 0.7264 -0.3364
vn 0.6667 0.6667 -0.3334
vn 0.4341 0.7894 -0.4341
vn 0.3538 0.8214 -0.4475
vn 0.3643 0.8571 -0.3643
vn 0.4475 0.8214 -0.3538
vn 0.2699 0.8464 -0.4591
vn 0.1822 0.8647 -0.4680
vn 0.1870 0.9054 -0.3810
vn 0.2775 0.8851 -0.3737
vn 0.0918 0.8758 -0.4738
vn 0.0000 0.8795 -0.4759
vn 0.0000 0.9218 -0.3876
vn 0.0941 0.9177 -0.3859
vn 0.6146 0.7456 -0.2578
vn 0.6836 0.6836 -0.2557
vn 0.5394 0.8000 -0.2630
vn 0.5497 0.8162 -0.1778
vn 0.6261 0.7599 -0.1746
vn 0.6964 0.6964 -0.1733
vn 0.4591 0.8464 -0.2699
vn 0.3737 0.8851 -0.2775
vn 0.3810 0.9054 -0.1870
vn 0.4680 0.8647 -0.1822
vn 0.2844 0.9155 -0.2844
vn 0.1915 0.9377 -0.2900
vn 0.1952 0.9611 -0.1952
vn 0.2900 0.9377 -0.1915
vn 0.0964 0.9510 -0.2937
vn -0.0000 0.9555 -0.2951
vn -0.0000 0.9801 -0.1987
vn 0.0982 0.9753 -0.1977
vn 0.6334 0.7687 -0.0882
vn 0.7044 0.7044 -0.0875
vn 0.5563 0.8261 -0.0897
vn 0.4738 0.8758 -0.0918
vn 0.3859 0.9177 -0.0941
vn 0.2937 0.9510 -0.0964
vn 0.1977 0.9753 -0.0982
vn 0.0995 0.9901 -0.0995
vn -0.0000 0.9950 -0.1000
vn -0.4642 0.6263 -0.6263
vn -0.5251 0.6018 -0.6018
vn -0.5375 0.6498 -0.5375
vn -0.4729 0.6795 -0.5609
vn -0.5774 0.5773 -0.5774
vn -0.6018 0.6018 -0.5251
vn -0.6263 0.6263 -0.4642
vn -0.5609 0.6795 -0.4729
vn -0.4916 0.7188 -0.4916
vn -0.5815 0.7036 -0.4085
vn -0.5098 0.7506 -0.4203
vn -0.6470 0.6470 -0.4034
vn -0.6667 0.6667 -0.3334
vn -0.5993 0.7264 -0.3364
vn -0.5258 0.7780 -0.3439
vn -0.6146 0.7456 -0.2578
vn -0.5394 0.8000 -0.2630
vn -0.6836 0.6836 -0.2557
vn -0.6964 0.6964 -0.1733
vn -0.6261 0.7599 -0.1746
vn -0.5497 0.8162 -0.1778
vn -0.6334 0.7687 -0.0882
vn -0.5563 0.8261 -0.0897
vn -0.7044 0.7044 -0.0875
vn -0.3334 0.6667 -0.6667
vn -0.4034 0.6470 -0.6470
vn -0.4084 0.7036 -0.5815
vn -0.3364 0.7264 -0.5993
vn -0.4203 0.7506 -0.5098
vn -0.3439 0.7780 -0.5258
vn -0.4341 0.7894 -0.4341
vn -0.3538 0.8214 -0.4475
vn -0.4475 0.8214 -0.3538
vn -0.3643 0.8571 -0.3643
vn -0.4591 0.8464 -0.2699
vn -0.3737 0.8851 -0.2775
vn -0.4680 0.8647 -0.1822
vn -0.3810 0.9054 -0.1870
vn -0.4738 0.8758 -0.0918
vn -0.3859 0.9177 -0.0941
vn -0.1733 0.6964 -0.6964
vn -0.2557 0.6836 -0.6836
vn -0.2578 0.7456 -0.6146
vn -0.1746 0.7599 -0.6261
vn -0.2630 0.8000 -0.5394
vn -0.1778 0.8162 -0.5497
vn -0.2699 0.8464 -0.4591
vn -0.1822 0.8647 -0.4680
vn -0.2775 0.8851 -0.3737
vn -0.1870 0.9054 -0.3810
vn -0.2844 0.9155 -0.2844
vn -0.1915 0.9377 -0.2900
vn -0.2900 0.9377 -0.1915
vn -0.1952 0.9611 -0.1952
vn -0.2937 0.9510 -0.0964
vn -0.1977 0.9753 -0.0982
vn -0.0875 0.7044 -0.7044
vn -0.0882 0.7687 -0.6334
vn -0.0897 0.8261 -0.5563
vn -0.0918 0.8758 -0.4738
vn -0.0941 0.9177 -0.3859
vn -0.0964 0.9510 -0.2937
vn -0.0982 0.9753 -0.1977
vn -0.0995 0.9901 -0.0995
vn -0.5375 -0.5375 0.6498
vn -0.6018 -0.5251 0.6018
vn -0.4729 -0.5609 0.6795
vn -0.4916 -0.4916 0.7188
vn -0.5609 -0.4729 0.6795
vn -0.6263 -0.4642 0.6263
vn -0.4085 -0.5815 0.7036
vn -0.3364 -0.5993 0.7264
vn -0.3439 -0.5258 0.7780
vn -0.4204 -0.5098 0.7506
vn -0.2578 -0.6146 0.7456
vn -0.1746 -0.6261 0.7599
vn -0.1778 -0.5497 0.8162
vn -0.2630 -0.5394 0.8000
vn -0.0882 -0.6334 0.7687
vn 0.0000 -0.6360 0.7717
vn -0.0000 -0.5586 0.8294
vn -0.0897 -0.5563 0.8261
vn -0.5815 -0.4085 0.7036
vn -0.6470 -0.4034 0.6470
vn -0.5098 -0.4203 0.7506
vn -0.5258 -0.3439 0.7780
vn -0.5993 -0.3364 0.7264
vn -0.6667 -0.3334 0.6667
vn -0.4341 -0.4341 0.7894
vn -0.3538 -0.4475 0.8214
vn -0.3643 -0.3643 0.8571
vn -0.4475 -0.3538 0.8214
vn -0.2699 -0.4591 0.8464
vn -0.1822 -0.4680 0.8647
vn -0.1870 -0.3810 0.9054
vn -0.2775 -0.3737 0.8851
vn -0.0918 -0.4738 0.8758
vn 0.0000 -0.4759 0.8795
vn 0.0000 -0.3876 0.9218
vn -0.0941 -0.3859 0.9177
vn -0.6146 -0.2578 0.7456
vn -0.6836 -0.2557 0.6836
vn -0.5394 -0.2630 0.8000
vn -0.5497 -0.1778 0.8162
vn -0.6261 -0.1746 0.7599
vn -0.6964 -0.1733 0.6964
vn -0.4591 -0.2699 0.8464
vn -0.3737 -0.2775 0.8851
vn -0.3810 -0.1870 0.9054
vn -0.4680 -0.1822 0.8647
vn -0.2844 -0.2844 0.9155
vn -0.1915 -0.2900 0.9377
vn -0.1952 -0.1952 0.9611
vn -0.2900 -0.1915 0.9377
vn -0.0964 -0.2937 0.9510
vn -0.0000 -0.2951 0.9555
vn -0.0000 -0.1987 0.9801
vn -0.0982 -0.1977 0.9753
vn -0.6334 -0.0882 0.7687
vn -0.7044 -0.0875 0.7044
vn -0.5563 -0.0897 0.8261
vn -0.5586 -0.0000 0.8294
vn -0.6360 0.0000 0.7717
vn -0.7071 0.0000 0.7071
vn -0.4738 -0.0918 0.8758
vn -0.3859 -0.0941 0.9177
vn -0.3876 0.0000 0.9218
vn -0.4759 -0.0000 0.8795
vn -0.2937 -0.0964 0.9510
vn -0.1977 -0.0982 0.9753
vn -0.1987 0.0000 0.9801
vn -0.2951 -0.0000 0.9555
vn -0.0995 -0.0995 0.9901
vn 0.0000 -0.1000 0.9950
vn 0.0000 -0.0000 1.0000
vn -0.1000 0.0000 0.9950
vn 0.5375 -0.5375 0.6498
vn 0.4729 -0.5609 0.6795
vn 0.6018 -0.5251 0.6018
vn 0.6263 -0.4642 0.6263
vn 0.5609 -0.4729 0.6795
vn 0.4916 -0.4916 0.7188
vn 0.5815 -0.4085 0.7036
vn 0.5098 -0.4204 0.7506
vn 0.6470 -0.4034 0.6470
vn 0.6667 -0.3334 0.6667
vn 0.5993 -0.3364 0.7264
vn 0.5258 -0.3439 0.7780
vn 0.6146 -0.2578 0.7456
vn 0.5394 -0.2630 0.8000
vn 0.6836 -0.2557 0.6836
vn 0.6964 -0.1733 0.6964
vn 0.6261 -0.1746 0.7599
vn 0.5497 -0.1778 0.8162
vn 0.6334 -0.0882 0.7687
vn 0.5563 -0.0897 0.8261
vn 0.7044 -0.0875 0.7044
vn 0.7071 0.0000 0.7071
vn 0.6360 -0.0000 0.7717
vn 0.5586 -0.0000 0.8294
vn 0.4085 -0.5815 0.7036
vn 0.3364 -0.5993 0.7264
vn 0.4204 -0.5098 0.7506
vn 0.3439 -0.5258 0.7780
vn 0.4341 -0.4341 0.7894
vn 0.3538 -0.4475 0.8214
vn 0.4475 -0.3538 0.8214
vn 0.3643 -0.3643 0.8571
vn 0.4591 -0.2699 0.8464
vn 0.3737 -0.2775 0.8851
vn 0.4680 -0.1822 0.8647
vn 0.3810 -0.1870 0.9054
vn 0.4738 -0.0918 0.8758
vn 0.3859 -0.0941 0.9177
vn 0.4759 -0.0000 0.8795
vn 0.3876 0.0000 0.9218
vn 0.2578 -0.6146 0.7456
vn 0.1746 -0.6261 0.7599
vn 0.2630 -0.5394 0.8000
vn 0.1778 -0.5497 0.8162
vn 0.2699 -0.4591 0.8464
vn 0.1822 -0.4680 0.8647
vn 0.2775 -0.3737 0.8851
vn 0.1870 -0.3810 0.9054
vn 0.2844 -0.2844 0.9155
vn 0.1915 -0.2900 0.9377
vn 0.2900 -0.1915 0.9377
vn 0.1952 -0.1952 0.9611
vn 0.2937 -0.0964 0.9510
vn 0.1977 -0.0982 0.9753
vn 0.2951 0.0000 0.9555
vn 0.1987 0.0000 0.9801
vn 0.0882 -0.6334 0.7687
vn 0.0897 -0.5563 0.8261
vn 0.0918 -0.4738 0.8758
vn 0.0941 -0.3859 0.9177
vn 0.0964 -0.2937 0.9510
vn 0.0982 -0.1977 0.9753
vn 0.0995 -0.0995 0.9901
vn 0.1000 0.0000 0.9950
vn 0.5375 0.5375 0.6498
vn 0.6018 0.5251 0.6018
vn 0.4729 0.5609 0.6795
vn 0.4916 0.4916 0.7188
vn 0.5609 0.4729 0.6795
vn 0.6263 0.4642 0.6263
vn 0.4085 0.5815 0.7036
vn 0.3364 0.5993 0.7264
vn 0.3439 0.5258 0.7780
vn 0.4204 0.5098 0.7506
vn 0.2578 0.6146 0.7456
vn 0.1746 0.6261 0.7599
vn 0.1778 0.5497 0.8162
vn 0.2630 0.5394 0.8000
vn 0.0882 0.6335 0.7687
vn 0.0000 0.6360 0.7717
vn -0.0000 0.5586 0.8294
vn 0.0897 0.5563 0.8261
vn 0.5815 0.4085 0.7036
vn 0.6470 0.4034 0.6470
vn 0.5098 0.4204 0.7506
vn 0.5258 0.3439 0.7780
vn 0.5993 0.3364 0.7264
vn 0.6667 0.3334 0.6667
vn 0.4341 0.4341 0.7894
vn 0.3538 0.4475 0.8214
vn 0.3643 0.3643 0.8571
vn 0.4475 0.3538 0.8214
vn 0.2699 0.4591 0.8464
vn 0.1822 0.4680 0.8647
vn 0.1870 0.3810 0.9054
vn 0.2775 0.3737 0.8851
vn 0.0918 0.4738 0.8758
vn 0.0000 0.4759 0.8795
vn 0.0000 0.3876 0.9218
vn 0.0941 0.3859 0.9177
vn 0.6146 0.2578 0.7456
vn 0.6836 0.2557 0.6836
vn 0.5394 0.2630 0.8000
vn 0.5497 0.1778 0.8162
vn 0.6261 0.1746 0.7599
vn 0.6964 0.1733 0.6964
vn 0.4591 0.2699 0.8464
vn 0.3737 0.2775 0.8851
vn 0.3810 0.1870 0.9054
vn 0.4680 0.1822 0.8647
vn 0.2844 0.2844 0.9155
vn 0.1915 0.2900 0.9377
vn 0.1952 0.1952 0.9611
vn 0.2900 0.1915 0.9377
vn 0.0964 0.2937 0.9510
vn 0.0000 0.2951 0.9555
vn -0.0000 0.1987 0.9801
vn 0.0982 0.1977 0.9753
vn 0.6334 0.0882 0.7687
vn 0.7044 0.0875 0.7044
vn 0.5563 0.0897 0.8261
vn 0.4738 0.0918 0.8758
vn 0.3859 0.0941 0.9177
vn 0.2937 0.0964 0.9510
vn 0.1977 0.0982 0.9753
vn 0.0995 0.0995 0.9901
vn 0.0000 0.1000 0.9950
vn -0.5375 0.5375 0.6498
vn -0.4729 0.5609 0.6795
vn -0.6018 0.5250 0.6018
vn -0.6263 0.4642 0.6263
vn -0.5609 0.4729 0.6795
vn -0.4916 0.4916 0.7188
vn -0.5815 0.4085 0.7036
vn -0.5098 0.4204 0.7506
vn -0.6470 0.4034 0.6470
vn -0.6667 0.3334 0.6667
vn -0.5993 0.3364 0.7264
vn -0.5258 0.3439 0.7780
vn -0.6146 0.2578 0.7456
vn -0.5394 0.2630 0.8000
vn -0.6836 0.2557 0.6836
vn -0.6964 0.1733 0.6964
vn -0.6261 0.1746 0.7599
vn -0.5497 0.1778 0.8162
vn -0.6334 0.0882 0.7687
vn -0.5563 0.0897 0.8261
vn -0.7044 0.0875 0.7044
vn -0.4085 0.5815 0.7036
vn -0.3364 0.5993 0.7264
vn -0.4204 0.5098 0.7506
vn -0.3439 0.5258 0.7780
vn -0.4341 0.4341 0.7894
vn -0.3538 0.4475 0.8214
vn -0.4475 0.3538 0.8214
vn -0.3643 0.3643 0.8571
vn -0.4591 0.2699 0.8464
vn -0.3737 0.2775 0.8851
vn -0.4680 0.1822 0.8647
vn -0.3810 0.1870 0.9054
vn -0.4738 0.0918 0.8758
vn -0.3859 0.0941 0.9177
vn -0.2578 0.6146 0.7456
vn -0.1746 0.6261 0.7599
vn -0.2630 0.5394 0.8000
vn -0.1778 0.5497 0.8162
vn -0.2699 0.4591 0.8464
vn -0.1822 0.4680 0.8647
vn -0.2775 0.3737 0.8851
vn -0.1870 0.3810 0.9054
vn -0.2844 0.2844 0.9155
vn -0.1915 0.2900 0.9377
vn -0.2900 0.1915 0.9377
vn -0.1952 0.1952 0.9611
vn -0.2937 0.0964 0.9510
vn -0.1977 0.0982 0.9753
vn -0.0882 0.6334 0.7687
vn -0.0897 0.5563 0.8261
vn -0.0918 0.4738 0.8758
vn -0.0941 0.3859 0.9177
vn -0.0964 0.2937 0.9510
vn -0.0982 0.1977 0.9753
vn -0.0995 0.0995 0.9901
vn 0.6498 -0.5375 0.5375
vn 0.6795 -0.5609 0.4729
vn 0.7188 -0.4916 0.4916
vn 0.6795 -0.4729 0.5609
vn 0.7036 -0.5815 0.4085
vn 0.7264 -0.5993 0.3364
vn 0.7780 -0.5258 0.3439
vn 0.7506 -0.5098 0.4204
vn 0.7456 -0.6146 0.2578
vn 0.7599 -0.6261 0.1746
vn 0.8162 -0.5497 0.1778
vn 0.8000 -0.5394 0.2630
vn 0.7687 -0.6334 0.0882
vn 0.7717 -0.6360 -0.0000
vn 0.8294 -0.5586 0.0000
vn 0.8261 -0.5563 0.0897
vn 0.7036 -0.4085 0.5815
vn 0.7506 -0.4203 0.5098
vn 0.7780 -0.3439 0.5258
vn 0.7264 -0.3364 0.5993
vn 0.7894 -0.4341 0.4341
vn 0.8214 -0.4475 0.3538
vn 0.8571 -0.3643 0.3643
vn 0.8214 -0.3538 0.4475
vn 0.8464 -0.4591 0.2699
vn 0.8647 -0.4680 0.1822
vn 0.9054 -0.3810 0.1870
vn 0.8851 -0.3737 0.2775
vn 0.8758 -0.4738 0.0918
vn 0.8795 -0.4759 -0.0000
vn 0.9218 -0.3876 -0.0000
vn 0.9177 -0.3859 0.0941
vn 0.7456 -0.2578 0.6146
vn 0.8000 -0.2630 0.5394
vn 0.8162 -0.1778 0.5497
vn 0.7599 -0.1746 0.6261
vn 0.8464 -0.2699 0.4591
vn 0.8851 -0.2775 0.3737
vn 0.9054 -0.1870 0.3810
vn 0.8647 -0.1822 0.4680
vn 0.9155 -0.2844 0.2844
vn 0.9377 -0.2900 0.1915
vn 0.9611 -0.1952 0.1952
vn 0.9377 -0.1915 0.2900
vn 0.9510 -0.2937 0.0964
vn 0.9555 -0.2951 0.0000
vn 0.9801 -0.1987 0.0000
vn 0.9753 -0.1977 0.0982
vn 0.7687 -0.0882 0.6334
vn 0.8261 -0.0897 0.5563
vn 0.8294 -0.0000 0.5586
vn 0.7717 0.0000 0.6360
vn 0.8758 -0.0918 0.4738
vn 0.9177 -0.0941 0.3859
vn 0.9218 0.0000 0.3876
vn 0.8795 -0.0000 0.4759
vn 0.9510 -0.0964 0.2937
vn 0.9753 -0.0982 0.1977
vn 0.9801 0.0000 0.1987
vn 0.9555 -0.0000 0.2951
vn 0.9901 -0.0995 0.0995
vn 0.9950 -0.1000 -0.0000
vn 1.0000 -0.0000 -0.0000
vn 0.9950 0.0000 0.1000
vn 0.6498 -0.5375 -0.5375
vn 0.6795 -0.5609 -0.4729
vn 0.6018 -0.5251 -0.6018
vn 0.6263 -0.4642 -0.6263
vn 0.6795 -0.4729 -0.5609
vn 0.7188 -0.4916 -0.4916
vn 0.7036 -0.4085 -0.5815
vn 0.7506 -0.4204 -0.5098
vn 0.6470 -0.4034 -0.6470
vn 0.6667 -0.3334 -0.6667
vn 0.7264 -0.3364 -0.5993
vn 0.7780 -0.3439 -0.5258
vn 0.7456 -0.2578 -0.6146
vn 0.8000 -0.2630 -0.5394
vn 0.6836 -0.2557 -0.6836
vn 0.6964 -0.1733 -0.6964
vn 0.7599 -0.1746 -0.6261
vn 0.8162 -0.1778 -0.5497
vn 0.7687 -0.0882 -0.6334
vn 0.8261 -0.0897 -0.5563
vn 0.7044 -0.0875 -0.7044
vn 0.7071 0.0000 -0.7071
vn 0.7717 -0.0000 -0.6360
vn 0.8294 -0.0000 -0.5586
vn 0.7036 -0.5815 -0.4085
vn 0.7264 -0.5993 -0.3364
vn 0.7506 -0.5098 -0.4204
vn 0.7780 -0.5258 -0.3439
vn 0.7894 -0.4341 -0.4341
vn 0.8214 -0.4475 -0.3538
vn 0.8214 -0.3538 -0.4475
vn 0.8571 -0.3643 -0.3643
vn 0.8464 -0.2699 -0.4591
vn 0.8851 -0.2775 -0.3737
vn 0.8647 -0.1822 -0.4680
vn 0.9054 -0.1870 -0.3810
vn 0.8758 -0.0918 -0.4738
vn 0.9177 -0.0941 -0.3859
vn 0.8795 -0.0000 -0.4759
vn 0.9218 0.0000 -0.3876
vn 0.7456 -0.6146 -0.2578
vn 0.7599 -0.6261 -0.1746
vn 0.8000 -0.5394 -0.2630
vn 0.8162 -0.5497 -0.1778
vn 0.8464 -0.4591 -0.2699
vn 0.8647 -0.4680 -0.1822
vn 0.8851 -0.3737 -0.2775
vn 0.9054 -0.3810 -0.1870
vn 0.9155 -0.2844 -0.2844
vn 0.9377 -0.2900 -0.1915
vn 0.9377 -0.1915 -0.2900
vn 0.9611 -0.1952 -0.1952
vn 0.9510 -0.0964 -0.2937
vn 0.9753 -0.0982 -0.1977
vn 0.9555 0.0000 -0.2951
vn 0.9801 0.0000 -0.1987
vn 0.7687 -0.6334 -0.0882
vn 0.8261 -0.5563 -0.0897
vn 0.8758 -0.4738 -0.0918
vn 0.9177 -0.3859 -0.0941
vn 0.9510 -0.2937 -0.0964
vn 0.9753 -0.1977 -0.0982
vn 0.9901 -0.0995 -0.0995
vn 0.9950 0.0000 -0.1000
vn 0.6498 0.5375 -0.5375
vn 0.6018 0.5251 -0.6018
vn 0.6795 0.5609 -0.4729
vn 0.7188 0.4916 -0.4916
vn 0.6795 0.4729 -0.5609
vn 0.6263 0.4642 -0.6263
vn 0.7036 0.5815 -0.4085
vn 0.7264 0.5993 -0.3364
vn 0.7780 0.5258 -0.3439
vn 0.7506 0.5098 -0.4204
vn 0.7456 0.6146 -0.2578
vn 0.7599 0.6261 -0.1746
vn 0.8162 0.5497 -0.1778
vn 0.8000 0.5394 -0.2630
vn 0.7687 0.6335 -0.0882
vn 0.7717 0.6360 -0.0000
vn 0.8294 0.5586 0.0000
vn 0.8261 0.5563 -0.0897
vn 0.7036 0.4085 -0.5815
vn 0.6470 0.4034 -0.6470
vn 0.7506 0.4204 -0.5098
vn 0.7780 0.3439 -0.5258
vn 0.7264 0.3364 -0.5993
vn 0.6667 0.3334 -0.6667
vn 0.7894 0.4341 -0.4341
vn 0.8214 0.4475 -0.3538
vn 0.8571 0.3643 -0.3643
vn 0.8214 0.3538 -0.4475
vn 0.8464 0.4591 -0.2699
vn 0.8647 0.4680 -0.1822
vn 0.9054 0.3810 -0.1870
vn 0.8851 0.3737 -0.2775
vn 0.8758 0.4738 -0.0918
vn 0.8795 0.4759 -0.0000
vn 0.9218 0.3876 -0.0000
vn 0.9177 0.3859 -0.0941
vn 0.7456 0.2578 -0.6146
vn 0.6836 0.2557 -0.6836
vn 0.8000 0.2630 -0.5394
vn 0.8162 0.1778 -0.5497
vn 0.7599 0.1746 -0.6261
vn 0.6964 0.1733 -0.6964
vn 0.8464 0.2699 -0.4591
vn 0.8851 0.2775 -0.3737
vn 0.9054 0.1870 -0.3810
vn 0.8647 0.1822 -0.4680
vn 0.9155 0.2844 -0.2844
vn 0.9377 0.2900 -0.1915
vn 0.9611 0.1952 -0.1952
vn 0.9377 0.1915 -0.2900
vn 0.9510 0.2937 -0.0964
vn 0.9555 0.2951 -0.0000
vn 0.9801 0.1987 0.0000
vn 0.9753 0.1977 -0.0982
vn 0.7687 0.0882 -0.6334
vn 0.7044 0.0875 -0.7044
vn 0.8261 0.0897 -0.5563
vn 0.8758 0.0918 -0.4738
vn 0.9177 0.0941 -0.3859
vn 0.9510 0.0964 -0.2937
vn 0.9753 0.0982 -0.1977
vn 0.9901 0.0995 -0.0995
vn 0.9950 0.1000 -0.0000
vn 0.6498 0.5375 0.5375
vn 0.6795 0.5609 0.4729
vn 0.6795 0.4729 0.5609
vn 0.7188 0.4916 0.4916
vn 0.7036 0.4085 0.5815
vn 0.7506 0.4204 0.5098
vn 0.7264 0.3364 0.5993
vn 0.7780 0.3439 0.5258
vn 0.7456 0.2578 0.6146
vn 0.8000 0.2630 0.5394
vn 0.7599 0.1746 0.6261
vn 0.8162 0.1778 0.5497
vn 0.7687 0.0882 0.6334
vn 0.8261 0.0897 0.5563
vn 0.7036 0.5815 0.4085
vn 0.7264 0.5993 0.3364
vn 0.7506 0.5098 0.4204
vn 0.7780 0.5258 0.3439
vn 0.7894 0.4341 0.4341
vn 0.8214 0.4475 0.3538
vn 0.8214 0.3538 0.4475
vn 0.8571 0.3643 0.3643
vn 0.8464 0.2699 0.4591
vn 0.8851 0.2775 0.3737
vn 0.8647 0.1822 0.4680
vn 0.9054 0.1870 0.3810
vn 0.8758 0.0918 0.4738
vn 0.9177 0.0941 0.3859
vn 0.7456 0.6146 0.2578
vn 0.7599 0.6261 0.1746
vn 0.8000 0.5394 0.2630
vn 0.8162 0.5497 0.1778
vn 0.8464 0.4591 0.2699
vn 0.8647 0.4680 0.1822
vn 0.8851 0.3737 0.2775
vn 0.9054 0.3810 0.1870
vn 0.9155 0.2844 0.2844
vn 0.9377 0.2900 0.1915
vn 0.9377 0.1915 0.2900
vn 0.9611 0.1952 0.1952
vn 0.9510 0.0964 0.2937
vn 0.9753 0.0982 0.1977
vn 0.7687 0.6334 0.0882
vn 0.8261 0.5563 0.0897
vn 0.8758 0.4738 0.0918
vn 0.9177 0.3859 0.0941
vn 0.9510 0.2937 0.0964
vn 0.9753 0.1977 0.0982
vn 0.9901 0.0995 0.0995
vn 0.5375 -0.5375 -0.6498
vn 0.4729 -0.5609 -0.6795
vn 0.4916 -0.4916 -0.7188
vn 0.5609 -0.4729 -0.6795
vn 0.4085 -0.5815 -0.7036
vn 0.3364 -0.5993 -0.7264
vn 0.3439 -0.5258 -0.7780
vn 0.4204 -0.5098 -0.7506
vn 0.2578 -0.6146 -0.7456
vn 0.1746 -0.6261 -0.7599
vn 0.1778 -0.5497 -0.8162
vn 0.2630 -0.5394 -0.8000
vn 0.0882 -0.6334 -0.7687
vn -0.0000 -0.6360 -0.7717
vn 0.0000 -0.5586 -0.8294
vn 0.0897 -0.5563 -0.8261
vn 0.5815 -0.4085 -0.7036
vn 0.5098 -0.4203 -0.7506
vn 0.5258 -0.3439 -0.7780
vn 0.5993 -0.3364 -0.7264
vn 0.4341 -0.4341 -0.7894
vn 0.3538 -0.4475 -0.8214
vn 0.3643 -0.3643 -0.8571
vn 0.4475 -0.3538 -0.8214
vn 0.2699 -0.4591 -0.8464
vn 0.1822 -0.4680 -0.8647
vn 0.1870 -0.3810 -0.9054
vn 0.2775 -0.3737 -0.8851
vn 0.0918 -0.4738 -0.8758
vn 0.0000 -0.4759 -0.8795
vn -0.0000 -0.3876 -0.9218
vn 0.0941 -0.3859 -0.9177
vn 0.6146 -0.2578 -0.7456
vn 0.5394 -0.2630 -0.8000
vn 0.5497 -0.1778 -0.8162
vn 0.6261 -0.1746 -0.7599
vn 0.4591 -0.2699 -0.8464
vn 0.3737 -0.2775 -0.8851
vn 0.3810 -0.1870 -0.9054
vn 0.4680 -0.1822 -0.8647
vn 0.2844 -0.2844 -0.9155
vn 0.1915 -0.2900 -0.9377
vn 0.1952 -0.1952 -0.9611
vn 0.2900 -0.1915 -0.9377
vn 0.0964 -0.2937 -0.9510
vn 0.0000 -0.2951 -0.9555
vn 0.0000 -0.1987 -0.9801
vn 0.0982 -0.1977 -0.9753
vn 0.6334 -0.0882 -0.7687
vn 0.5563 -0.0897 -0.8261
vn 0.5586 -0.0000 -0.8294
vn 0.6360 0.0000 -0.7717
vn 0.4738 -0.0918 -0.8758
vn 0.3859 -0.0941 -0.9177
vn 0.3876 0.0000 -0.9218
vn 0.4759 -0.0000 -0.8795
vn 0.2937 -0.0964 -0.9510
vn 0.1977 -0.0982 -0.9753
vn 0.1987 0.0000 -0.9801
vn 0.2951 -0.0000 -0.9555
vn 0.0995 -0.0995 -0.9901
vn -0.0000 -0.1000 -0.9950
vn 0.1000 0.0000 -0.9950
vn -0.5375 -0.5375 -0.6498
vn -0.4729 -0.5609 -0.6795
vn -0.6018 -0.5251 -0.6018
vn -0.6263 -0.4642 -0.6263
vn -0.5609 -0.4729 -0.6795
vn -0.4916 -0.4916 -0.7188
vn -0.5815 -0.4085 -0.7036
vn -0.5098 -0.4204 -0.7506
vn -0.6470 -0.4034 -0.6470
vn -0.6667 -0.3334 -0.6667
vn -0.5993 -0.3364 -0.7264
vn -0.5258 -0.3439 -0.7780
vn -0.6146 -0.2578 -0.7456
vn -0.5394 -0.2630 -0.8000
vn -0.6836 -0.2557 -0.6836
vn -0.6964 -0.1733 -0.6964
vn -0.6261 -0.1746 -0.7599
vn -0.5497 -0.1778 -0.8162
vn -0.6334 -0.0882 -0.7687
vn -0.5563 -0.0897 -0.8261
vn -0.7044 -0.0875 -0.7044
vn -0.7071 0.0000 -0.7071
vn -0.6360 -0.0000 -0.7717
vn -0.5586 -0.0000 -0.8294
vn -0.4085 -0.5815 -0.7036
vn -0.3364 -0.5993 -0.7264
vn -0.4204 -0.5098 -0.7506
vn -0.3439 -0.5258 -0.7780
vn -0.4341 -0.4341 -0.7894
vn -0.3538 -0.4475 -0.8214
vn -0.4475 -0.3538 -0.8214
vn -0.3643 -0.3643 -0.8571
vn -0.4591 -0.2699 -0.8464
vn -0.3737 -0.2775 -0.8851
vn -0.4680 -0.1822 -0.8647
vn -0.3810 -0.1870 -0.9054
vn -0.4738 -0.0918 -0.8758
vn -0.3859 -0.0941 -0.9177
vn -0.4759 -0.0000 -0.8795
vn -0.3876 0.0000 -0.9218
vn -0.2578 -0.6146 -0.7456
vn -0.1746 -0.6261 -0.7599
vn -0.2630 -0.5394 -0.8000
vn -0.1778 -0.5497 -0.8162
vn -0.2699 -0.4591 -0.8464
vn -0.1822 -0.4680 -0.8647
vn -0.2775 -0.3737 -0.8851
vn -0.1870 -0.3810 -0.9054
vn -0.2844 -0.2844 -0.9155
vn -0.1915 -0.2900 -0.9377
vn -0.2900 -0.1915 -0.9377
vn -0.1952 -0.1952 -0.9611
vn -0.2937 -0.0964 -0.9510
vn -0.1977 -0.0982 -0.9753
vn -0.2951 0.0000 -0.9555
vn -0.1987 0.0000 -0.9801
vn -0.0882 -0.6334 -0.7687
vn -0.0897 -0.5563 -0.8261
vn -0.0918 -0.4738 -0.8758
vn -0.0941 -0.3859 -0.9177
vn -0.0964 -0.2937 -0.9510
vn -0.0982 -0.1977 -0.9753
vn -0.0995 -0.0995 -0.9901
vn -0.1000 0.0000 -0.9950
vn -0.5375 0.5375 -0.6498
vn -0.6018 0.5251 -0.6018
vn -0.4729 0.5609 -0.6795
vn -0.4916 0.4916 -0.7188
vn -0.5609 0.4729 -0.6795
vn -0.6263 0.4642 -0.6263
vn -0.4085 0.5815 -0.7036
vn -0.3364 0.5993 -0.7264
vn -0.3439 0.5258 -0.7780
vn -0.4204 0.5098 -0.7506
vn -0.2578 0.6146 -0.7456
vn -0.1746 0.6261 -0.7599
vn -0.1778 0.5497 -0.8162
vn -0.2630 0.5394 -0.8000
vn -0.0882 0.6335 -0.7687
vn 0.0000 0.6360 -0.7717
vn 0.0000 0.5586 -0.8294
vn -0.0897 0.5563 -0.8261
vn -0.5815 0.4085 -0.7036
vn -0.6470 0.4034 -0.6470
vn -0.5098 0.4204 -0.7506
vn -0.5258 0.3439 -0.7780
vn -0.5993 0.3364 -0.7264
vn -0.6667 0.3334 -0.6667
vn -0.4341 0.4341 -0.7894
vn -0.3538 0.4475 -0.8214
vn -0.3643 0.3643 -0.8571
vn -0.4475 0.3538 -0.8214
vn -0.2699 0.4591 -0.8464
vn -0.1822 0.4680 -0.8647
vn -0.1870 0.3810 -0.9054
vn -0.2775 0.3737 -0.8851
vn -0.0918 0.4738 -0.8758
vn 0.0000 0.4759 -0.8795
vn 0.0000 0.3876 -0.9218
vn -0.0941 0.3859 -0.9177
vn -0.6146 0.2578 -0.7456
vn -0.6836 0.2557 -0.6836
vn -0.5394 0.2630 -0.8000
vn -0.5497 0.1778 -0.8162
vn -0.6261 0.1746 -0.7599
vn -0.6964 0.1733 -0.6964
vn -0.4591 0.2699 -0.8464
vn -0.3737 0.2775 -0.8851
vn -0.3810 0.1870 -0.9054
vn -0.4680 0.1822 -0.8647
vn -0.2844 0.2844 -0.9155
vn -0.1915 0.2900 -0.9377
vn -0.1952 0.1952 -0.9611
vn -0.2900 0.1915 -0.9377
vn -0.0964 0.2937 -0.9510
vn 0.0000 0.2951 -0.9555
vn 0.0000 0.1987 -0.9801
vn -0.0982 0.1977 -0.9753
vn -0.6334 0.0882 -0.7687
vn -0.7044 0.0875 -0.7044
vn -0.5563 0.0897 -0.8261
vn -0.4738 0.0918 -0.8758
vn -0.3859 0.0941 -0.9177
vn -0.2937 0.0964 -0.9510
vn -0.1977 0.0982 -0.9753
vn -0.0995 0.0995 -0.9901
vn -0.0000 0.1000 -0.9950
vn 0.5375 0.5375 -0.6498
vn 0.4729 0.5609 -0.6795
vn 0.5609 0.4729 -0.6795
vn 0.4916 0.4916 -0.7188
vn 0.5815 0.4085 -0.7036
vn 0.5098 0.4204 -0.7506
vn 0.5993 0.3364 -0.7264
vn 0.5258 0.3439 -0.7780
vn 0.6146 0.2578 -0.7456
vn 0.5394 0.2630 -0.8000
vn 0.6261 0.1746 -0.7599
vn 0.5497 0.1778 -0.8162
vn 0.6334 0.0882 -0.7687
vn 0.5563 0.0897 -0.8261
vn 0.4085 0.5815 -0.7036
vn 0.3364 0.5993 -0.7264
vn 0.4204 0.5098 -0.7506
vn 0.3439 0.5258 -0.7780
vn 0.4341 0.4341 -0.7894
vn 0.3538 0.4475 -0.8214
vn 0.4475 0.3538 -0.8214
vn 0.3643 0.3643 -0.8571
vn 0.4591 0.2699 -0.8464
vn 0.3737 0.2775 -0.8851
vn 0.4680 0.1822 -0.8647
vn 0.3810 0.1870 -0.9054
vn 0.4738 0.0918 -0.8758
vn 0.3859 0.0941 -0.9177
vn 0.2578 0.6146 -0.7456
vn 0.1746 0.6261 -0.7599
vn 0.2630 0.5394 -0.8000
vn 0.1778 0.5497 -0.8162
vn 0.2699 0.4591 -0.8464
vn 0.1822 0.4680 -0.8647
vn 0.2775 0.3737 -0.8851
vn 0.1870 0.3810 -0.9054
vn 0.2844 0.2844 -0.9155
vn 0.1915 0.2900 -0.9377
vn 0.2900 0.1915 -0.9377
vn 0.1952 0.1952 -0.9611
vn 0.2937 0.0964 -0.9510
vn 0.1977 0.0982 -0.9753
vn 0.0882 0.6334 -0.7687
vn 0.0897 0.5563 -0.8261
vn 0.0918 0.4738 -0.8758
vn 0.0941 0.3859 -0.9177
vn 0.0964 0.2937 -0.9510
vn 0.0982 0.1977 -0.9753
vn 0.0995 0.0995 -0.9901
vn -0.6498 -0.5375 -0.5375
vn -0.6795 -0.5609 -0.4729
vn -0.7188 -0.4916 -0.4916
vn -0.6795 -0.4729 -0.5609
vn -0.7036 -0.5815 -0.4085
vn -0.7264 -0.5993 -0.3364
vn -0.7780 -0.5258 -0.3439
vn -0.7506 -0.5098 -0.4204
vn -0.7456 -0.6146 -0.2578
vn -0.7599 -0.6261 -0.1746
vn -0.8162 -0.5497 -0.1778
vn -0.8000 -0.5394 -0.2630
vn -0.7687 -0.6334 -0.0882
vn -0.7717 -0.6360 0.0000
vn -0.8294 -0.5586 -0.0000
vn -0.8261 -0.5563 -0.0897
vn -0.7036 -0.4085 -0.5815
vn -0.7506 -0.4203 -0.5098
vn -0.7780 -0.3439 -0.5258
vn -0.7264 -0.3364 -0.5993
vn -0.7894 -0.4341 -0.4341
vn -0.8214 -0.4475 -0.3538
vn -0.8571 -0.3643 -0.3643
vn -0.8214 -0.3538 -0.4475
vn -0.8464 -0.4591 -0.2699
vn -0.8647 -0.4680 -0.1822
vn -0.9054 -0.3810 -0.1870
vn -0.8851 -0.3737 -0.2775
vn -0.8758 -0.4738 -0.0918
vn -0.8795 -0.4759 -0.0000
vn -0.9218 -0.3876 0.0000
vn -0.9177 -0.3859 -0.0941
vn -0.7456 -0.2578 -0.6146
vn -0.8000 -0.2630 -0.5394
vn -0.8162 -0.1778 -0.5497
vn -0.7599 -0.1746 -0.6261
vn -0.8464 -0.2699 -0.4591
vn -0.8851 -0.2775 -0.3737
vn -0.9054 -0.1870 -0.3810
vn -0.8647 -0.1822 -0.4680
vn -0.9155 -0.2844 -0.2844
vn -0.9377 -0.2900 -0.1915
vn -0.9611 -0.1952 -0.1952
vn -0.9377 -0.1915 -0.2900
vn -0.9510 -0.2937 -0.0964
vn -0.9555 -0.2951 -0.0000
vn -0.9801 -0.1987 -0.0000
vn -0.9753 -0.1977 -0.0982
vn -0.7687 -0.0882 -0.6334
vn -0.8261 -0.0897 -0.5563
vn -0.8294 -0.0000 -0.5586
vn -0.7717 0.0000 -0.6360
vn -0.8758 -0.0918 -0.4738
vn -0.9177 -0.0941 -0.3859
vn -0.9218 0.0000 -0.3876
vn -0.8795 -0.0000 -0.4759
vn -0.9510 -0.0964 -0.2937
vn -0.9753 -0.0982 -0.1977
vn -0.9801 0.0000 -0.1987
vn -0.9555 -0.0000 -0.2951
vn -0.9901 -0.0995 -0.0995
vn -0.9950 -0.1000 0.0000
vn -1.0000 -0.0000 -0.0000
vn -0.9950 0.0000 -0.1000
vn -0.6498 -0.5375 0.5375
vn -0.6795 -0.5609 0.4729
vn -0.6795 -0.4729 0.5609
vn -0.7188 -0.4916 0.4916
vn -0.7036 -0.4085 0.5815
vn -0.7506 -0.4204 0.5098
vn -0.7264 -0.3364 0.5993
vn -0.7780 -0.3439 0.5258
vn -0.7456 -0.2578 0.6146
vn -0.8000 -0.2630 0.5394
vn -0.7599 -0.1746 0.6261
vn -0.8162 -0.1778 0.5497
vn -0.7687 -0.0882 0.6334
vn -0.8261 -0.0897 0.5563
vn -0.7717 -0.0000 0.6360
vn -0.8294 -0.0000 0.5586
vn -0.7036 -0.5815 0.4085
vn -0.7264 -0.5993 0.3364
vn -0.7506 -0.5098 0.4204
vn -0.7780 -0.5258 0.3439
vn -0.7894 -0.4341 0.4341
vn -0.8214 -0.4475 0.3538
vn -0.8214 -0.3538 0.4475
vn -0.8571 -0.3643 0.3643
vn -0.8464 -0.2699 0.4591
vn -0.8851 -0.2775 0.3737
vn -0.8647 -0.1822 0.4680
vn -0.9054 -0.1870 0.3810
vn -0.8758 -0.0918 0.4738
vn -0.9177 -0.0941 0.3859
vn -0.8795 -0.0000 0.4759
vn -0.9218 0.0000 0.3876
vn -0.7456 -0.6146 0.2578
vn -0.7599 -0.6261 0.1746
vn -0.8000 -0.5394 0.2630
vn -0.8162 -0.5497 0.1778
vn -0.8464 -0.4591 0.2699
vn -0.8647 -0.4680 0.1822
vn -0.8851 -0.3737 0.2775
vn -0.9054 -0.3810 0.1870
vn -0.9155 -0.2844 0.2844
vn -0.9377 -0.2900 0.1915
vn -0.9377 -0.1915 0.2900
vn -0.9611 -0.1952 0.1952
vn -0.9510 -0.0964 0.2937
vn -0.9753 -0.0982 0.1977
vn -0.9555 0.0000 0.2951
vn -0.9801 0.0000 0.1987
vn -0.7687 -0.6334 0.0882
vn -0.8261 -0.5563 0.0897
vn -0.8758 -0.4738 0.0918
vn -0.9177 -0.3859 0.0941
vn -0.9510 -0.2937 0.0964
vn -0.9753 -0.1977 0.0982
vn -0.9901 -0.0995 0.0995
vn -0.9950 0.0000 0.1000
vn -0.6498 0.5375 0.5375
vn -0.6795 0.5609 0.4729
vn -0.7188 0.4916 0.4916
vn -0.6795 0.4729 0.5609
vn -0.7036 0.5815 0.4085
vn -0.7264 0.5993 0.3364
vn -0.7780 0.5258 0.3439
vn -0.7506 0.5098 0.4204
vn -0.7456 0.6146 0.2578
vn -0.7599 0.6261 0.1746
vn -0.8162 0.5497 0.1778
vn -0.8000 0.5394 0.2630
vn -0.7687 0.6335 0.0882
vn -0.7717 0.6360 -0.0000
vn -0.8294 0.5586 -0.0000
vn -0.8261 0.5563 0.0897
vn -0.7036 0.4085 0.5815
vn -0.7506 0.4204 0.5098
vn -0.7780 0.3439 0.5258
vn -0.7264 0.3364 0.5993
vn -0.7894 0.4341 0.4341
vn -0.8214 0.4475 0.3538
vn -0.8571 0.3643 0.3643
vn -0.8214 0.3538 0.4475
vn -0.8464 0.4591 0.2699
vn -0.8647 0.4680 0.1822
vn -0.9054 0.3810 0.1870
vn -0.8851 0.3737 0.2775
vn -0.8758 0.4738 0.0918
vn -0.8795 0.4759 -0.0000
vn -0.9218 0.3876 -0.0000
vn -0.9177 0.3859 0.0941
vn -0.7456 0.2578 0.6146
vn -0.8000 0.2630 0.5394
vn -0.8162 0.1778 0.5497
vn -0.7599 0.1746 0.6261
vn -0.8464 0.2699 0.4591
vn -0.8851 0.2775 0.3737
vn -0.9054 0.1870 0.3810
vn -0.8647 0.1822 0.4680
vn -0.9155 0.2844 0.2844
vn -0.9377 0.2900 0.1915
vn -0.9611 0.1952 0.1952
vn -0.9377 0.1915 0.2900
vn -0.9510 0.2937 0.0964
vn -0.9555 0.2951 -0.0000
vn -0.9801 0.1987 -0.0000
vn -0.9753 0.1977 0.0982
vn -0.7687 0.0882 0.6334
vn -0.8261 0.0897 0.5563
vn -0.8758 0.0918 0.4738
vn -0.9177 0.0941 0.3859
vn -0.9510 0.0964 0.2937
vn -0.9753 0.0982 0.1977
vn -0.9901 0.0995 0.0995
vn -0.9950 0.1000 0.0000
vn -0.6498 0.5375 -0.5375
vn -0.6795 0.5609 -0.4729
vn -0.6795 0.4729 -0.5609
vn -0.7188 0.4916 -0.4916
vn -0.7036 0.4085 -0.5815
vn -0.7506 0.4204 -0.5098
vn -0.7264 0.3364 -0.5993
vn -0.7780 0.3439 -0.5258
vn -0.7456 0.2578 -0.6146
vn -0.8000 0.2630 -0.5394
vn -0.7599 0.1746 -0.6261
vn -0.8162 0.1778 -0.5497
vn -0.7687 0.0882 -0.6334
vn -0.8261 0.0897 -0.5563
vn -0.7036 0.5815 -0.4085
vn -0.7264 0.5993 -0.3364
vn -0.7506 0.5098 -0.4204
vn -0.7780 0.5258 -0.3439
vn -0.7894 0.4341 -0.4341
vn -0.8214 0.4475 -0.3538
vn -0.8214 0.3538 -0.4475
vn -0.8571 0.3643 -0.3643
vn -0.8464 0.2699 -0.4591
vn -0.8851 0.2775 -0.3737
vn -0.8647 0.1822 -0.4680
vn -0.9054 0.1870 -0.3810
vn -0.8758 0.0918 -0.4738
vn -0.9177 0.0941 -0.3859
vn -0.7456 0.6146 -0.2578
vn -0.7599 0.6261 -0.1746
vn -0.8000 0.5394 -0.2630
vn -0.8162 0.5497 -0.1778
vn -0.8464 0.4591 -0.2699
vn -0.8647 0.4680 -0.1822
vn -0.8851 0.3737 -0.2775
vn -0.9054 0.3810 -0.1870
vn -0.9155 0.2844 -0.2844
vn -0.9377 0.2900 -0.1915
vn -0.9377 0.1915 -0.2900
vn -0.9611 0.1952 -0.1952
vn -0.9510 0.0964 -0.2937
vn -0.9753 0.0982 -0.1977
vn -0.7687 0.6334 -0.0882
vn -0.8261 0.5563 -0.0897
vn -0.8758 0.4738 -0.0918
vn -0.9177 0.3859 -0.0941
vn -0.9510 0.2937 -0.0964
vn -0.9753 0.1977 -0.0982
vn -0.9901 0.0995 -0.0995
# 3699 vertex normals

vt 0.4080 0.8645 0.0000
vt 0.4080 0.8544 0.0000
vt 0.4136 0.8544 0.0000
vt 0.4136 0.8645 0.0000
vt 0.4192 0.8544 0.0000
vt 0.4192 0.8645 0.0000
vt 0.4248 0.8645 0.0000
vt 0.4248 0.8544 0.0000
vt 0.4304 0.8544 0.0000
vt 0.4304 0.8645 0.0000
vt 0.3857 0.8645 0.0000
vt 0.3857 0.8544 0.0000
vt 0.3913 0.8544 0.0000
vt 0.3913 0.8645 0.0000
vt 0.3969 0.8544 0.0000
vt 0.3969 0.8645 0.0000
vt 0.4025 0.8645 0.0000
vt 0.4025 0.8544 0.0000
vt 0.3633 0.8645 0.0000
vt 0.3633 0.8544 0.0000
vt 0.3689 0.8544 0.0000
vt 0.3689 0.8645 0.0000
vt 0.3745 0.8544 0.0000
vt 0.3745 0.8645 0.0000
vt 0.3801 0.8645 0.0000
vt 0.3801 0.8544 0.0000
vt 0.3410 0.8645 0.0000
vt 0.3410 0.8544 0.0000
vt 0.3466 0.8544 0.0000
vt 0.3466 0.8645 0.0000
vt 0.3522 0.8544 0.0000
vt 0.3522 0.8645 0.0000
vt 0.3577 0.8645 0.0000
vt 0.3577 0.8544 0.0000
vt 0.3186 0.8645 0.0000
vt 0.3186 0.8544 0.0000
vt 0.3242 0.8544 0.0000
vt 0.3242 0.8645 0.0000
vt 0.3298 0.8544 0.0000
vt 0.3298 0.8645 0.0000
vt 0.3354 0.8645 0.0000
vt 0.3354 0.8544 0.0000
vt 0.2963 0.8645 0.0000
vt 0.2963 0.8544 0.0000
vt 0.3018 0.8544 0.0000
vt 0.3018 0.8645 0.0000
vt 0.3074 0.8544 0.0000
vt 0.3074 0.8645 0.0000
vt 0.3130 0.8645 0.0000
vt 0.3130 0.8544 0.0000
vt 0.5890 0.0056 0.0000
vt 0.5996 0.0056 0.0000
vt 0.5996 0.0402 0.0000
vt 0.5890 0.0405 0.0000
vt 0.6114 0.2601 0.0000
vt 0.5891 0.2604 0.0000
vt 0.5891 0.2297 0.0000
vt 0.6109 0.2294 0.0000
vt 0.5891 0.1989 0.0000
vt 0.6109 0.1985 0.0000
vt 0.5890 0.1363 0.0000
vt 0.6113 0.1358 0.0000
vt 0.6111 0.1673 0.0000
vt 0.5890 0.1677 0.0000
vt 0.5891 0.3846 0.0000
vt 0.5891 0.3534 0.0000
vt 0.6156 0.3531 0.0000
vt 0.6164 0.3834 0.0000
vt 0.5891 0.3222 0.0000
vt 0.6142 0.3219 0.0000
vt 0.6126 0.2909 0.0000
vt 0.5891 0.2912 0.0000
vt 0.6125 0.5106 0.0000
vt 0.5892 0.5103 0.0000
vt 0.5892 0.4792 0.0000
vt 0.6137 0.4795 0.0000
vt 0.5891 0.4480 0.0000
vt 0.6151 0.4480 0.0000
vt 0.5891 0.3853 0.0000
vt 0.6164 0.3860 0.0000
vt 0.6161 0.4164 0.0000
vt 0.5891 0.4165 0.0000
vt 0.6131 0.6345 0.0000
vt 0.5891 0.6346 0.0000
vt 0.5891 0.6035 0.0000
vt 0.6126 0.6113 0.0000
vt 0.6123 0.5920 0.0000
vt 0.6121 0.5339 0.0000
vt 0.5891 0.5415 0.0000
vt 0.6120 0.5532 0.0000
vt 0.6137 0.7589 0.0000
vt 0.5891 0.7589 0.0000
vt 0.5891 0.7275 0.0000
vt 0.6138 0.7276 0.0000
vt 0.5891 0.6965 0.0000
vt 0.6137 0.6965 0.0000
vt 0.6135 0.6655 0.0000
vt 0.5891 0.6656 0.0000
vt 0.8518 0.5391 0.0000
vt 0.8651 0.5391 0.0000
vt 0.8651 0.5458 0.0000
vt 0.8518 0.5458 0.0000
vt 0.8651 0.5525 0.0000
vt 0.8518 0.5525 0.0000
vt 0.8518 0.5592 0.0000
vt 0.8651 0.5592 0.0000
vt 0.8651 0.5660 0.0000
vt 0.8518 0.5660 0.0000
vt 0.8651 0.5727 0.0000
vt 0.8518 0.5727 0.0000
vt 0.8651 0.5794 0.0000
vt 0.8518 0.5794 0.0000
vt 0.8518 0.5862 0.0000
vt 0.8651 0.5862 0.0000
vt 0.8651 0.5929 0.0000
vt 0.8518 0.5929 0.0000
vt 0.8651 0.5996 0.0000
vt 0.8518 0.5996 0.0000
vt 0.8651 0.6063 0.0000
vt 0.8518 0.6063 0.0000
vt 0.8518 0.6131 0.0000
vt 0.8651 0.6131 0.0000
vt 0.8651 0.6198 0.0000
vt 0.8518 0.6198 0.0000
vt 0.8651 0.6265 0.0000
vt 0.8518 0.6265 0.0000
vt 0.8651 0.6332 0.0000
vt 0.8518 0.6332 0.0000
vt 0.8518 0.6400 0.0000
vt 0.8651 0.6400 0.0000
vt 0.8651 0.6467 0.0000
vt 0.8518 0.6467 0.0000
vt 0.8651 0.6534 0.0000
vt 0.8518 0.6534 0.0000
vt 0.8651 0.6602 0.0000
vt 0.8518 0.6602 0.0000
vt 0.8518 0.6669 0.0000
vt 0.8651 0.6669 0.0000
vt 0.8651 0.6736 0.0000
vt 0.8518 0.6736 0.0000
vt 0.8651 0.6803 0.0000
vt 0.8518 0.6803 0.0000
vt 0.8651 0.6871 0.0000
vt 0.8518 0.6871 0.0000
vt 0.8518 0.6938 0.0000
vt 0.8651 0.6938 0.0000
vt 0.8651 0.7005 0.0000
vt 0.8518 0.7005 0.0000
vt 0.7432 0.1208 0.0000
vt 0.6932 0.1208 0.0000
vt 0.6932 0.0936 0.0000
vt 0.7432 0.0936 0.0000
vt 0.6932 0.0663 0.0000
vt 0.7432 0.0663 0.0000
vt 0.6932 0.0056 0.0000
vt 0.7432 0.0056 0.0000
vt 0.7432 0.0356 0.0000
vt 0.6932 0.0356 0.0000
vt 0.7432 0.0504 0.0000
vt 0.7432 0.2297 0.0000
vt 0.6932 0.2297 0.0000
vt 0.6932 0.2025 0.0000
vt 0.7432 0.2025 0.0000
vt 0.6932 0.1753 0.0000
vt 0.7432 0.1753 0.0000
vt 0.7432 0.1480 0.0000
vt 0.6932 0.1480 0.0000
vt 0.7432 0.3386 0.0000
vt 0.6932 0.3386 0.0000
vt 0.6932 0.3114 0.0000
vt 0.7432 0.3114 0.0000
vt 0.6932 0.2842 0.0000
vt 0.7432 0.2842 0.0000
vt 0.7432 0.2569 0.0000
vt 0.6932 0.2569 0.0000
vt 0.7432 0.4475 0.0000
vt 0.6932 0.4475 0.0000
vt 0.6932 0.4203 0.0000
vt 0.7432 0.4203 0.0000
vt 0.6932 0.3930 0.0000
vt 0.7432 0.3930 0.0000
vt 0.7432 0.3658 0.0000
vt 0.6932 0.3658 0.0000
vt 0.7432 0.5564 0.0000
vt 0.6932 0.5564 0.0000
vt 0.6932 0.5291 0.0000
vt 0.7432 0.5291 0.0000
vt 0.6932 0.5019 0.0000
vt 0.7432 0.5019 0.0000
vt 0.7432 0.4747 0.0000
vt 0.6932 0.4747 0.0000
vt 0.7432 0.6652 0.0000
vt 0.6932 0.6652 0.0000
vt 0.6932 0.6380 0.0000
vt 0.7432 0.6380 0.0000
vt 0.6932 0.6108 0.0000
vt 0.7432 0.6108 0.0000
vt 0.7432 0.5836 0.0000
vt 0.6932 0.5836 0.0000
vt 0.1440 0.4870 0.0000
vt 0.1610 0.4890 0.0000
vt 0.1379 0.6177 0.0000
vt 0.1777 0.4931 0.0000
vt 0.2087 0.5077 0.0000
vt 0.1936 0.4994 0.0000
vt 0.2224 0.5179 0.0000
vt 0.2348 0.5298 0.0000
vt 0.2543 0.5578 0.0000
vt 0.2455 0.5432 0.0000
vt 0.2612 0.5736 0.0000
vt 0.2659 0.5901 0.0000
vt 0.2688 0.6242 0.0000
vt 0.2685 0.6070 0.0000
vt 0.2669 0.6412 0.0000
vt 0.2627 0.6578 0.0000
vt 0.2482 0.6888 0.0000
vt 0.2565 0.6738 0.0000
vt 0.2380 0.7026 0.0000
vt 0.2261 0.7149 0.0000
vt 0.1980 0.7345 0.0000
vt 0.2127 0.7256 0.0000
vt 0.1823 0.7413 0.0000
vt 0.1658 0.7460 0.0000
vt 0.1317 0.7490 0.0000
vt 0.1488 0.7486 0.0000
vt 0.9843 0.6459 0.0000
vt 0.9871 0.6427 0.0000
vt 0.9871 0.6733 0.0000
vt 0.9849 0.6746 0.0000
vt 0.9871 0.7043 0.0000
vt 0.9852 0.7048 0.0000
vt 0.9850 0.7357 0.0000
vt 0.9871 0.7359 0.0000
vt 0.9871 0.7679 0.0000
vt 0.9848 0.7679 0.0000
vt 0.9757 0.3987 0.0000
vt 0.9700 0.4268 0.0000
vt 0.9668 0.4000 0.0000
vt 0.9750 0.4276 0.0000
vt 0.9745 0.4567 0.0000
vt 0.9671 0.4548 0.0000
vt 0.5754 0.9448 0.0000
vt 0.5754 0.9326 0.0000
vt 0.5952 0.9326 0.0000
vt 0.5952 0.9467 0.0000
vt 0.6201 0.9326 0.0000
vt 0.6201 0.9481 0.0000
vt 0.9694 0.3708 0.0000
vt 0.9758 0.3961 0.0000
vt 0.9668 0.3974 0.0000
vt 0.6469 0.9326 0.0000
vt 0.6471 0.9488 0.0000
vt 0.5057 0.9444 0.0000
vt 0.5057 0.9326 0.0000
vt 0.5210 0.9326 0.0000
vt 0.5210 0.9426 0.0000
vt 0.5375 0.9326 0.0000
vt 0.5375 0.9426 0.0000
vt 0.5556 0.9434 0.0000
vt 0.5556 0.9326 0.0000
vt 0.3362 0.9492 0.0000
vt 0.3362 0.9326 0.0000
vt 0.3631 0.9326 0.0000
vt 0.3631 0.9493 0.0000
vt 0.3897 0.9326 0.0000
vt 0.3897 0.9495 0.0000
vt 0.4154 0.9496 0.0000
vt 0.4154 0.9326 0.0000
vt 0.4389 0.9326 0.0000
vt 0.4389 0.9495 0.0000
vt 0.4663 0.9937 0.0000
vt 0.4663 0.9621 0.0000
vt 0.4763 0.9621 0.0000
vt 0.4763 0.9937 0.0000
vt 0.4863 0.9621 0.0000
vt 0.4863 0.9937 0.0000
vt 0.4964 0.9937 0.0000
vt 0.4964 0.9621 0.0000
vt 0.5064 0.9621 0.0000
vt 0.5064 0.9937 0.0000
vt 0.4265 0.9937 0.0000
vt 0.4265 0.9621 0.0000
vt 0.4364 0.9621 0.0000
vt 0.4364 0.9937 0.0000
vt 0.4464 0.9621 0.0000
vt 0.4464 0.9937 0.0000
vt 0.4563 0.9937 0.0000
vt 0.4563 0.9621 0.0000
vt 0.3867 0.9937 0.0000
vt 0.3867 0.9621 0.0000
vt 0.3967 0.9621 0.0000
vt 0.3967 0.9937 0.0000
vt 0.4066 0.9621 0.0000
vt 0.4066 0.9937 0.0000
vt 0.4166 0.9937 0.0000
vt 0.4166 0.9621 0.0000
vt 0.3470 0.9937 0.0000
vt 0.3470 0.9621 0.0000
vt 0.3569 0.9621 0.0000
vt 0.3569 0.9937 0.0000
vt 0.3669 0.9621 0.0000
vt 0.3669 0.9937 0.0000
vt 0.3768 0.9937 0.0000
vt 0.3768 0.9621 0.0000
vt 0.3073 0.9937 0.0000
vt 0.3073 0.9621 0.0000
vt 0.3172 0.9621 0.0000
vt 0.3172 0.9937 0.0000
vt 0.3271 0.9621 0.0000
vt 0.3271 0.9937 0.0000
vt 0.3371 0.9937 0.0000
vt 0.3371 0.9621 0.0000
vt 0.2675 0.9937 0.0000
vt 0.2675 0.9621 0.0000
vt 0.2775 0.9621 0.0000
vt 0.2775 0.9937 0.0000
vt 0.2874 0.9621 0.0000
vt 0.2874 0.9937 0.0000
vt 0.2973 0.9937 0.0000
vt 0.2973 0.9621 0.0000
vt 0.9314 0.5750 0.0000
vt 0.8834 0.5750 0.0000
vt 0.8834 0.5661 0.0000
vt 0.9314 0.5661 0.0000
vt 0.8834 0.5572 0.0000
vt 0.9314 0.5572 0.0000
vt 0.9314 0.5482 0.0000
vt 0.8834 0.5482 0.0000
vt 0.8834 0.5387 0.0000
vt 0.9314 0.5387 0.0000
vt 0.9314 0.6106 0.0000
vt 0.8834 0.6106 0.0000
vt 0.8834 0.6017 0.0000
vt 0.9314 0.6017 0.0000
vt 0.8834 0.5928 0.0000
vt 0.9314 0.5928 0.0000
vt 0.9314 0.5839 0.0000
vt 0.8834 0.5839 0.0000
vt 0.9314 0.6463 0.0000
vt 0.8834 0.6463 0.0000
vt 0.8834 0.6374 0.0000
vt 0.9314 0.6374 0.0000
vt 0.8834 0.6284 0.0000
vt 0.9314 0.6284 0.0000
vt 0.9314 0.6195 0.0000
vt 0.8834 0.6195 0.0000
vt 0.9314 0.6819 0.0000
vt 0.8834 0.6819 0.0000
vt 0.8834 0.6730 0.0000
vt 0.9314 0.6730 0.0000
vt 0.8834 0.6641 0.0000
vt 0.9314 0.6641 0.0000
vt 0.9314 0.6552 0.0000
vt 0.8834 0.6552 0.0000
vt 0.9314 0.7176 0.0000
vt 0.8834 0.7176 0.0000
vt 0.8834 0.7086 0.0000
vt 0.9314 0.7086 0.0000
vt 0.8834 0.6997 0.0000
vt 0.9314 0.6997 0.0000
vt 0.9314 0.6908 0.0000
vt 0.8834 0.6908 0.0000
vt 0.9314 0.7532 0.0000
vt 0.8834 0.7532 0.0000
vt 0.8834 0.7443 0.0000
vt 0.9314 0.7443 0.0000
vt 0.8834 0.7354 0.0000
vt 0.9314 0.7354 0.0000
vt 0.9314 0.7265 0.0000
vt 0.8834 0.7265 0.0000
vt 0.9436 0.9099 0.0000
vt 0.9567 0.9099 0.0000
vt 0.9567 0.9165 0.0000
vt 0.9436 0.9165 0.0000
vt 0.9567 0.9232 0.0000
vt 0.9436 0.9232 0.0000
vt 0.9436 0.9298 0.0000
vt 0.9567 0.9298 0.0000
vt 0.9567 0.9365 0.0000
vt 0.9436 0.9365 0.0000
vt 0.9436 0.8833 0.0000
vt 0.9567 0.8833 0.0000
vt 0.9567 0.8899 0.0000
vt 0.9436 0.8899 0.0000
vt 0.9567 0.8966 0.0000
vt 0.9436 0.8966 0.0000
vt 0.9436 0.9032 0.0000
vt 0.9567 0.9032 0.0000
vt 0.9436 0.8567 0.0000
vt 0.9567 0.8567 0.0000
vt 0.9567 0.8633 0.0000
vt 0.9436 0.8633 0.0000
vt 0.9567 0.8700 0.0000
vt 0.9436 0.8700 0.0000
vt 0.9436 0.8766 0.0000
vt 0.9567 0.8766 0.0000
vt 0.9436 0.8300 0.0000
vt 0.9567 0.8300 0.0000
vt 0.9567 0.8367 0.0000
vt 0.9436 0.8367 0.0000
vt 0.9567 0.8434 0.0000
vt 0.9436 0.8434 0.0000
vt 0.9436 0.8500 0.0000
vt 0.9567 0.8500 0.0000
vt 0.9436 0.8034 0.0000
vt 0.9567 0.8034 0.0000
vt 0.9567 0.8101 0.0000
vt 0.9436 0.8101 0.0000
vt 0.9567 0.8167 0.0000
vt 0.9436 0.8167 0.0000
vt 0.9436 0.8234 0.0000
vt 0.9567 0.8234 0.0000
vt 0.9436 0.7768 0.0000
vt 0.9567 0.7768 0.0000
vt 0.9567 0.7835 0.0000
vt 0.9436 0.7835 0.0000
vt 0.9567 0.7901 0.0000
vt 0.9436 0.7901 0.0000
vt 0.9436 0.7968 0.0000
vt 0.9567 0.7968 0.0000
vt 0.6480 0.0056 0.0000
vt 0.6479 0.0374 0.0000
vt 0.6387 0.0374 0.0000
vt 0.6387 0.0056 0.0000
vt 0.6304 0.2263 0.0000
vt 0.6308 0.2572 0.0000
vt 0.6305 0.1953 0.0000
vt 0.6492 0.1326 0.0000
vt 0.6491 0.1638 0.0000
vt 0.6307 0.1643 0.0000
vt 0.6309 0.1331 0.0000
vt 0.6489 0.1948 0.0000
vt 0.6347 0.3520 0.0000
vt 0.6355 0.3832 0.0000
vt 0.6333 0.3200 0.0000
vt 0.6489 0.2566 0.0000
vt 0.6494 0.2878 0.0000
vt 0.6319 0.2884 0.0000
vt 0.6500 0.3194 0.0000
vt 0.6335 0.4819 0.0000
vt 0.6329 0.5138 0.0000
vt 0.6346 0.4496 0.0000
vt 0.6513 0.3855 0.0000
vt 0.6515 0.4171 0.0000
vt 0.6354 0.4171 0.0000
vt 0.6356 0.3858 0.0000
vt 0.6514 0.4498 0.0000
vt 0.6331 0.6123 0.0000
vt 0.6332 0.6355 0.0000
vt 0.6329 0.5930 0.0000
vt 0.6511 0.5129 0.0000
vt 0.6513 0.5359 0.0000
vt 0.6328 0.5372 0.0000
vt 0.6511 0.5552 0.0000
vt 0.6326 0.5564 0.0000
vt 0.6337 0.7281 0.0000
vt 0.6336 0.7589 0.0000
vt 0.6336 0.6974 0.0000
vt 0.6509 0.6383 0.0000
vt 0.6509 0.6681 0.0000
vt 0.6334 0.6665 0.0000
vt 0.6511 0.6982 0.0000
vt 0.4590 0.9326 0.0000
vt 0.4590 0.9488 0.0000
vt 0.4752 0.9326 0.0000
vt 0.4752 0.9476 0.0000
vt 0.4909 0.9461 0.0000
vt 0.4909 0.9326 0.0000
vt 0.6812 0.0056 0.0000
vt 0.6812 0.0387 0.0000
vt 0.6645 0.0378 0.0000
vt 0.6646 0.0056 0.0000
vt 0.6646 0.0539 0.0000
vt 0.6488 0.2257 0.0000
vt 0.6654 0.2268 0.0000
vt 0.6652 0.2574 0.0000
vt 0.6658 0.1960 0.0000
vt 0.6812 0.1362 0.0000
vt 0.6812 0.1680 0.0000
vt 0.6660 0.1648 0.0000
vt 0.6660 0.1335 0.0000
vt 0.6812 0.1992 0.0000
vt 0.6513 0.3829 0.0000
vt 0.6507 0.3515 0.0000
vt 0.6655 0.3514 0.0000
vt 0.6659 0.3825 0.0000
vt 0.6653 0.3196 0.0000
vt 0.6812 0.2600 0.0000
vt 0.6812 0.2902 0.0000
vt 0.6652 0.2883 0.0000
vt 0.6812 0.3208 0.0000
vt 0.6511 0.4818 0.0000
vt 0.6669 0.4803 0.0000
vt 0.6673 0.5097 0.0000
vt 0.6667 0.4491 0.0000
vt 0.6812 0.3846 0.0000
vt 0.6812 0.4155 0.0000
vt 0.6665 0.4166 0.0000
vt 0.6660 0.3851 0.0000
vt 0.6812 0.4472 0.0000
vt 0.6510 0.6159 0.0000
vt 0.6676 0.6208 0.0000
vt 0.6672 0.6420 0.0000
vt 0.6510 0.5966 0.0000
vt 0.6678 0.6016 0.0000
vt 0.6812 0.5240 0.0000
vt 0.6678 0.5318 0.0000
vt 0.6812 0.5032 0.0000
vt 0.6679 0.5516 0.0000
vt 0.6509 0.7589 0.0000
vt 0.6511 0.7286 0.0000
vt 0.6669 0.7290 0.0000
vt 0.6665 0.7589 0.0000
vt 0.6670 0.6990 0.0000
vt 0.6812 0.6473 0.0000
vt 0.6812 0.6721 0.0000
vt 0.6670 0.6699 0.0000
vt 0.6812 0.6999 0.0000
vt 0.9871 0.6122 0.0000
vt 0.9822 0.6339 0.0000
vt 0.6120 0.5726 0.0000
vt 0.6322 0.5747 0.0000
vt 0.6507 0.5761 0.0000
vt 0.6676 0.5769 0.0000
vt 0.5891 0.5725 0.0000
vt 0.9780 0.6157 0.0000
vt 0.9871 0.5215 0.0000
vt 0.9791 0.5144 0.0000
vt 0.9813 0.4876 0.0000
vt 0.9871 0.4910 0.0000
vt 0.9816 0.4586 0.0000
vt 0.9871 0.4606 0.0000
vt 0.9717 0.5090 0.0000
vt 0.9738 0.4843 0.0000
vt 0.9638 0.4799 0.0000
vt 0.9661 0.4808 0.0000
vt 0.9640 0.5037 0.0000
vt 0.9614 0.5020 0.0000
vt 0.9651 0.4543 0.0000
vt 0.9812 0.5446 0.0000
vt 0.9753 0.5357 0.0000
vt 0.9686 0.5275 0.0000
vt 0.9754 0.5639 0.0000
vt 0.9711 0.5535 0.0000
vt 0.9643 0.5448 0.0000
vt 0.9599 0.5225 0.0000
vt 0.9571 0.5199 0.0000
vt 0.9565 0.5370 0.0000
vt 0.9526 0.5338 0.0000
vt 0.9472 0.5551 0.0000
vt 0.9481 0.5473 0.0000
vt 0.9515 0.5513 0.0000
vt 0.9481 0.5597 0.0000
vt 0.9583 0.5615 0.0000
vt 0.9538 0.5715 0.0000
vt 0.9604 0.5825 0.0000
vt 0.9644 0.5719 0.0000
vt 0.9697 0.5830 0.0000
vt 0.9677 0.5948 0.0000
vt 0.9795 0.6017 0.0000
vt 0.9871 0.5821 0.0000
vt 0.9871 0.5519 0.0000
vt 0.9804 0.5741 0.0000
vt 0.9752 0.5929 0.0000
vt 0.9734 0.6047 0.0000
vt 0.9822 0.4288 0.0000
vt 0.9871 0.4300 0.0000
vt 0.9869 0.4000 0.0000
vt 0.9871 0.3659 0.0000
vt 0.9871 0.3973 0.0000
vt 0.0069 0.2590 0.0000
vt 0.0092 0.2315 0.0000
vt 0.0232 0.2330 0.0000
vt 0.0221 0.2587 0.0000
vt 0.0143 0.2059 0.0000
vt 0.0270 0.2093 0.0000
vt 0.0374 0.2345 0.0000
vt 0.0368 0.2584 0.0000
vt 0.0400 0.2127 0.0000
vt 0.0221 0.1835 0.0000
vt 0.0318 0.1654 0.0000
vt 0.0420 0.1723 0.0000
vt 0.0334 0.1887 0.0000
vt 0.0509 0.1785 0.0000
vt 0.0444 0.1941 0.0000
vt 0.0683 0.1901 0.0000
vt 0.0670 0.2027 0.0000
vt 0.0555 0.1991 0.0000
vt 0.0598 0.1847 0.0000
vt 0.0663 0.2180 0.0000
vt 0.0530 0.2157 0.0000
vt 0.0658 0.2367 0.0000
vt 0.0661 0.2574 0.0000
vt 0.0515 0.2579 0.0000
vt 0.0516 0.2358 0.0000
vt 0.0427 0.1526 0.0000
vt 0.0525 0.1612 0.0000
vt 0.0538 0.1432 0.0000
vt 0.0637 0.1538 0.0000
vt 0.0619 0.1701 0.0000
vt 0.0732 0.1647 0.0000
vt 0.0638 0.1352 0.0000
vt 0.0718 0.1269 0.0000
vt 0.0853 0.1443 0.0000
vt 0.0745 0.1482 0.0000
vt 0.0956 0.1577 0.0000
vt 0.0848 0.1610 0.0000
vt 0.1168 0.1864 0.0000
vt 0.1016 0.1883 0.0000
vt 0.0942 0.1743 0.0000
vt 0.1057 0.1713 0.0000
vt 0.0881 0.1892 0.0000
vt 0.0815 0.1764 0.0000
vt 0.0762 0.1911 0.0000
vt 0.0701 0.1800 0.0000
vt 0.2424 0.4882 0.0000
vt 0.2132 0.4859 0.0000
vt 0.2149 0.4690 0.0000
vt 0.2421 0.4711 0.0000
vt 0.1850 0.4797 0.0000
vt 0.1887 0.4629 0.0000
vt 0.2166 0.4521 0.0000
vt 0.2418 0.4540 0.0000
vt 0.1925 0.4462 0.0000
vt 0.1591 0.4715 0.0000
vt 0.1365 0.4634 0.0000
vt 0.1422 0.4438 0.0000
vt 0.1649 0.4543 0.0000
vt 0.1485 0.4253 0.0000
vt 0.1705 0.4374 0.0000
vt 0.1639 0.3943 0.0000
vt 0.1813 0.4055 0.0000
vt 0.1760 0.4212 0.0000
vt 0.1561 0.4091 0.0000
vt 0.1998 0.4134 0.0000
vt 0.1961 0.4297 0.0000
vt 0.2201 0.4183 0.0000
vt 0.2412 0.4198 0.0000
vt 0.2415 0.4369 0.0000
vt 0.2184 0.4352 0.0000
vt 0.1183 0.4571 0.0000
vt 0.1239 0.4333 0.0000
vt 0.1037 0.4507 0.0000
vt 0.1081 0.4243 0.0000
vt 0.1308 0.4118 0.0000
vt 0.1132 0.3938 0.0000
vt 0.0909 0.4434 0.0000
vt 0.0782 0.4339 0.0000
vt 0.0807 0.4134 0.0000
vt 0.0943 0.4190 0.0000
vt 0.0859 0.3918 0.0000
vt 0.0976 0.3925 0.0000
vt 0.0768 0.3450 0.0000
vt 0.0896 0.3419 0.0000
vt 0.0943 0.3669 0.0000
vt 0.0819 0.3683 0.0000
vt 0.1030 0.3383 0.0000
vt 0.1072 0.3634 0.0000
vt 0.1160 0.3324 0.0000
vt 0.1273 0.3257 0.0000
vt 0.1320 0.3455 0.0000
vt 0.1204 0.3554 0.0000
vt 0.1392 0.3645 0.0000
vt 0.1279 0.3772 0.0000
vt 0.1401 0.3948 0.0000
vt 0.1499 0.3807 0.0000
vt 0.0273 0.3697 0.0000
vt 0.0182 0.3446 0.0000
vt 0.0351 0.3368 0.0000
vt 0.0423 0.3600 0.0000
vt 0.0115 0.3168 0.0000
vt 0.0289 0.3116 0.0000
vt 0.0474 0.3314 0.0000
vt 0.0531 0.3538 0.0000
vt 0.0424 0.3075 0.0000
vt 0.0077 0.2877 0.0000
vt 0.0243 0.2853 0.0000
vt 0.0387 0.2830 0.0000
vt 0.0675 0.2786 0.0000
vt 0.0531 0.2807 0.0000
vt 0.0698 0.3003 0.0000
vt 0.0560 0.3037 0.0000
vt 0.0730 0.3224 0.0000
vt 0.0645 0.3487 0.0000
vt 0.0599 0.3265 0.0000
vt 0.0766 0.1161 0.0000
vt 0.0892 0.1139 0.0000
vt 0.0911 0.1279 0.0000
vt 0.0794 0.1039 0.0000
vt 0.0890 0.0993 0.0000
vt 0.1024 0.1113 0.0000
vt 0.1052 0.1269 0.0000
vt 0.0998 0.0942 0.0000
vt 0.0814 0.0911 0.0000
vt 0.0837 0.0788 0.0000
vt 0.0875 0.0678 0.0000
vt 0.0884 0.0838 0.0000
vt 0.0941 0.0578 0.0000
vt 0.0970 0.0762 0.0000
vt 0.1206 0.0381 0.0000
vt 0.1252 0.0593 0.0000
vt 0.1088 0.0683 0.0000
vt 0.1047 0.0487 0.0000
vt 0.1298 0.0804 0.0000
vt 0.1129 0.0882 0.0000
vt 0.1342 0.1018 0.0000
vt 0.1386 0.1255 0.0000
vt 0.1197 0.1262 0.0000
vt 0.1169 0.1079 0.0000
vt 0.0791 0.2042 0.0000
vt 0.0918 0.2040 0.0000
vt 0.0798 0.2195 0.0000
vt 0.0937 0.2203 0.0000
vt 0.1181 0.2052 0.0000
vt 0.1055 0.2041 0.0000
vt 0.1188 0.2219 0.0000
vt 0.1073 0.2210 0.0000
vt 0.1195 0.2551 0.0000
vt 0.1091 0.2556 0.0000
vt 0.1084 0.2382 0.0000
vt 0.1190 0.2385 0.0000
vt 0.0956 0.2562 0.0000
vt 0.0948 0.2379 0.0000
vt 0.0808 0.2568 0.0000
vt 0.0802 0.2374 0.0000
vt 0.0820 0.2767 0.0000
vt 0.0966 0.2749 0.0000
vt 0.0838 0.2973 0.0000
vt 0.0980 0.2945 0.0000
vt 0.1204 0.2720 0.0000
vt 0.1099 0.2734 0.0000
vt 0.1219 0.2892 0.0000
vt 0.1111 0.2918 0.0000
vt 0.1130 0.3113 0.0000
vt 0.1241 0.3070 0.0000
vt 0.1000 0.3155 0.0000
vt 0.0863 0.3189 0.0000
vt 0.2354 0.0839 0.0000
vt 0.2358 0.1016 0.0000
vt 0.2163 0.1041 0.0000
vt 0.2136 0.0869 0.0000
vt 0.2361 0.1188 0.0000
vt 0.2189 0.1207 0.0000
vt 0.1931 0.1115 0.0000
vt 0.1875 0.0962 0.0000
vt 0.1995 0.1268 0.0000
vt 0.2363 0.1344 0.0000
vt 0.2365 0.1481 0.0000
vt 0.2233 0.1493 0.0000
vt 0.2212 0.1356 0.0000
vt 0.2102 0.1524 0.0000
vt 0.2050 0.1401 0.0000
vt 0.1858 0.1644 0.0000
vt 0.1758 0.1566 0.0000
vt 0.1897 0.1474 0.0000
vt 0.1977 0.1580 0.0000
vt 0.1659 0.1484 0.0000
vt 0.1815 0.1365 0.0000
vt 0.1540 0.1381 0.0000
vt 0.1630 0.1095 0.0000
vt 0.1718 0.1232 0.0000
vt 0.1711 0.3800 0.0000
vt 0.1865 0.3900 0.0000
vt 0.1777 0.3661 0.0000
vt 0.1917 0.3747 0.0000
vt 0.2034 0.3971 0.0000
vt 0.2070 0.3809 0.0000
vt 0.1834 0.3538 0.0000
vt 0.1889 0.3415 0.0000
vt 0.2009 0.3472 0.0000
vt 0.1964 0.3608 0.0000
vt 0.2136 0.3513 0.0000
vt 0.2104 0.3658 0.0000
vt 0.2401 0.3544 0.0000
vt 0.2403 0.3697 0.0000
vt 0.2252 0.3688 0.0000
vt 0.2267 0.3537 0.0000
vt 0.2406 0.3857 0.0000
vt 0.2236 0.3846 0.0000
vt 0.2409 0.4028 0.0000
vt 0.2218 0.4015 0.0000
vt 0.1358 0.3197 0.0000
vt 0.1412 0.3367 0.0000
vt 0.1416 0.3147 0.0000
vt 0.1480 0.3292 0.0000
vt 0.1485 0.3531 0.0000
vt 0.1561 0.3429 0.0000
vt 0.1462 0.3099 0.0000
vt 0.1510 0.3048 0.0000
vt 0.1586 0.3157 0.0000
vt 0.1532 0.3227 0.0000
vt 0.1675 0.3256 0.0000
vt 0.1618 0.3344 0.0000
vt 0.1718 0.3449 0.0000
vt 0.1777 0.3343 0.0000
vt 0.1660 0.3553 0.0000
vt 0.1585 0.3676 0.0000
vt 0.1290 0.1926 0.0000
vt 0.1271 0.2075 0.0000
vt 0.1365 0.1963 0.0000
vt 0.1334 0.2100 0.0000
vt 0.1262 0.2231 0.0000
vt 0.1314 0.2245 0.0000
vt 0.1427 0.1995 0.0000
vt 0.1490 0.2027 0.0000
vt 0.1434 0.2148 0.0000
vt 0.1385 0.2124 0.0000
vt 0.1394 0.2275 0.0000
vt 0.1356 0.2259 0.0000
vt 0.1364 0.2540 0.0000
vt 0.1338 0.2542 0.0000
vt 0.1341 0.2399 0.0000
vt 0.1371 0.2406 0.0000
vt 0.1306 0.2544 0.0000
vt 0.1305 0.2393 0.0000
vt 0.1261 0.2547 0.0000
vt 0.1258 0.2388 0.0000
vt 0.1269 0.2708 0.0000
vt 0.1315 0.2697 0.0000
vt 0.1287 0.2870 0.0000
vt 0.1335 0.2849 0.0000
vt 0.1376 0.2673 0.0000
vt 0.1348 0.2685 0.0000
vt 0.1404 0.2804 0.0000
vt 0.1371 0.2827 0.0000
vt 0.1409 0.2965 0.0000
vt 0.1449 0.2929 0.0000
vt 0.1368 0.2999 0.0000
vt 0.1317 0.3033 0.0000
vt 0.1439 0.1521 0.0000
vt 0.1321 0.1455 0.0000
vt 0.1553 0.1599 0.0000
vt 0.1378 0.1660 0.0000
vt 0.1279 0.1602 0.0000
vt 0.1474 0.1716 0.0000
vt 0.1748 0.1723 0.0000
vt 0.1649 0.1660 0.0000
vt 0.1648 0.1813 0.0000
vt 0.1558 0.1762 0.0000
vt 0.1485 0.1874 0.0000
vt 0.1562 0.1915 0.0000
vt 0.1412 0.1837 0.0000
vt 0.1231 0.1729 0.0000
vt 0.1327 0.1792 0.0000
vt 0.1455 0.0252 0.0000
vt 0.1500 0.0476 0.0000
vt 0.1729 0.0147 0.0000
vt 0.1770 0.0375 0.0000
vt 0.1543 0.0686 0.0000
vt 0.1806 0.0577 0.0000
vt 0.2014 0.0082 0.0000
vt 0.2340 0.0056 0.0000
vt 0.2344 0.0272 0.0000
vt 0.2049 0.0306 0.0000
vt 0.2348 0.0466 0.0000
vt 0.2079 0.0499 0.0000
vt 0.2108 0.0687 0.0000
vt 0.2351 0.0655 0.0000
vt 0.1842 0.0777 0.0000
vt 0.1585 0.0898 0.0000
vt 0.0966 0.1416 0.0000
vt 0.1082 0.1407 0.0000
vt 0.1041 0.1538 0.0000
vt 0.1122 0.1484 0.0000
vt 0.1201 0.1418 0.0000
vt 0.1182 0.1547 0.0000
vt 0.1135 0.1646 0.0000
vt 0.0647 0.4225 0.0000
vt 0.0685 0.4059 0.0000
vt 0.0511 0.4081 0.0000
vt 0.0585 0.3960 0.0000
vt 0.0758 0.3919 0.0000
vt 0.0664 0.3926 0.0000
vt 0.0379 0.3900 0.0000
vt 0.0499 0.3801 0.0000
vt 0.0594 0.3739 0.0000
vt 0.0699 0.3698 0.0000
vt 0.8202 0.0273 0.0000
vt 0.8202 0.0056 0.0000
vt 0.8712 0.0056 0.0000
vt 0.8712 0.0273 0.0000
vt 0.8202 0.5268 0.0000
vt 0.8202 0.5031 0.0000
vt 0.8712 0.5031 0.0000
vt 0.8712 0.5268 0.0000
vt 0.8202 0.4813 0.0000
vt 0.8712 0.4813 0.0000
vt 0.8202 0.4597 0.0000
vt 0.8712 0.4597 0.0000
vt 0.8202 0.4381 0.0000
vt 0.8712 0.4381 0.0000
vt 0.8202 0.4165 0.0000
vt 0.8712 0.4165 0.0000
vt 0.8202 0.3949 0.0000
vt 0.8712 0.3949 0.0000
vt 0.8202 0.3733 0.0000
vt 0.8712 0.3733 0.0000
vt 0.8202 0.3517 0.0000
vt 0.8712 0.3517 0.0000
vt 0.8202 0.3301 0.0000
vt 0.8712 0.3301 0.0000
vt 0.8202 0.3084 0.0000
vt 0.8712 0.3084 0.0000
vt 0.8202 0.2868 0.0000
vt 0.8712 0.2868 0.0000
vt 0.8202 0.2652 0.0000
vt 0.8712 0.2652 0.0000
vt 0.8202 0.2436 0.0000
vt 0.8712 0.2436 0.0000
vt 0.8202 0.2219 0.0000
vt 0.8712 0.2219 0.0000
vt 0.8202 0.2003 0.0000
vt 0.8712 0.2003 0.0000
vt 0.8202 0.1787 0.0000
vt 0.8712 0.1787 0.0000
vt 0.8202 0.1571 0.0000
vt 0.8712 0.1571 0.0000
vt 0.8202 0.1354 0.0000
vt 0.8712 0.1354 0.0000
vt 0.8202 0.1138 0.0000
vt 0.8712 0.1138 0.0000
vt 0.8202 0.0922 0.0000
vt 0.8712 0.0922 0.0000
vt 0.8202 0.0706 0.0000
vt 0.8712 0.0706 0.0000
vt 0.8202 0.0489 0.0000
vt 0.8712 0.0489 0.0000
vt 0.6656 0.1020 0.0000
vt 0.6812 0.1040 0.0000
vt 0.6649 0.0700 0.0000
vt 0.6812 0.0715 0.0000
vt 0.6812 0.2299 0.0000
vt 0.6812 0.3518 0.0000
vt 0.6812 0.3820 0.0000
vt 0.6812 0.4768 0.0000
vt 0.6812 0.6280 0.0000
vt 0.6812 0.6087 0.0000
vt 0.6812 0.5445 0.0000
vt 0.6812 0.7294 0.0000
vt 0.6812 0.7589 0.0000
vt 0.6812 0.5926 0.0000
vt 0.6812 0.5615 0.0000
vt 0.6812 0.5773 0.0000
vt 0.2384 0.1807 0.0000
vt 0.2384 0.2189 0.0000
vt 0.2068 0.2190 0.0000
vt 0.2070 0.1807 0.0000
vt 0.2007 0.2190 0.0000
vt 0.2007 0.1806 0.0000
vt 0.6124 0.1041 0.0000
vt 0.6083 0.1041 0.0000
vt 0.5890 0.0729 0.0000
vt 0.5997 0.0726 0.0000
vt 0.6004 0.1040 0.0000
vt 0.5891 0.1046 0.0000
vt 0.5996 0.0468 0.0000
vt 0.6158 0.1037 0.0000
vt 0.6119 0.0721 0.0000
vt 0.6176 0.0715 0.0000
vt 0.6489 0.1014 0.0000
vt 0.6484 0.0696 0.0000
vt 0.6308 0.1019 0.0000
vt 0.6347 0.0699 0.0000
vt 0.6481 0.0536 0.0000
vt 0.4164 0.8339 0.0000
vt 0.3967 0.8339 0.0000
vt 0.3967 0.8100 0.0000
vt 0.4164 0.8100 0.0000
vt 0.3916 0.8339 0.0000
vt 0.3916 0.8100 0.0000
vt 0.3380 0.8339 0.0000
vt 0.3220 0.8339 0.0000
vt 0.3220 0.8100 0.0000
vt 0.3380 0.8100 0.0000
vt 0.2952 0.8339 0.0000
vt 0.2952 0.8100 0.0000
vt 0.3869 0.8339 0.0000
vt 0.3869 0.8100 0.0000
vt 0.3827 0.8339 0.0000
vt 0.3827 0.8100 0.0000
vt 0.3788 0.8339 0.0000
vt 0.3788 0.8100 0.0000
vt 0.3648 0.8100 0.0000
vt 0.3648 0.8339 0.0000
vt 0.3600 0.8339 0.0000
vt 0.3600 0.8100 0.0000
vt 0.3559 0.8339 0.0000
vt 0.3559 0.8100 0.0000
vt 0.3520 0.8339 0.0000
vt 0.3520 0.8100 0.0000
vt 0.3699 0.8100 0.0000
vt 0.3699 0.8339 0.0000
vt 0.3746 0.8100 0.0000
vt 0.3746 0.8339 0.0000
vt 0.3432 0.8100 0.0000
vt 0.3432 0.8339 0.0000
vt 0.3479 0.8100 0.0000
vt 0.3479 0.8339 0.0000
vt 0.6387 0.0438 0.0000
vt 0.6018 0.0576 0.0000
vt 0.6049 0.0611 0.0000
vt 0.6001 0.0529 0.0000
vt 0.5889 0.0569 0.0000
vt 0.6137 0.0647 0.0000
vt 0.6197 0.0648 0.0000
vt 0.6088 0.0634 0.0000
vt 0.6069 0.0723 0.0000
vt 0.6341 0.0589 0.0000
vt 0.6367 0.0549 0.0000
vt 0.6304 0.0619 0.0000
vt 0.6233 0.0709 0.0000
vt 0.6257 0.0638 0.0000
vt 0.6382 0.0499 0.0000
vt 0.1949 0.2185 0.0000
vt 0.1901 0.2169 0.0000
vt 0.1901 0.1827 0.0000
vt 0.1949 0.1811 0.0000
vt 0.1864 0.2143 0.0000
vt 0.1864 0.1854 0.0000
vt 0.1837 0.2106 0.0000
vt 0.1837 0.1891 0.0000
vt 0.1821 0.2058 0.0000
vt 0.1816 0.1998 0.0000
vt 0.1821 0.1938 0.0000
vt 0.1845 0.8645 0.0000
vt 0.1789 0.8645 0.0000
vt 0.1789 0.8544 0.0000
vt 0.1845 0.8544 0.0000
vt 0.1733 0.8645 0.0000
vt 0.1733 0.8544 0.0000
vt 0.1677 0.8645 0.0000
vt 0.1621 0.8645 0.0000
vt 0.1621 0.8544 0.0000
vt 0.1677 0.8544 0.0000
vt 0.2068 0.8645 0.0000
vt 0.2012 0.8645 0.0000
vt 0.2012 0.8544 0.0000
vt 0.2068 0.8544 0.0000
vt 0.1957 0.8645 0.0000
vt 0.1957 0.8544 0.0000
vt 0.1901 0.8645 0.0000
vt 0.1901 0.8544 0.0000
vt 0.2292 0.8645 0.0000
vt 0.2236 0.8645 0.0000
vt 0.2236 0.8544 0.0000
vt 0.2292 0.8544 0.0000
vt 0.2180 0.8645 0.0000
vt 0.2180 0.8544 0.0000
vt 0.2124 0.8645 0.0000
vt 0.2124 0.8544 0.0000
vt 0.2515 0.8645 0.0000
vt 0.2460 0.8645 0.0000
vt 0.2460 0.8544 0.0000
vt 0.2515 0.8544 0.0000
vt 0.2404 0.8645 0.0000
vt 0.2404 0.8544 0.0000
vt 0.2348 0.8645 0.0000
vt 0.2348 0.8544 0.0000
vt 0.2739 0.8645 0.0000
vt 0.2683 0.8645 0.0000
vt 0.2683 0.8544 0.0000
vt 0.2739 0.8544 0.0000
vt 0.2627 0.8645 0.0000
vt 0.2627 0.8544 0.0000
vt 0.2571 0.8645 0.0000
vt 0.2571 0.8544 0.0000
vt 0.2907 0.8645 0.0000
vt 0.2907 0.8544 0.0000
vt 0.2851 0.8645 0.0000
vt 0.2851 0.8544 0.0000
vt 0.2795 0.8645 0.0000
vt 0.2795 0.8544 0.0000
vt 0.4832 0.7259 0.0000
vt 0.4921 0.7262 0.0000
vt 0.4921 0.7614 0.0000
vt 0.4832 0.7614 0.0000
vt 0.5045 0.5033 0.0000
vt 0.5039 0.5343 0.0000
vt 0.4835 0.5340 0.0000
vt 0.4835 0.5030 0.0000
vt 0.5039 0.5657 0.0000
vt 0.4834 0.5653 0.0000
vt 0.4834 0.5969 0.0000
vt 0.5042 0.5973 0.0000
vt 0.5045 0.6293 0.0000
vt 0.4833 0.6325 0.0000
vt 0.5098 0.3791 0.0000
vt 0.5088 0.4095 0.0000
vt 0.4835 0.4091 0.0000
vt 0.4835 0.3777 0.0000
vt 0.5073 0.4409 0.0000
vt 0.4835 0.4405 0.0000
vt 0.4835 0.4718 0.0000
vt 0.5057 0.4722 0.0000
vt 0.5068 0.2515 0.0000
vt 0.5078 0.2827 0.0000
vt 0.4836 0.2828 0.0000
vt 0.4836 0.2517 0.0000
vt 0.5090 0.3143 0.0000
vt 0.4836 0.3141 0.0000
vt 0.4835 0.3770 0.0000
vt 0.4835 0.3456 0.0000
vt 0.5098 0.3461 0.0000
vt 0.5098 0.3765 0.0000
vt 0.5071 0.1283 0.0000
vt 0.5068 0.1512 0.0000
vt 0.4835 0.1590 0.0000
vt 0.4835 0.1282 0.0000
vt 0.5065 0.1704 0.0000
vt 0.4836 0.2206 0.0000
vt 0.5063 0.2282 0.0000
vt 0.5062 0.2089 0.0000
vt 0.5081 0.0056 0.0000
vt 0.5080 0.0363 0.0000
vt 0.4835 0.0363 0.0000
vt 0.4835 0.0056 0.0000
vt 0.5078 0.0671 0.0000
vt 0.4835 0.0670 0.0000
vt 0.4835 0.0977 0.0000
vt 0.5075 0.0978 0.0000
vt 0.8518 0.8620 0.0000
vt 0.8518 0.8553 0.0000
vt 0.8651 0.8553 0.0000
vt 0.8651 0.8620 0.0000
vt 0.8518 0.8485 0.0000
vt 0.8651 0.8485 0.0000
vt 0.8518 0.8418 0.0000
vt 0.8518 0.8351 0.0000
vt 0.8651 0.8351 0.0000
vt 0.8651 0.8418 0.0000
vt 0.8518 0.8284 0.0000
vt 0.8651 0.8284 0.0000
vt 0.8518 0.8216 0.0000
vt 0.8651 0.8216 0.0000
vt 0.8518 0.8149 0.0000
vt 0.8518 0.8082 0.0000
vt 0.8651 0.8082 0.0000
vt 0.8651 0.8149 0.0000
vt 0.8518 0.8014 0.0000
vt 0.8651 0.8014 0.0000
vt 0.8518 0.7947 0.0000
vt 0.8651 0.7947 0.0000
vt 0.8518 0.7880 0.0000
vt 0.8518 0.7813 0.0000
vt 0.8651 0.7813 0.0000
vt 0.8651 0.7880 0.0000
vt 0.8518 0.7745 0.0000
vt 0.8651 0.7745 0.0000
vt 0.8518 0.7678 0.0000
vt 0.8651 0.7678 0.0000
vt 0.8518 0.7611 0.0000
vt 0.8518 0.7543 0.0000
vt 0.8651 0.7543 0.0000
vt 0.8651 0.7611 0.0000
vt 0.8518 0.7476 0.0000
vt 0.8651 0.7476 0.0000
vt 0.8518 0.7409 0.0000
vt 0.8651 0.7409 0.0000
vt 0.8518 0.7342 0.0000
vt 0.8518 0.7274 0.0000
vt 0.8651 0.7274 0.0000
vt 0.8651 0.7342 0.0000
vt 0.8518 0.7207 0.0000
vt 0.8651 0.7207 0.0000
vt 0.8518 0.7140 0.0000
vt 0.8651 0.7140 0.0000
vt 0.8518 0.7073 0.0000
vt 0.8651 0.7073 0.0000
vt 0.8065 0.5714 0.0000
vt 0.7570 0.5714 0.0000
vt 0.7570 0.5445 0.0000
vt 0.8065 0.5445 0.0000
vt 0.8065 0.6014 0.0000
vt 0.7570 0.6014 0.0000
vt 0.7570 0.6721 0.0000
vt 0.7570 0.6416 0.0000
vt 0.8065 0.6416 0.0000
vt 0.8065 0.6721 0.0000
vt 0.8065 0.6219 0.0000
vt 0.8065 0.4636 0.0000
vt 0.7570 0.4636 0.0000
vt 0.7570 0.4367 0.0000
vt 0.8065 0.4367 0.0000
vt 0.8065 0.4906 0.0000
vt 0.7570 0.4906 0.0000
vt 0.7570 0.5175 0.0000
vt 0.8065 0.5175 0.0000
vt 0.8065 0.3559 0.0000
vt 0.7570 0.3559 0.0000
vt 0.7570 0.3289 0.0000
vt 0.8065 0.3289 0.0000
vt 0.8065 0.3828 0.0000
vt 0.7570 0.3828 0.0000
vt 0.7570 0.4098 0.0000
vt 0.8065 0.4098 0.0000
vt 0.8065 0.2481 0.0000
vt 0.7570 0.2481 0.0000
vt 0.7570 0.2212 0.0000
vt 0.8065 0.2212 0.0000
vt 0.8065 0.2751 0.0000
vt 0.7570 0.2751 0.0000
vt 0.7570 0.3020 0.0000
vt 0.8065 0.3020 0.0000
vt 0.8065 0.1403 0.0000
vt 0.7570 0.1403 0.0000
vt 0.7570 0.1134 0.0000
vt 0.8065 0.1134 0.0000
vt 0.8065 0.1673 0.0000
vt 0.7570 0.1673 0.0000
vt 0.7570 0.1942 0.0000
vt 0.8065 0.1942 0.0000
vt 0.8065 0.0326 0.0000
vt 0.7570 0.0326 0.0000
vt 0.7570 0.0056 0.0000
vt 0.8065 0.0056 0.0000
vt 0.8065 0.0595 0.0000
vt 0.7570 0.0595 0.0000
vt 0.7570 0.0865 0.0000
vt 0.8065 0.0865 0.0000
vt 0.1269 0.4874 0.0000
vt 0.1099 0.4900 0.0000
vt 0.0777 0.5015 0.0000
vt 0.0934 0.4947 0.0000
vt 0.0630 0.5104 0.0000
vt 0.0496 0.5211 0.0000
vt 0.0275 0.5472 0.0000
vt 0.0377 0.5334 0.0000
vt 0.0192 0.5622 0.0000
vt 0.0130 0.5782 0.0000
vt 0.0069 0.6119 0.0000
vt 0.0088 0.5948 0.0000
vt 0.0072 0.6290 0.0000
vt 0.0098 0.6460 0.0000
vt 0.0214 0.6782 0.0000
vt 0.0145 0.6624 0.0000
vt 0.0302 0.6928 0.0000
vt 0.0409 0.7062 0.0000
vt 0.0670 0.7283 0.0000
vt 0.0533 0.7181 0.0000
vt 0.0821 0.7366 0.0000
vt 0.0980 0.7429 0.0000
vt 0.1147 0.7470 0.0000
vt 0.9510 0.3094 0.0000
vt 0.9490 0.3081 0.0000
vt 0.9490 0.2774 0.0000
vt 0.9515 0.2806 0.0000
vt 0.9507 0.3394 0.0000
vt 0.9490 0.3389 0.0000
vt 0.9511 0.4003 0.0000
vt 0.9490 0.4003 0.0000
vt 0.9490 0.3696 0.0000
vt 0.9509 0.3694 0.0000
vt 0.9708 0.0665 0.0000
vt 0.9637 0.0400 0.0000
vt 0.9720 0.0415 0.0000
vt 0.9735 0.0929 0.0000
vt 0.9715 0.0934 0.0000
vt 0.9723 0.0663 0.0000
vt 0.0778 0.9467 0.0000
vt 0.0778 0.9326 0.0000
vt 0.1029 0.9326 0.0000
vt 0.1029 0.9448 0.0000
vt 0.0511 0.9481 0.0000
vt 0.0511 0.9326 0.0000
vt 0.9490 0.0089 0.0000
vt 0.9701 0.0091 0.0000
vt 0.9635 0.0374 0.0000
vt 0.0247 0.9488 0.0000
vt 0.0250 0.9326 0.0000
vt 0.1632 0.9426 0.0000
vt 0.1632 0.9326 0.0000
vt 0.1792 0.9326 0.0000
vt 0.1792 0.9444 0.0000
vt 0.1447 0.9426 0.0000
vt 0.1447 0.9326 0.0000
vt 0.1251 0.9326 0.0000
vt 0.1251 0.9434 0.0000
vt 0.3096 0.9493 0.0000
vt 0.3096 0.9326 0.0000
vt 0.2840 0.9495 0.0000
vt 0.2840 0.9326 0.0000
vt 0.2405 0.9495 0.0000
vt 0.2405 0.9326 0.0000
vt 0.2603 0.9326 0.0000
vt 0.2603 0.9496 0.0000
vt 0.0687 0.9937 0.0000
vt 0.0586 0.9937 0.0000
vt 0.0586 0.9621 0.0000
vt 0.0687 0.9621 0.0000
vt 0.0486 0.9937 0.0000
vt 0.0486 0.9621 0.0000
vt 0.0387 0.9937 0.0000
vt 0.0291 0.9937 0.0000
vt 0.0291 0.9621 0.0000
vt 0.0387 0.9621 0.0000
vt 0.1086 0.9937 0.0000
vt 0.0986 0.9937 0.0000
vt 0.0986 0.9621 0.0000
vt 0.1086 0.9621 0.0000
vt 0.0887 0.9937 0.0000
vt 0.0887 0.9621 0.0000
vt 0.0787 0.9937 0.0000
vt 0.0787 0.9621 0.0000
vt 0.1483 0.9937 0.0000
vt 0.1384 0.9937 0.0000
vt 0.1384 0.9621 0.0000
vt 0.1483 0.9621 0.0000
vt 0.1284 0.9937 0.0000
vt 0.1284 0.9621 0.0000
vt 0.1185 0.9937 0.0000
vt 0.1185 0.9621 0.0000
vt 0.1880 0.9937 0.0000
vt 0.1781 0.9937 0.0000
vt 0.1781 0.9621 0.0000
vt 0.1880 0.9621 0.0000
vt 0.1682 0.9937 0.0000
vt 0.1682 0.9621 0.0000
vt 0.1582 0.9937 0.0000
vt 0.1582 0.9621 0.0000
vt 0.2278 0.9937 0.0000
vt 0.2178 0.9937 0.0000
vt 0.2178 0.9621 0.0000
vt 0.2278 0.9621 0.0000
vt 0.2079 0.9937 0.0000
vt 0.2079 0.9621 0.0000
vt 0.1980 0.9937 0.0000
vt 0.1980 0.9621 0.0000
vt 0.2576 0.9937 0.0000
vt 0.2576 0.9621 0.0000
vt 0.2477 0.9937 0.0000
vt 0.2477 0.9621 0.0000
vt 0.2377 0.9937 0.0000
vt 0.2377 0.9621 0.0000
vt 0.9314 0.9314 0.0000
vt 0.9314 0.9403 0.0000
vt 0.8834 0.9403 0.0000
vt 0.8834 0.9314 0.0000
vt 0.9314 0.9493 0.0000
vt 0.8834 0.9493 0.0000
vt 0.9314 0.9582 0.0000
vt 0.9314 0.9652 0.0000
vt 0.8834 0.9652 0.0000
vt 0.8834 0.9582 0.0000
vt 0.9314 0.8958 0.0000
vt 0.9314 0.9047 0.0000
vt 0.8834 0.9047 0.0000
vt 0.8834 0.8958 0.0000
vt 0.9314 0.9136 0.0000
vt 0.8834 0.9136 0.0000
vt 0.9314 0.9225 0.0000
vt 0.8834 0.9225 0.0000
vt 0.9314 0.8601 0.0000
vt 0.9314 0.8691 0.0000
vt 0.8834 0.8691 0.0000
vt 0.8834 0.8601 0.0000
vt 0.9314 0.8780 0.0000
vt 0.8834 0.8780 0.0000
vt 0.9314 0.8869 0.0000
vt 0.8834 0.8869 0.0000
vt 0.9314 0.8245 0.0000
vt 0.9314 0.8334 0.0000
vt 0.8834 0.8334 0.0000
vt 0.8834 0.8245 0.0000
vt 0.9314 0.8423 0.0000
vt 0.8834 0.8423 0.0000
vt 0.9314 0.8512 0.0000
vt 0.8834 0.8512 0.0000
vt 0.9314 0.7889 0.0000
vt 0.9314 0.7978 0.0000
vt 0.8834 0.7978 0.0000
vt 0.8834 0.7889 0.0000
vt 0.9314 0.8067 0.0000
vt 0.8834 0.8067 0.0000
vt 0.9314 0.8156 0.0000
vt 0.8834 0.8156 0.0000
vt 0.9314 0.7621 0.0000
vt 0.8834 0.7621 0.0000
vt 0.9314 0.7710 0.0000
vt 0.8834 0.7710 0.0000
vt 0.9314 0.7799 0.0000
vt 0.8834 0.7799 0.0000
vt 0.9436 0.6438 0.0000
vt 0.9436 0.6371 0.0000
vt 0.9567 0.6371 0.0000
vt 0.9567 0.6438 0.0000
vt 0.9436 0.6304 0.0000
vt 0.9567 0.6304 0.0000
vt 0.9436 0.6238 0.0000
vt 0.9436 0.6172 0.0000
vt 0.9567 0.6172 0.0000
vt 0.9567 0.6238 0.0000
vt 0.9436 0.6704 0.0000
vt 0.9436 0.6637 0.0000
vt 0.9567 0.6637 0.0000
vt 0.9567 0.6704 0.0000
vt 0.9436 0.6571 0.0000
vt 0.9567 0.6571 0.0000
vt 0.9436 0.6504 0.0000
vt 0.9567 0.6504 0.0000
vt 0.9436 0.6970 0.0000
vt 0.9436 0.6903 0.0000
vt 0.9567 0.6903 0.0000
vt 0.9567 0.6970 0.0000
vt 0.9436 0.6837 0.0000
vt 0.9567 0.6837 0.0000
vt 0.9436 0.6770 0.0000
vt 0.9567 0.6770 0.0000
vt 0.9436 0.7236 0.0000
vt 0.9436 0.7169 0.0000
vt 0.9567 0.7169 0.0000
vt 0.9567 0.7236 0.0000
vt 0.9436 0.7103 0.0000
vt 0.9567 0.7103 0.0000
vt 0.9436 0.7036 0.0000
vt 0.9567 0.7036 0.0000
vt 0.9436 0.7502 0.0000
vt 0.9436 0.7435 0.0000
vt 0.9567 0.7435 0.0000
vt 0.9567 0.7502 0.0000
vt 0.9436 0.7369 0.0000
vt 0.9567 0.7369 0.0000
vt 0.9436 0.7302 0.0000
vt 0.9567 0.7302 0.0000
vt 0.9436 0.7702 0.0000
vt 0.9567 0.7702 0.0000
vt 0.9436 0.7635 0.0000
vt 0.9567 0.7635 0.0000
vt 0.9436 0.7568 0.0000
vt 0.9567 0.7568 0.0000
vt 0.5411 0.7614 0.0000
vt 0.5316 0.7614 0.0000
vt 0.5316 0.7292 0.0000
vt 0.5410 0.7292 0.0000
vt 0.5236 0.5062 0.0000
vt 0.5231 0.5375 0.0000
vt 0.5232 0.5689 0.0000
vt 0.5423 0.6325 0.0000
vt 0.5238 0.6320 0.0000
vt 0.5235 0.6003 0.0000
vt 0.5422 0.6009 0.0000
vt 0.5420 0.5694 0.0000
vt 0.5286 0.3795 0.0000
vt 0.5275 0.4107 0.0000
vt 0.5261 0.4429 0.0000
vt 0.5418 0.5068 0.0000
vt 0.5246 0.4747 0.0000
vt 0.5422 0.4753 0.0000
vt 0.5428 0.4435 0.0000
vt 0.5271 0.2484 0.0000
vt 0.5276 0.2804 0.0000
vt 0.5283 0.3129 0.0000
vt 0.5286 0.3769 0.0000
vt 0.5287 0.3455 0.0000
vt 0.5449 0.3457 0.0000
vt 0.5443 0.3773 0.0000
vt 0.5453 0.3129 0.0000
vt 0.5269 0.1273 0.0000
vt 0.5269 0.1502 0.0000
vt 0.5268 0.1693 0.0000
vt 0.5453 0.2493 0.0000
vt 0.5270 0.2249 0.0000
vt 0.5455 0.2262 0.0000
vt 0.5267 0.2057 0.0000
vt 0.5452 0.2068 0.0000
vt 0.5279 0.0056 0.0000
vt 0.5276 0.0360 0.0000
vt 0.5273 0.0663 0.0000
vt 0.5443 0.1245 0.0000
vt 0.5270 0.0967 0.0000
vt 0.5443 0.0952 0.0000
vt 0.5445 0.0656 0.0000
vt 0.2228 0.9488 0.0000
vt 0.2228 0.9326 0.0000
vt 0.2079 0.9476 0.0000
vt 0.2079 0.9326 0.0000
vt 0.1939 0.9326 0.0000
vt 0.1939 0.9461 0.0000
vt 0.5755 0.7614 0.0000
vt 0.5580 0.7614 0.0000
vt 0.5579 0.7289 0.0000
vt 0.5755 0.7280 0.0000
vt 0.5581 0.7124 0.0000
vt 0.5583 0.5059 0.0000
vt 0.5586 0.5369 0.0000
vt 0.5418 0.5381 0.0000
vt 0.5590 0.5682 0.0000
vt 0.5755 0.6288 0.0000
vt 0.5594 0.6316 0.0000
vt 0.5594 0.5997 0.0000
vt 0.5755 0.5965 0.0000
vt 0.5755 0.5648 0.0000
vt 0.5589 0.3804 0.0000
vt 0.5584 0.4114 0.0000
vt 0.5436 0.4112 0.0000
vt 0.5443 0.3799 0.0000
vt 0.5582 0.4433 0.0000
vt 0.5755 0.5033 0.0000
vt 0.5582 0.4748 0.0000
vt 0.5755 0.4728 0.0000
vt 0.5755 0.4420 0.0000
vt 0.5617 0.2525 0.0000
vt 0.5612 0.2823 0.0000
vt 0.5453 0.2806 0.0000
vt 0.5607 0.3139 0.0000
vt 0.5590 0.3777 0.0000
vt 0.5598 0.3464 0.0000
vt 0.5755 0.3478 0.0000
vt 0.5755 0.3783 0.0000
vt 0.5755 0.3161 0.0000
vt 0.5603 0.1208 0.0000
vt 0.5609 0.1415 0.0000
vt 0.5445 0.1466 0.0000
vt 0.5613 0.1605 0.0000
vt 0.5447 0.1656 0.0000
vt 0.5755 0.2380 0.0000
vt 0.5755 0.2591 0.0000
vt 0.5621 0.2302 0.0000
vt 0.5620 0.2103 0.0000
vt 0.5452 0.0056 0.0000
vt 0.5608 0.0056 0.0000
vt 0.5604 0.0356 0.0000
vt 0.5448 0.0357 0.0000
vt 0.5601 0.0649 0.0000
vt 0.5755 0.1155 0.0000
vt 0.5601 0.0935 0.0000
vt 0.5755 0.0913 0.0000
vt 0.5755 0.0642 0.0000
vt 0.9490 0.2471 0.0000
vt 0.9536 0.2685 0.0000
vt 0.5262 0.1875 0.0000
vt 0.5062 0.1896 0.0000
vt 0.5446 0.1860 0.0000
vt 0.5614 0.1849 0.0000
vt 0.4836 0.1897 0.0000
vt 0.9575 0.2506 0.0000
vt 0.9490 0.1578 0.0000
vt 0.9490 0.1279 0.0000
vt 0.9575 0.1249 0.0000
vt 0.9590 0.1510 0.0000
vt 0.9490 0.0988 0.0000
vt 0.9577 0.0970 0.0000
vt 0.9648 0.1217 0.0000
vt 0.9664 0.1460 0.0000
vt 0.9645 0.0952 0.0000
vt 0.9766 0.1393 0.0000
vt 0.9740 0.1409 0.0000
vt 0.9723 0.1185 0.0000
vt 0.9745 0.1176 0.0000
vt 0.9622 0.1721 0.0000
vt 0.9561 0.1807 0.0000
vt 0.9690 0.1642 0.0000
vt 0.9659 0.1897 0.0000
vt 0.9614 0.1998 0.0000
vt 0.9728 0.1813 0.0000
vt 0.9805 0.1569 0.0000
vt 0.9777 0.1595 0.0000
vt 0.9847 0.1707 0.0000
vt 0.9807 0.1739 0.0000
vt 0.9895 0.1919 0.0000
vt 0.9884 0.1964 0.0000
vt 0.9853 0.1881 0.0000
vt 0.9887 0.1842 0.0000
vt 0.9825 0.2079 0.0000
vt 0.9783 0.1979 0.0000
vt 0.9681 0.2304 0.0000
vt 0.9665 0.2188 0.0000
vt 0.9720 0.2080 0.0000
vt 0.9757 0.2185 0.0000
vt 0.9490 0.2174 0.0000
vt 0.9563 0.2369 0.0000
vt 0.9490 0.1878 0.0000
vt 0.9562 0.2097 0.0000
vt 0.9608 0.2283 0.0000
vt 0.9623 0.2400 0.0000
vt 0.9570 0.0686 0.0000
vt 0.9638 0.0675 0.0000
vt 0.9490 0.0698 0.0000
vt 0.9490 0.0407 0.0000
vt 0.9490 0.0382 0.0000
vt 0.4698 0.2511 0.0000
vt 0.4546 0.2513 0.0000
vt 0.4527 0.2257 0.0000
vt 0.4665 0.2237 0.0000
vt 0.4481 0.2021 0.0000
vt 0.4606 0.1983 0.0000
vt 0.4398 0.2515 0.0000
vt 0.4385 0.2276 0.0000
vt 0.4352 0.2059 0.0000
vt 0.4521 0.1762 0.0000
vt 0.4410 0.1817 0.0000
vt 0.4319 0.1656 0.0000
vt 0.4418 0.1584 0.0000
vt 0.4302 0.1875 0.0000
vt 0.4232 0.1721 0.0000
vt 0.4061 0.1843 0.0000
vt 0.4145 0.1786 0.0000
vt 0.4192 0.1928 0.0000
vt 0.4079 0.1968 0.0000
vt 0.4222 0.2093 0.0000
vt 0.4091 0.2121 0.0000
vt 0.4102 0.2308 0.0000
vt 0.4244 0.2294 0.0000
vt 0.4252 0.2515 0.0000
vt 0.4105 0.2515 0.0000
vt 0.4210 0.1549 0.0000
vt 0.4305 0.1459 0.0000
vt 0.4096 0.1478 0.0000
vt 0.4191 0.1368 0.0000
vt 0.4119 0.1641 0.0000
vt 0.4005 0.1590 0.0000
vt 0.4088 0.1292 0.0000
vt 0.3986 0.1426 0.0000
vt 0.3876 0.1390 0.0000
vt 0.4005 0.1211 0.0000
vt 0.3887 0.1557 0.0000
vt 0.3779 0.1528 0.0000
vt 0.3576 0.1822 0.0000
vt 0.3682 0.1666 0.0000
vt 0.3798 0.1693 0.0000
vt 0.3729 0.1835 0.0000
vt 0.3925 0.1710 0.0000
vt 0.3864 0.1841 0.0000
vt 0.3983 0.1855 0.0000
vt 0.4041 0.1742 0.0000
vt 0.2691 0.4680 0.0000
vt 0.2714 0.4848 0.0000
vt 0.2950 0.4610 0.0000
vt 0.2993 0.4777 0.0000
vt 0.2668 0.4512 0.0000
vt 0.2908 0.4445 0.0000
vt 0.3250 0.4686 0.0000
vt 0.3186 0.4516 0.0000
vt 0.3409 0.4403 0.0000
vt 0.3472 0.4597 0.0000
vt 0.3124 0.4349 0.0000
vt 0.3339 0.4220 0.0000
vt 0.3175 0.3916 0.0000
vt 0.3258 0.4061 0.0000
vt 0.3064 0.4189 0.0000
vt 0.3005 0.4034 0.0000
vt 0.2865 0.4282 0.0000
vt 0.2823 0.4120 0.0000
vt 0.2622 0.4176 0.0000
vt 0.2645 0.4344 0.0000
vt 0.3588 0.4292 0.0000
vt 0.3652 0.4528 0.0000
vt 0.3742 0.4197 0.0000
vt 0.3796 0.4459 0.0000
vt 0.3512 0.4079 0.0000
vt 0.3681 0.3894 0.0000
vt 0.3921 0.4382 0.0000
vt 0.3879 0.4139 0.0000
vt 0.4012 0.4079 0.0000
vt 0.4045 0.4283 0.0000
vt 0.3837 0.3876 0.0000
vt 0.3953 0.3865 0.0000
vt 0.4029 0.3394 0.0000
vt 0.3986 0.3628 0.0000
vt 0.3861 0.3618 0.0000
vt 0.3899 0.3367 0.0000
vt 0.3731 0.3588 0.0000
vt 0.3764 0.3335 0.0000
vt 0.3632 0.3281 0.0000
vt 0.3596 0.3512 0.0000
vt 0.3477 0.3417 0.0000
vt 0.3517 0.3218 0.0000
vt 0.3529 0.3733 0.0000
vt 0.3412 0.3610 0.0000
vt 0.3310 0.3776 0.0000
vt 0.3413 0.3913 0.0000
vt 0.4531 0.3624 0.0000
vt 0.4378 0.3532 0.0000
vt 0.4442 0.3298 0.0000
vt 0.4614 0.3370 0.0000
vt 0.4496 0.3044 0.0000
vt 0.4672 0.3090 0.0000
vt 0.4268 0.3474 0.0000
vt 0.4318 0.3248 0.0000
vt 0.4359 0.3008 0.0000
vt 0.4700 0.2799 0.0000
vt 0.4533 0.2779 0.0000
vt 0.4388 0.2761 0.0000
vt 0.4243 0.2743 0.0000
vt 0.4098 0.2727 0.0000
vt 0.4222 0.2974 0.0000
vt 0.4083 0.2944 0.0000
vt 0.4059 0.3167 0.0000
vt 0.4190 0.3203 0.0000
vt 0.4153 0.3427 0.0000
vt 0.3814 0.1228 0.0000
vt 0.3827 0.1087 0.0000
vt 0.3954 0.1105 0.0000
vt 0.3824 0.0941 0.0000
vt 0.3921 0.0984 0.0000
vt 0.3672 0.1223 0.0000
vt 0.3694 0.1065 0.0000
vt 0.3714 0.0894 0.0000
vt 0.3897 0.0856 0.0000
vt 0.3825 0.0786 0.0000
vt 0.3827 0.0626 0.0000
vt 0.3869 0.0734 0.0000
vt 0.3736 0.0713 0.0000
vt 0.3758 0.0528 0.0000
vt 0.3486 0.0340 0.0000
vt 0.3649 0.0440 0.0000
vt 0.3614 0.0638 0.0000
vt 0.3447 0.0554 0.0000
vt 0.3581 0.0839 0.0000
vt 0.3409 0.0766 0.0000
vt 0.3373 0.0982 0.0000
vt 0.3548 0.1037 0.0000
vt 0.3527 0.1221 0.0000
vt 0.3337 0.1221 0.0000
vt 0.3958 0.1987 0.0000
vt 0.3832 0.1989 0.0000
vt 0.3956 0.2140 0.0000
vt 0.3818 0.2153 0.0000
vt 0.3695 0.1995 0.0000
vt 0.3569 0.2010 0.0000
vt 0.3682 0.2165 0.0000
vt 0.3567 0.2178 0.0000
vt 0.3571 0.2510 0.0000
vt 0.3569 0.2343 0.0000
vt 0.3677 0.2337 0.0000
vt 0.3675 0.2511 0.0000
vt 0.3812 0.2329 0.0000
vt 0.3810 0.2513 0.0000
vt 0.3958 0.2514 0.0000
vt 0.3958 0.2320 0.0000
vt 0.3953 0.2713 0.0000
vt 0.3806 0.2700 0.0000
vt 0.3942 0.2919 0.0000
vt 0.3799 0.2896 0.0000
vt 0.3673 0.2689 0.0000
vt 0.3568 0.2679 0.0000
vt 0.3667 0.2873 0.0000
vt 0.3558 0.2851 0.0000
vt 0.3542 0.3029 0.0000
vt 0.3655 0.3069 0.0000
vt 0.3786 0.3106 0.0000
vt 0.3924 0.3136 0.0000
vt 0.2573 0.0861 0.0000
vt 0.2553 0.1035 0.0000
vt 0.2533 0.1201 0.0000
vt 0.2837 0.0945 0.0000
vt 0.2787 0.1100 0.0000
vt 0.2729 0.1256 0.0000
vt 0.2515 0.1351 0.0000
vt 0.2498 0.1489 0.0000
vt 0.2678 0.1392 0.0000
vt 0.2630 0.1517 0.0000
vt 0.2881 0.1627 0.0000
vt 0.2758 0.1570 0.0000
vt 0.2834 0.1459 0.0000
vt 0.2977 0.1544 0.0000
vt 0.2912 0.1346 0.0000
vt 0.3073 0.1459 0.0000
vt 0.3189 0.1352 0.0000
vt 0.3005 0.1210 0.0000
vt 0.3088 0.1069 0.0000
vt 0.2948 0.3881 0.0000
vt 0.3099 0.3776 0.0000
vt 0.2891 0.3730 0.0000
vt 0.3027 0.3639 0.0000
vt 0.2781 0.3958 0.0000
vt 0.2740 0.3797 0.0000
vt 0.2966 0.3518 0.0000
vt 0.2839 0.3593 0.0000
vt 0.2789 0.3458 0.0000
vt 0.2907 0.3397 0.0000
vt 0.2701 0.3648 0.0000
vt 0.2664 0.3504 0.0000
vt 0.2533 0.3532 0.0000
vt 0.2554 0.3683 0.0000
vt 0.2576 0.3840 0.0000
vt 0.2599 0.4008 0.0000
vt 0.3382 0.3332 0.0000
vt 0.3430 0.3161 0.0000
vt 0.3311 0.3260 0.0000
vt 0.3371 0.3113 0.0000
vt 0.3315 0.3499 0.0000
vt 0.3235 0.3399 0.0000
vt 0.3322 0.3066 0.0000
vt 0.3257 0.3196 0.0000
vt 0.3201 0.3129 0.0000
vt 0.3273 0.3017 0.0000
vt 0.3176 0.3317 0.0000
vt 0.3115 0.3231 0.0000
vt 0.3017 0.3321 0.0000
vt 0.3079 0.3425 0.0000
vt 0.3141 0.3527 0.0000
vt 0.3220 0.3648 0.0000
vt 0.3480 0.2036 0.0000
vt 0.3456 0.1888 0.0000
vt 0.3418 0.2063 0.0000
vt 0.3382 0.1927 0.0000
vt 0.3494 0.2191 0.0000
vt 0.3441 0.2207 0.0000
vt 0.3322 0.1960 0.0000
vt 0.3368 0.2088 0.0000
vt 0.3319 0.2113 0.0000
vt 0.3260 0.1994 0.0000
vt 0.3400 0.2223 0.0000
vt 0.3362 0.2239 0.0000
vt 0.3401 0.2504 0.0000
vt 0.3389 0.2371 0.0000
vt 0.3419 0.2363 0.0000
vt 0.3427 0.2505 0.0000
vt 0.3454 0.2355 0.0000
vt 0.3459 0.2507 0.0000
vt 0.3505 0.2508 0.0000
vt 0.3502 0.2349 0.0000
vt 0.3502 0.2669 0.0000
vt 0.3456 0.2659 0.0000
vt 0.3489 0.2832 0.0000
vt 0.3441 0.2812 0.0000
vt 0.3422 0.2649 0.0000
vt 0.3394 0.2638 0.0000
vt 0.3404 0.2791 0.0000
vt 0.3371 0.2769 0.0000
vt 0.3330 0.2896 0.0000
vt 0.3371 0.2931 0.0000
vt 0.3413 0.2963 0.0000
vt 0.3466 0.2995 0.0000
vt 0.3409 0.1418 0.0000
vt 0.3294 0.1488 0.0000
vt 0.3184 0.1569 0.0000
vt 0.3457 0.1563 0.0000
vt 0.3361 0.1624 0.0000
vt 0.3267 0.1684 0.0000
vt 0.3090 0.1633 0.0000
vt 0.2995 0.1699 0.0000
vt 0.3184 0.1732 0.0000
vt 0.3096 0.1785 0.0000
vt 0.3185 0.1885 0.0000
vt 0.3261 0.1842 0.0000
vt 0.3332 0.1802 0.0000
vt 0.3416 0.1754 0.0000
vt 0.3509 0.1689 0.0000
vt 0.3195 0.0446 0.0000
vt 0.3232 0.0220 0.0000
vt 0.2922 0.0354 0.0000
vt 0.2954 0.0125 0.0000
vt 0.3160 0.0657 0.0000
vt 0.2893 0.0558 0.0000
vt 0.2667 0.0070 0.0000
vt 0.2640 0.0295 0.0000
vt 0.2617 0.0489 0.0000
vt 0.2595 0.0679 0.0000
vt 0.2864 0.0759 0.0000
vt 0.3125 0.0871 0.0000
vt 0.3763 0.1367 0.0000
vt 0.3647 0.1362 0.0000
vt 0.3692 0.1491 0.0000
vt 0.3609 0.1440 0.0000
vt 0.3528 0.1377 0.0000
vt 0.3552 0.1505 0.0000
vt 0.3602 0.1603 0.0000
vt 0.4133 0.3999 0.0000
vt 0.4175 0.4165 0.0000
vt 0.4229 0.3897 0.0000
vt 0.4306 0.4016 0.0000
vt 0.4054 0.3863 0.0000
vt 0.4149 0.3866 0.0000
vt 0.4433 0.3830 0.0000
vt 0.4309 0.3735 0.0000
vt 0.4212 0.3677 0.0000
vt 0.4106 0.3640 0.0000
vt 0.8834 0.5048 0.0000
vt 0.9344 0.5048 0.0000
vt 0.9344 0.5265 0.0000
vt 0.8834 0.5265 0.0000
vt 0.8834 0.0056 0.0000
vt 0.9344 0.0056 0.0000
vt 0.9344 0.0277 0.0000
vt 0.8834 0.0277 0.0000
vt 0.9344 0.0498 0.0000
vt 0.8834 0.0498 0.0000
vt 0.9344 0.0717 0.0000
vt 0.8834 0.0717 0.0000
vt 0.9344 0.0935 0.0000
vt 0.8834 0.0935 0.0000
vt 0.9344 0.1152 0.0000
vt 0.8834 0.1152 0.0000
vt 0.9344 0.1369 0.0000
vt 0.8834 0.1369 0.0000
vt 0.9344 0.1586 0.0000
vt 0.8834 0.1586 0.0000
vt 0.9344 0.1802 0.0000
vt 0.8834 0.1802 0.0000
vt 0.9344 0.2019 0.0000
vt 0.8834 0.2019 0.0000
vt 0.9344 0.2235 0.0000
vt 0.8834 0.2235 0.0000
vt 0.9344 0.2452 0.0000
vt 0.8834 0.2452 0.0000
vt 0.9344 0.2668 0.0000
vt 0.8834 0.2668 0.0000
vt 0.9344 0.2884 0.0000
vt 0.8834 0.2884 0.0000
vt 0.9344 0.3101 0.0000
vt 0.8834 0.3101 0.0000
vt 0.9344 0.3317 0.0000
vt 0.8834 0.3317 0.0000
vt 0.9344 0.3534 0.0000
vt 0.8834 0.3534 0.0000
vt 0.9344 0.3750 0.0000
vt 0.8834 0.3750 0.0000
vt 0.9344 0.3966 0.0000
vt 0.8834 0.3966 0.0000
vt 0.9344 0.4183 0.0000
vt 0.8834 0.4183 0.0000
vt 0.9344 0.4399 0.0000
vt 0.8834 0.4399 0.0000
vt 0.9344 0.4615 0.0000
vt 0.8834 0.4615 0.0000
vt 0.9344 0.4832 0.0000
vt 0.8834 0.4832 0.0000
vt 0.5590 0.6636 0.0000
vt 0.5755 0.6615 0.0000
vt 0.5584 0.6961 0.0000
vt 0.5755 0.6946 0.0000
vt 0.5755 0.5337 0.0000
vt 0.5755 0.3809 0.0000
vt 0.5755 0.4110 0.0000
vt 0.5755 0.2859 0.0000
vt 0.5755 0.1344 0.0000
vt 0.5755 0.1533 0.0000
vt 0.5755 0.2172 0.0000
vt 0.5755 0.0056 0.0000
vt 0.5755 0.0355 0.0000
vt 0.5755 0.1691 0.0000
vt 0.5755 0.2001 0.0000
vt 0.5755 0.1843 0.0000
vt 0.2698 0.1807 0.0000
vt 0.2700 0.2190 0.0000
vt 0.2760 0.1806 0.0000
vt 0.2760 0.2190 0.0000
vt 0.5051 0.6614 0.0000
vt 0.5009 0.6615 0.0000
vt 0.4833 0.6610 0.0000
vt 0.4929 0.6616 0.0000
vt 0.4922 0.6934 0.0000
vt 0.4832 0.6932 0.0000
vt 0.4921 0.7195 0.0000
vt 0.5085 0.6619 0.0000
vt 0.5046 0.6940 0.0000
vt 0.5104 0.6945 0.0000
vt 0.5421 0.6642 0.0000
vt 0.5415 0.6965 0.0000
vt 0.5237 0.6637 0.0000
vt 0.5277 0.6961 0.0000
vt 0.5412 0.7127 0.0000
vt 0.1774 0.8339 0.0000
vt 0.1774 0.8100 0.0000
vt 0.2043 0.8100 0.0000
vt 0.2043 0.8339 0.0000
vt 0.2204 0.8100 0.0000
vt 0.2204 0.8339 0.0000
vt 0.2739 0.8339 0.0000
vt 0.2739 0.8100 0.0000
vt 0.2791 0.8100 0.0000
vt 0.2791 0.8339 0.0000
vt 0.2256 0.8100 0.0000
vt 0.2256 0.8339 0.0000
vt 0.2303 0.8100 0.0000
vt 0.2303 0.8339 0.0000
vt 0.2344 0.8100 0.0000
vt 0.2344 0.8339 0.0000
vt 0.2472 0.8100 0.0000
vt 0.2524 0.8100 0.0000
vt 0.2524 0.8339 0.0000
vt 0.2472 0.8339 0.0000
vt 0.2571 0.8100 0.0000
vt 0.2571 0.8339 0.0000
vt 0.2612 0.8100 0.0000
vt 0.2612 0.8339 0.0000
vt 0.2425 0.8339 0.0000
vt 0.2425 0.8100 0.0000
vt 0.2384 0.8339 0.0000
vt 0.2384 0.8100 0.0000
vt 0.2692 0.8339 0.0000
vt 0.2692 0.8100 0.0000
vt 0.2651 0.8339 0.0000
vt 0.2651 0.8100 0.0000
vt 0.5316 0.7227 0.0000
vt 0.4944 0.7086 0.0000
vt 0.4975 0.7051 0.0000
vt 0.4832 0.7094 0.0000
vt 0.4926 0.7134 0.0000
vt 0.5064 0.7015 0.0000
vt 0.5124 0.7014 0.0000
vt 0.5015 0.7027 0.0000
vt 0.4995 0.6937 0.0000
vt 0.5271 0.7074 0.0000
vt 0.5297 0.7114 0.0000
vt 0.5233 0.7043 0.0000
vt 0.5161 0.6951 0.0000
vt 0.5185 0.7024 0.0000
vt 0.5312 0.7165 0.0000
vt 0.2819 0.2185 0.0000
vt 0.2819 0.1811 0.0000
vt 0.2867 0.1827 0.0000
vt 0.2867 0.2169 0.0000
vt 0.2904 0.1854 0.0000
vt 0.2904 0.2143 0.0000
vt 0.2931 0.1891 0.0000
vt 0.2931 0.2106 0.0000
vt 0.2952 0.1998 0.0000
vt 0.2946 0.2058 0.0000
vt 0.2946 0.1938 0.0000
vt 0.9720 0.0389 0.0000
vt 0.9823 0.6763 0.0000
vt 0.9795 0.6781 0.0000
vt 0.9795 0.6514 0.0000
vt 0.9820 0.6486 0.0000
vt 0.9824 0.7056 0.0000
vt 0.9795 0.7064 0.0000
vt 0.9822 0.7679 0.0000
vt 0.9795 0.7679 0.0000
vt 0.9795 0.7352 0.0000
vt 0.9823 0.7355 0.0000
vt 0.9631 0.4538 0.0000
vt 0.9603 0.4532 0.0000
vt 0.9611 0.4255 0.0000
vt 0.9639 0.4259 0.0000
vt 0.5952 0.9502 0.0000
vt 0.5952 0.9539 0.0000
vt 0.5754 0.9539 0.0000
vt 0.5754 0.9493 0.0000
vt 0.6201 0.9510 0.0000
vt 0.6201 0.9539 0.0000
vt 0.9643 0.3979 0.0000
vt 0.9629 0.3962 0.0000
vt 0.9644 0.3659 0.0000
vt 0.9670 0.3660 0.0000
vt 0.6470 0.9512 0.0000
vt 0.6469 0.9539 0.0000
vt 0.5210 0.9483 0.0000
vt 0.5210 0.9539 0.0000
vt 0.5057 0.9539 0.0000
vt 0.5057 0.9490 0.0000
vt 0.5375 0.9483 0.0000
vt 0.5375 0.9539 0.0000
vt 0.5556 0.9539 0.0000
vt 0.5556 0.9487 0.0000
vt 0.3631 0.9516 0.0000
vt 0.3631 0.9539 0.0000
vt 0.3362 0.9539 0.0000
vt 0.3362 0.9515 0.0000
vt 0.3897 0.9517 0.0000
vt 0.3897 0.9539 0.0000
vt 0.4389 0.9516 0.0000
vt 0.4389 0.9539 0.0000
vt 0.4154 0.9539 0.0000
vt 0.4154 0.9517 0.0000
vt 0.4590 0.9513 0.0000
vt 0.4590 0.9539 0.0000
vt 0.4752 0.9507 0.0000
vt 0.4752 0.9539 0.0000
vt 0.4909 0.9539 0.0000
vt 0.4909 0.9500 0.0000
vt 0.9774 0.6331 0.0000
vt 0.9795 0.6338 0.0000
vt 0.9747 0.6199 0.0000
vt 0.9760 0.6185 0.0000
vt 0.9596 0.5009 0.0000
vt 0.9572 0.4993 0.0000
vt 0.9593 0.4780 0.0000
vt 0.9619 0.4791 0.0000
vt 0.9554 0.5183 0.0000
vt 0.9533 0.5163 0.0000
vt 0.9508 0.5323 0.0000
vt 0.9485 0.5304 0.0000
vt 0.9456 0.5543 0.0000
vt 0.9428 0.5545 0.0000
vt 0.9444 0.5428 0.0000
vt 0.9465 0.5453 0.0000
vt 0.9470 0.5625 0.0000
vt 0.9456 0.5661 0.0000
vt 0.9526 0.5742 0.0000
vt 0.9512 0.5774 0.0000
vt 0.9662 0.5970 0.0000
vt 0.9650 0.5988 0.0000
vt 0.9581 0.5883 0.0000
vt 0.9593 0.5852 0.0000
vt 0.9718 0.6073 0.0000
vt 0.9706 0.6088 0.0000
vt 0.9536 0.2832 0.0000
vt 0.9558 0.2860 0.0000
vt 0.9558 0.3128 0.0000
vt 0.9534 0.3111 0.0000
vt 0.9558 0.3410 0.0000
vt 0.9532 0.3402 0.0000
vt 0.9533 0.3692 0.0000
vt 0.9558 0.3690 0.0000
vt 0.9558 0.4003 0.0000
vt 0.9534 0.4003 0.0000
vt 0.9744 0.0660 0.0000
vt 0.9771 0.0656 0.0000
vt 0.9780 0.0918 0.0000
vt 0.9753 0.0925 0.0000
vt 0.1029 0.9493 0.0000
vt 0.1029 0.9539 0.0000
vt 0.0778 0.9539 0.0000
vt 0.0778 0.9502 0.0000
vt 0.0511 0.9539 0.0000
vt 0.0511 0.9510 0.0000
vt 0.0250 0.9539 0.0000
vt 0.0248 0.9512 0.0000
vt 0.1792 0.9490 0.0000
vt 0.1792 0.9539 0.0000
vt 0.1632 0.9539 0.0000
vt 0.1632 0.9483 0.0000
vt 0.1447 0.9539 0.0000
vt 0.1447 0.9483 0.0000
vt 0.1251 0.9487 0.0000
vt 0.1251 0.9539 0.0000
vt 0.3096 0.9539 0.0000
vt 0.3096 0.9516 0.0000
vt 0.2840 0.9539 0.0000
vt 0.2840 0.9517 0.0000
vt 0.2603 0.9517 0.0000
vt 0.2603 0.9539 0.0000
vt 0.2405 0.9539 0.0000
vt 0.2405 0.9516 0.0000
vt 0.2228 0.9539 0.0000
vt 0.2228 0.9513 0.0000
vt 0.2079 0.9539 0.0000
vt 0.2079 0.9507 0.0000
vt 0.1939 0.9500 0.0000
vt 0.1939 0.9539 0.0000
vt 0.9560 0.2685 0.0000
vt 0.9577 0.2679 0.0000
vt 0.9593 0.2534 0.0000
vt 0.9606 0.2549 0.0000
vt 0.9764 0.1169 0.0000
vt 0.9790 0.1158 0.0000
vt 0.9808 0.1367 0.0000
vt 0.9784 0.1382 0.0000
vt 0.9844 0.1534 0.0000
vt 0.9822 0.1554 0.0000
vt 0.9888 0.1675 0.0000
vt 0.9865 0.1693 0.0000
vt 0.9911 0.1912 0.0000
vt 0.9938 0.1914 0.0000
vt 0.9907 0.2027 0.0000
vt 0.9894 0.1992 0.0000
vt 0.9904 0.1823 0.0000
vt 0.9925 0.1799 0.0000
vt 0.9849 0.2138 0.0000
vt 0.9835 0.2105 0.0000
vt 0.9766 0.2212 0.0000
vt 0.9777 0.2244 0.0000
vt 0.9706 0.2345 0.0000
vt 0.9696 0.2326 0.0000
vt 0.9649 0.2441 0.0000
vt 0.9638 0.2425 0.0000
vt 0.9744 0.0396 0.0000
vt 0.9759 0.0380 0.0000
vt 0.9730 0.0090 0.0000
vt 0.9759 0.0089 0.0000
vt 0.3380 0.9163 0.0000
vt 0.3386 0.9194 0.0000
vt 0.3279 0.9194 0.0000
vt 0.3270 0.9163 0.0000
vt 0.3496 0.9163 0.0000
vt 0.3498 0.9194 0.0000
vt 0.3737 0.9163 0.0000
vt 0.3736 0.9194 0.0000
vt 0.3617 0.9194 0.0000
vt 0.3616 0.9163 0.0000
vt 0.2426 0.9163 0.0000
vt 0.2425 0.9194 0.0000
vt 0.2327 0.9194 0.0000
vt 0.2332 0.9163 0.0000
vt 0.2527 0.9163 0.0000
vt 0.2526 0.9194 0.0000
vt 0.3994 0.8916 0.0000
vt 0.3994 0.8950 0.0000
vt 0.3895 0.8950 0.0000
vt 0.3895 0.8916 0.0000
vt 0.4098 0.8916 0.0000
vt 0.4098 0.8950 0.0000
vt 0.2208 0.9194 0.0000
vt 0.2208 0.9163 0.0000
vt 0.2322 0.9163 0.0000
vt 0.4204 0.8916 0.0000
vt 0.4204 0.8950 0.0000
vt 0.3652 0.8916 0.0000
vt 0.3652 0.8950 0.0000
vt 0.3583 0.8950 0.0000
vt 0.3583 0.8916 0.0000
vt 0.3727 0.8916 0.0000
vt 0.3727 0.8950 0.0000
vt 0.3807 0.8950 0.0000
vt 0.3807 0.8916 0.0000
vt 0.3077 0.8916 0.0000
vt 0.3077 0.8950 0.0000
vt 0.2972 0.8950 0.0000
vt 0.2972 0.8916 0.0000
vt 0.3178 0.8916 0.0000
vt 0.3178 0.8950 0.0000
vt 0.3347 0.8916 0.0000
vt 0.3347 0.8950 0.0000
vt 0.3269 0.8950 0.0000
vt 0.3269 0.8916 0.0000
vt 0.3411 0.8916 0.0000
vt 0.3411 0.8950 0.0000
vt 0.3467 0.8916 0.0000
vt 0.3467 0.8950 0.0000
vt 0.3522 0.8950 0.0000
vt 0.3522 0.8916 0.0000
vt 0.3214 0.9194 0.0000
vt 0.3212 0.9163 0.0000
vt 0.3148 0.9194 0.0000
vt 0.3141 0.9163 0.0000
vt 0.2705 0.9163 0.0000
vt 0.2702 0.9194 0.0000
vt 0.2619 0.9194 0.0000
vt 0.2621 0.9163 0.0000
vt 0.2770 0.9163 0.0000
vt 0.2767 0.9194 0.0000
vt 0.2828 0.9163 0.0000
vt 0.2824 0.9194 0.0000
vt 0.2908 0.9163 0.0000
vt 0.2908 0.9194 0.0000
vt 0.2868 0.9194 0.0000
vt 0.2873 0.9163 0.0000
vt 0.2941 0.9163 0.0000
vt 0.2948 0.9194 0.0000
vt 0.2982 0.9163 0.0000
vt 0.2989 0.9194 0.0000
vt 0.3061 0.9163 0.0000
vt 0.3067 0.9194 0.0000
vt 0.3030 0.9194 0.0000
vt 0.3023 0.9163 0.0000
vt 0.3101 0.9163 0.0000
vt 0.3107 0.9194 0.0000
vt 0.3266 0.9108 0.0000
vt 0.3275 0.9079 0.0000
vt 0.3384 0.9079 0.0000
vt 0.3378 0.9108 0.0000
vt 0.3498 0.9079 0.0000
vt 0.3496 0.9108 0.0000
vt 0.3619 0.9108 0.0000
vt 0.3620 0.9079 0.0000
vt 0.3742 0.9079 0.0000
vt 0.3742 0.9108 0.0000
vt 0.2419 0.9108 0.0000
vt 0.2418 0.9079 0.0000
vt 0.2521 0.9079 0.0000
vt 0.2522 0.9108 0.0000
vt 0.2032 0.8916 0.0000
vt 0.2032 0.8950 0.0000
vt 0.1944 0.8950 0.0000
vt 0.1944 0.8916 0.0000
vt 0.1844 0.8950 0.0000
vt 0.1844 0.8916 0.0000
vt 0.1740 0.8950 0.0000
vt 0.1740 0.8916 0.0000
vt 0.2316 0.8916 0.0000
vt 0.2316 0.8950 0.0000
vt 0.2255 0.8950 0.0000
vt 0.2255 0.8916 0.0000
vt 0.2187 0.8950 0.0000
vt 0.2187 0.8916 0.0000
vt 0.2112 0.8916 0.0000
vt 0.2112 0.8950 0.0000
vt 0.2866 0.8950 0.0000
vt 0.2866 0.8916 0.0000
vt 0.2761 0.8950 0.0000
vt 0.2761 0.8916 0.0000
vt 0.2660 0.8916 0.0000
vt 0.2660 0.8950 0.0000
vt 0.2569 0.8950 0.0000
vt 0.2569 0.8916 0.0000
vt 0.2491 0.8950 0.0000
vt 0.2491 0.8916 0.0000
vt 0.2427 0.8950 0.0000
vt 0.2427 0.8916 0.0000
vt 0.2371 0.8916 0.0000
vt 0.2371 0.8950 0.0000
vt 0.3207 0.9108 0.0000
vt 0.3209 0.9079 0.0000
vt 0.3135 0.9108 0.0000
vt 0.3142 0.9079 0.0000
vt 0.2617 0.9108 0.0000
vt 0.2614 0.9079 0.0000
vt 0.2699 0.9079 0.0000
vt 0.2702 0.9108 0.0000
vt 0.2763 0.9079 0.0000
vt 0.2766 0.9108 0.0000
vt 0.2820 0.9079 0.0000
vt 0.2824 0.9108 0.0000
vt 0.2905 0.9108 0.0000
vt 0.2905 0.9079 0.0000
vt 0.2945 0.9079 0.0000
vt 0.2938 0.9108 0.0000
vt 0.2869 0.9108 0.0000
vt 0.2865 0.9079 0.0000
vt 0.2985 0.9079 0.0000
vt 0.2978 0.9108 0.0000
vt 0.3018 0.9108 0.0000
vt 0.3026 0.9079 0.0000
vt 0.3062 0.9079 0.0000
vt 0.3057 0.9108 0.0000
vt 0.3102 0.9079 0.0000
vt 0.3095 0.9108 0.0000
vt 0.2319 0.9079 0.0000
vt 0.2324 0.9108 0.0000
vt 0.2198 0.9108 0.0000
vt 0.2198 0.9079 0.0000
vt 0.2314 0.9108 0.0000
vt 0.3280 0.9227 0.0000
vt 0.3387 0.9227 0.0000
vt 0.3499 0.9227 0.0000
vt 0.3617 0.9227 0.0000
vt 0.3736 0.9227 0.0000
vt 0.2424 0.9227 0.0000
vt 0.2526 0.9227 0.0000
vt 0.3895 0.8983 0.0000
vt 0.3994 0.8983 0.0000
vt 0.4098 0.8983 0.0000
vt 0.2208 0.9227 0.0000
vt 0.2327 0.9227 0.0000
vt 0.4204 0.8983 0.0000
vt 0.3583 0.8983 0.0000
vt 0.3652 0.8983 0.0000
vt 0.3727 0.8983 0.0000
vt 0.3807 0.8983 0.0000
vt 0.2972 0.8983 0.0000
vt 0.3077 0.8983 0.0000
vt 0.3178 0.8983 0.0000
vt 0.3269 0.8983 0.0000
vt 0.3347 0.8983 0.0000
vt 0.3411 0.8983 0.0000
vt 0.3467 0.8983 0.0000
vt 0.3522 0.8983 0.0000
vt 0.3212 0.9227 0.0000
vt 0.3153 0.9227 0.0000
vt 0.2618 0.9227 0.0000
vt 0.2701 0.9227 0.0000
vt 0.2765 0.9227 0.0000
vt 0.2821 0.9227 0.0000
vt 0.2866 0.9227 0.0000
vt 0.2908 0.9227 0.0000
vt 0.2951 0.9227 0.0000
vt 0.2992 0.9227 0.0000
vt 0.3034 0.9227 0.0000
vt 0.3072 0.9227 0.0000
vt 0.3113 0.9227 0.0000
vt 0.3385 0.9045 0.0000
vt 0.3276 0.9045 0.0000
vt 0.3499 0.9045 0.0000
vt 0.3742 0.9045 0.0000
vt 0.3620 0.9045 0.0000
vt 0.2520 0.9045 0.0000
vt 0.2418 0.9045 0.0000
vt 0.1944 0.8983 0.0000
vt 0.2032 0.8983 0.0000
vt 0.1844 0.8983 0.0000
vt 0.1740 0.8983 0.0000
vt 0.2255 0.8983 0.0000
vt 0.2316 0.8983 0.0000
vt 0.2187 0.8983 0.0000
vt 0.2112 0.8983 0.0000
vt 0.2866 0.8983 0.0000
vt 0.2761 0.8983 0.0000
vt 0.2569 0.8983 0.0000
vt 0.2660 0.8983 0.0000
vt 0.2491 0.8983 0.0000
vt 0.2427 0.8983 0.0000
vt 0.2371 0.8983 0.0000
vt 0.3208 0.9045 0.0000
vt 0.3148 0.9045 0.0000
vt 0.2697 0.9045 0.0000
vt 0.2614 0.9045 0.0000
vt 0.2761 0.9045 0.0000
vt 0.2818 0.9045 0.0000
vt 0.2948 0.9045 0.0000
vt 0.2905 0.9045 0.0000
vt 0.2863 0.9045 0.0000
vt 0.2989 0.9045 0.0000
vt 0.3068 0.9045 0.0000
vt 0.3030 0.9045 0.0000
vt 0.3108 0.9045 0.0000
vt 0.2319 0.9045 0.0000
vt 0.2197 0.9045 0.0000
vt 0.9677 0.4264 0.0000
vt 0.4190 0.8878 0.0000
vt 0.4192 0.8849 0.0000
vt 0.4305 0.8849 0.0000
vt 0.4305 0.8878 0.0000
vt 0.3399 0.8878 0.0000
vt 0.3399 0.8849 0.0000
vt 0.3512 0.8849 0.0000
vt 0.3512 0.8878 0.0000
vt 0.3625 0.8849 0.0000
vt 0.3625 0.8878 0.0000
vt 0.3738 0.8878 0.0000
vt 0.3738 0.8849 0.0000
vt 0.3852 0.8849 0.0000
vt 0.3852 0.8878 0.0000
vt 0.2952 0.8878 0.0000
vt 0.2949 0.8849 0.0000
vt 0.3060 0.8849 0.0000
vt 0.3060 0.8878 0.0000
vt 0.2055 0.9232 0.0000
vt 0.2055 0.9198 0.0000
vt 0.2132 0.9198 0.0000
vt 0.2132 0.9232 0.0000
vt 0.3173 0.8849 0.0000
vt 0.3173 0.8878 0.0000
vt 0.3286 0.8878 0.0000
vt 0.3286 0.8849 0.0000
vt 0.2502 0.8878 0.0000
vt 0.2502 0.8849 0.0000
vt 0.2614 0.8849 0.0000
vt 0.2614 0.8878 0.0000
vt 0.2726 0.8849 0.0000
vt 0.2726 0.8878 0.0000
vt 0.2132 0.9163 0.0000
vt 0.2055 0.9163 0.0000
vt 0.2838 0.8878 0.0000
vt 0.2838 0.8849 0.0000
vt 0.2945 0.8878 0.0000
vt 0.2054 0.8878 0.0000
vt 0.2054 0.8849 0.0000
vt 0.2166 0.8849 0.0000
vt 0.2167 0.8878 0.0000
vt 0.2390 0.8878 0.0000
vt 0.2390 0.8849 0.0000
vt 0.1615 0.8878 0.0000
vt 0.1615 0.8849 0.0000
vt 0.1718 0.8849 0.0000
vt 0.1716 0.8878 0.0000
vt 0.1829 0.8849 0.0000
vt 0.1828 0.8878 0.0000
vt 0.1941 0.8878 0.0000
vt 0.1941 0.8849 0.0000
vt 0.3965 0.8820 0.0000
vt 0.3965 0.8849 0.0000
vt 0.3852 0.8820 0.0000
vt 0.4078 0.8820 0.0000
vt 0.4078 0.8849 0.0000
vt 0.4305 0.8820 0.0000
vt 0.4192 0.8820 0.0000
vt 0.4134 0.8849 0.0000
vt 0.4134 0.8820 0.0000
vt 0.3512 0.8820 0.0000
vt 0.3398 0.8820 0.0000
vt 0.3625 0.8820 0.0000
vt 0.3738 0.8820 0.0000
vt 0.3061 0.8820 0.0000
vt 0.2949 0.8820 0.0000
vt 0.3173 0.8820 0.0000
vt 0.3286 0.8820 0.0000
vt 0.2614 0.8820 0.0000
vt 0.2502 0.8820 0.0000
vt 0.2726 0.8820 0.0000
vt 0.2838 0.8820 0.0000
vt 0.2166 0.8820 0.0000
vt 0.2054 0.8820 0.0000
vt 0.2278 0.8820 0.0000
vt 0.2278 0.8849 0.0000
vt 0.2391 0.8820 0.0000
vt 0.1719 0.8820 0.0000
vt 0.1615 0.8820 0.0000
vt 0.1830 0.8820 0.0000
vt 0.1942 0.8820 0.0000
vt 0.1771 0.9232 0.0000
vt 0.1771 0.9198 0.0000
vt 0.1803 0.9198 0.0000
vt 0.1803 0.9232 0.0000
vt 0.1803 0.9163 0.0000
vt 0.1771 0.9163 0.0000
vt 0.1990 0.9232 0.0000
vt 0.1990 0.9198 0.0000
vt 0.1990 0.9163 0.0000
vt 0.1939 0.9198 0.0000
vt 0.1939 0.9163 0.0000
vt 0.1893 0.9232 0.0000
vt 0.1893 0.9198 0.0000
vt 0.1939 0.9232 0.0000
vt 0.1893 0.9163 0.0000
vt 0.1849 0.9198 0.0000
vt 0.1849 0.9163 0.0000
vt 0.2278 0.8878 0.0000
vt 0.1849 0.9232 0.0000
vt 0.3965 0.8878 0.0000
vt 0.4078 0.8878 0.0000
vt 0.4134 0.8878 0.0000
vt 0.1612 0.8770 0.0000
vt 0.1612 0.8744 0.0000
vt 0.1718 0.8744 0.0000
vt 0.1718 0.8770 0.0000
vt 0.2395 0.8770 0.0000
vt 0.2396 0.8744 0.0000
vt 0.2509 0.8744 0.0000
vt 0.2509 0.8770 0.0000
vt 0.2282 0.8770 0.0000
vt 0.2282 0.8744 0.0000
vt 0.2056 0.8770 0.0000
vt 0.2056 0.8744 0.0000
vt 0.2169 0.8744 0.0000
vt 0.2169 0.8770 0.0000
vt 0.2848 0.8770 0.0000
vt 0.2848 0.8744 0.0000
vt 0.2955 0.8744 0.0000
vt 0.2952 0.8770 0.0000
vt 0.2117 0.9038 0.0000
vt 0.2117 0.9071 0.0000
vt 0.2040 0.9071 0.0000
vt 0.2040 0.9038 0.0000
vt 0.2735 0.8770 0.0000
vt 0.2735 0.8744 0.0000
vt 0.2622 0.8744 0.0000
vt 0.2622 0.8770 0.0000
vt 0.3284 0.8770 0.0000
vt 0.3284 0.8744 0.0000
vt 0.3397 0.8744 0.0000
vt 0.3397 0.8770 0.0000
vt 0.3171 0.8770 0.0000
vt 0.3171 0.8744 0.0000
vt 0.2957 0.8770 0.0000
vt 0.3059 0.8744 0.0000
vt 0.3059 0.8770 0.0000
vt 0.2040 0.9109 0.0000
vt 0.2117 0.9109 0.0000
vt 0.3737 0.8770 0.0000
vt 0.3737 0.8744 0.0000
vt 0.3851 0.8744 0.0000
vt 0.3851 0.8770 0.0000
vt 0.3510 0.8744 0.0000
vt 0.3511 0.8770 0.0000
vt 0.4191 0.8770 0.0000
vt 0.4191 0.8744 0.0000
vt 0.4304 0.8744 0.0000
vt 0.4304 0.8770 0.0000
vt 0.4078 0.8770 0.0000
vt 0.4078 0.8744 0.0000
vt 0.3964 0.8744 0.0000
vt 0.3964 0.8770 0.0000
vt 0.2056 0.8714 0.0000
vt 0.1943 0.8744 0.0000
vt 0.1943 0.8714 0.0000
vt 0.1829 0.8744 0.0000
vt 0.1830 0.8714 0.0000
vt 0.1720 0.8714 0.0000
vt 0.1612 0.8714 0.0000
vt 0.1777 0.8714 0.0000
vt 0.1776 0.8744 0.0000
vt 0.2509 0.8714 0.0000
vt 0.2396 0.8714 0.0000
vt 0.2282 0.8714 0.0000
vt 0.2169 0.8714 0.0000
vt 0.2955 0.8714 0.0000
vt 0.2847 0.8714 0.0000
vt 0.2735 0.8714 0.0000
vt 0.2622 0.8714 0.0000
vt 0.3397 0.8714 0.0000
vt 0.3284 0.8714 0.0000
vt 0.3170 0.8714 0.0000
vt 0.3060 0.8714 0.0000
vt 0.3851 0.8714 0.0000
vt 0.3737 0.8714 0.0000
vt 0.3624 0.8744 0.0000
vt 0.3624 0.8714 0.0000
vt 0.3510 0.8714 0.0000
vt 0.4304 0.8714 0.0000
vt 0.4191 0.8714 0.0000
vt 0.4078 0.8714 0.0000
vt 0.3964 0.8714 0.0000
vt 0.1793 0.9038 0.0000
vt 0.1793 0.9071 0.0000
vt 0.1762 0.9071 0.0000
vt 0.1762 0.9038 0.0000
vt 0.1977 0.9071 0.0000
vt 0.1977 0.9038 0.0000
vt 0.1927 0.9109 0.0000
vt 0.1927 0.9071 0.0000
vt 0.1977 0.9109 0.0000
vt 0.1927 0.9038 0.0000
vt 0.1882 0.9071 0.0000
vt 0.1882 0.9038 0.0000
vt 0.1839 0.9109 0.0000
vt 0.1839 0.9071 0.0000
vt 0.1882 0.9109 0.0000
vt 0.3624 0.8770 0.0000
vt 0.1793 0.9109 0.0000
vt 0.1839 0.9038 0.0000
vt 0.1829 0.8770 0.0000
vt 0.1942 0.8770 0.0000
vt 0.1774 0.8770 0.0000
vt 0.1762 0.9109 0.0000
vt 0.8406 0.8385 0.0000
vt 0.8406 0.8477 0.0000
vt 0.8314 0.8477 0.0000
vt 0.8314 0.8385 0.0000
vt 0.8406 0.8568 0.0000
vt 0.8314 0.8568 0.0000
vt 0.8223 0.8568 0.0000
vt 0.8223 0.8477 0.0000
vt 0.8223 0.8385 0.0000
vt 0.8406 0.8660 0.0000
vt 0.8314 0.8660 0.0000
vt 0.8406 0.8752 0.0000
vt 0.8314 0.8752 0.0000
vt 0.8223 0.8752 0.0000
vt 0.8223 0.8660 0.0000
vt 0.8406 0.8843 0.0000
vt 0.8314 0.8843 0.0000
vt 0.8406 0.8935 0.0000
vt 0.8314 0.8935 0.0000
vt 0.8223 0.8935 0.0000
vt 0.8223 0.8843 0.0000
vt 0.8406 0.9026 0.0000
vt 0.8314 0.9026 0.0000
vt 0.8406 0.9118 0.0000
vt 0.8314 0.9118 0.0000
vt 0.8223 0.9118 0.0000
vt 0.8223 0.9026 0.0000
vt 0.8131 0.8477 0.0000
vt 0.8131 0.8385 0.0000
vt 0.8131 0.8568 0.0000
vt 0.8040 0.8568 0.0000
vt 0.8040 0.8477 0.0000
vt 0.8040 0.8385 0.0000
vt 0.8131 0.8660 0.0000
vt 0.8131 0.8752 0.0000
vt 0.8040 0.8752 0.0000
vt 0.8040 0.8660 0.0000
vt 0.8131 0.8843 0.0000
vt 0.8131 0.8935 0.0000
vt 0.8040 0.8935 0.0000
vt 0.8040 0.8843 0.0000
vt 0.8131 0.9026 0.0000
vt 0.8131 0.9118 0.0000
vt 0.8040 0.9118 0.0000
vt 0.8040 0.9026 0.0000
vt 0.7948 0.8477 0.0000
vt 0.7948 0.8385 0.0000
vt 0.7948 0.8568 0.0000
vt 0.7856 0.8568 0.0000
vt 0.7856 0.8477 0.0000
vt 0.7856 0.8385 0.0000
vt 0.7948 0.8660 0.0000
vt 0.7948 0.8752 0.0000
vt 0.7856 0.8752 0.0000
vt 0.7856 0.8660 0.0000
vt 0.7948 0.8843 0.0000
vt 0.7948 0.8935 0.0000
vt 0.7856 0.8935 0.0000
vt 0.7856 0.8843 0.0000
vt 0.7948 0.9026 0.0000
vt 0.7948 0.9118 0.0000
vt 0.7856 0.9118 0.0000
vt 0.7856 0.9026 0.0000
vt 0.7765 0.8477 0.0000
vt 0.7765 0.8385 0.0000
vt 0.7765 0.8568 0.0000
vt 0.7673 0.8568 0.0000
vt 0.7673 0.8477 0.0000
vt 0.7673 0.8385 0.0000
vt 0.7765 0.8660 0.0000
vt 0.7765 0.8752 0.0000
vt 0.7673 0.8752 0.0000
vt 0.7673 0.8660 0.0000
vt 0.7765 0.8843 0.0000
vt 0.7765 0.8935 0.0000
vt 0.7673 0.8935 0.0000
vt 0.7673 0.8843 0.0000
vt 0.7765 0.9026 0.0000
vt 0.7765 0.9118 0.0000
vt 0.7673 0.9118 0.0000
vt 0.7673 0.9026 0.0000
vt 0.8406 0.9667 0.0000
vt 0.8406 0.9759 0.0000
vt 0.8314 0.9759 0.0000
vt 0.8314 0.9667 0.0000
vt 0.8406 0.9851 0.0000
vt 0.8314 0.9851 0.0000
vt 0.8223 0.9851 0.0000
vt 0.8223 0.9759 0.0000
vt 0.8223 0.9667 0.0000
vt 0.8131 0.9759 0.0000
vt 0.8131 0.9667 0.0000
vt 0.8131 0.9851 0.0000
vt 0.8040 0.9851 0.0000
vt 0.8040 0.9759 0.0000
vt 0.8040 0.9667 0.0000
vt 0.7948 0.9759 0.0000
vt 0.7948 0.9667 0.0000
vt 0.7948 0.9851 0.0000
vt 0.7856 0.9851 0.0000
vt 0.7856 0.9759 0.0000
vt 0.7856 0.9667 0.0000
vt 0.7765 0.9759 0.0000
vt 0.7765 0.9667 0.0000
vt 0.7765 0.9851 0.0000
vt 0.7673 0.9851 0.0000
vt 0.7673 0.9759 0.0000
vt 0.7673 0.9667 0.0000
vt 0.8406 0.9484 0.0000
vt 0.8406 0.9576 0.0000
vt 0.8314 0.9576 0.0000
vt 0.8314 0.9484 0.0000
vt 0.8223 0.9576 0.0000
vt 0.8223 0.9484 0.0000
vt 0.8131 0.9576 0.0000
vt 0.8131 0.9484 0.0000
vt 0.8040 0.9576 0.0000
vt 0.8040 0.9484 0.0000
vt 0.7948 0.9576 0.0000
vt 0.7948 0.9484 0.0000
vt 0.7856 0.9576 0.0000
vt 0.7856 0.9484 0.0000
vt 0.7765 0.9576 0.0000
vt 0.7765 0.9484 0.0000
vt 0.7673 0.9576 0.0000
vt 0.7673 0.9484 0.0000
vt 0.8406 0.9301 0.0000
vt 0.8406 0.9393 0.0000
vt 0.8314 0.9393 0.0000
vt 0.8314 0.9301 0.0000
vt 0.8223 0.9393 0.0000
vt 0.8223 0.9301 0.0000
vt 0.8131 0.9393 0.0000
vt 0.8131 0.9301 0.0000
vt 0.8040 0.9393 0.0000
vt 0.8040 0.9301 0.0000
vt 0.7948 0.9393 0.0000
vt 0.7948 0.9301 0.0000
vt 0.7856 0.9393 0.0000
vt 0.7856 0.9301 0.0000
vt 0.7765 0.9393 0.0000
vt 0.7765 0.9301 0.0000
vt 0.7673 0.9393 0.0000
vt 0.7673 0.9301 0.0000
vt 0.8406 0.9209 0.0000
vt 0.8314 0.9209 0.0000
vt 0.8223 0.9209 0.0000
vt 0.8131 0.9209 0.0000
vt 0.8040 0.9209 0.0000
vt 0.7948 0.9209 0.0000
vt 0.7856 0.9209 0.0000
vt 0.7765 0.9209 0.0000
vt 0.7673 0.9209 0.0000
vt 0.6941 0.9851 0.0000
vt 0.6941 0.9759 0.0000
vt 0.7032 0.9759 0.0000
vt 0.7032 0.9851 0.0000
vt 0.6941 0.9667 0.0000
vt 0.7032 0.9667 0.0000
vt 0.7124 0.9667 0.0000
vt 0.7124 0.9759 0.0000
vt 0.7124 0.9851 0.0000
vt 0.6941 0.9576 0.0000
vt 0.7032 0.9576 0.0000
vt 0.6941 0.9484 0.0000
vt 0.7032 0.9484 0.0000
vt 0.7124 0.9484 0.0000
vt 0.7124 0.9576 0.0000
vt 0.6941 0.9393 0.0000
vt 0.7032 0.9393 0.0000
vt 0.6941 0.9301 0.0000
vt 0.7032 0.9301 0.0000
vt 0.7124 0.9301 0.0000
vt 0.7124 0.9393 0.0000
vt 0.6941 0.9209 0.0000
vt 0.7032 0.9209 0.0000
vt 0.6941 0.9118 0.0000
vt 0.7032 0.9118 0.0000
vt 0.7124 0.9118 0.0000
vt 0.7124 0.9209 0.0000
vt 0.7215 0.9759 0.0000
vt 0.7215 0.9851 0.0000
vt 0.7215 0.9667 0.0000
vt 0.7307 0.9667 0.0000
vt 0.7307 0.9759 0.0000
vt 0.7307 0.9851 0.0000
vt 0.7215 0.9576 0.0000
vt 0.7215 0.9484 0.0000
vt 0.7307 0.9484 0.0000
vt 0.7307 0.9576 0.0000
vt 0.7215 0.9393 0.0000
vt 0.7215 0.9301 0.0000
vt 0.7307 0.9301 0.0000
vt 0.7307 0.9393 0.0000
vt 0.7215 0.9209 0.0000
vt 0.7215 0.9118 0.0000
vt 0.7307 0.9118 0.0000
vt 0.7307 0.9209 0.0000
vt 0.7399 0.9759 0.0000
vt 0.7399 0.9851 0.0000
vt 0.7399 0.9667 0.0000
vt 0.7490 0.9667 0.0000
vt 0.7490 0.9759 0.0000
vt 0.7490 0.9851 0.0000
vt 0.7399 0.9576 0.0000
vt 0.7399 0.9484 0.0000
vt 0.7490 0.9484 0.0000
vt 0.7490 0.9576 0.0000
vt 0.7399 0.9393 0.0000
vt 0.7399 0.9301 0.0000
vt 0.7490 0.9301 0.0000
vt 0.7490 0.9393 0.0000
vt 0.7399 0.9209 0.0000
vt 0.7399 0.9118 0.0000
vt 0.7490 0.9118 0.0000
vt 0.7490 0.9209 0.0000
vt 0.7582 0.9759 0.0000
vt 0.7582 0.9851 0.0000
vt 0.7582 0.9667 0.0000
vt 0.7582 0.9576 0.0000
vt 0.7582 0.9484 0.0000
vt 0.7582 0.9393 0.0000
vt 0.7582 0.9301 0.0000
vt 0.7582 0.9209 0.0000
vt 0.7582 0.9118 0.0000
vt 0.6941 0.8568 0.0000
vt 0.6941 0.8477 0.0000
vt 0.7032 0.8477 0.0000
vt 0.7032 0.8568 0.0000
vt 0.6941 0.8385 0.0000
vt 0.7032 0.8385 0.0000
vt 0.7124 0.8385 0.0000
vt 0.7124 0.8477 0.0000
vt 0.7124 0.8568 0.0000
vt 0.7215 0.8477 0.0000
vt 0.7215 0.8568 0.0000
vt 0.7215 0.8385 0.0000
vt 0.7307 0.8385 0.0000
vt 0.7307 0.8477 0.0000
vt 0.7307 0.8568 0.0000
vt 0.7399 0.8477 0.0000
vt 0.7399 0.8568 0.0000
vt 0.7399 0.8385 0.0000
vt 0.7490 0.8385 0.0000
vt 0.7490 0.8477 0.0000
vt 0.7490 0.8568 0.0000
vt 0.7582 0.8477 0.0000
vt 0.7582 0.8568 0.0000
vt 0.7582 0.8385 0.0000
vt 0.6941 0.8752 0.0000
vt 0.6941 0.8660 0.0000
vt 0.7032 0.8660 0.0000
vt 0.7032 0.8752 0.0000
vt 0.7124 0.8660 0.0000
vt 0.7124 0.8752 0.0000
vt 0.7215 0.8660 0.0000
vt 0.7215 0.8752 0.0000
vt 0.7307 0.8660 0.0000
vt 0.7307 0.8752 0.0000
vt 0.7399 0.8660 0.0000
vt 0.7399 0.8752 0.0000
vt 0.7490 0.8660 0.0000
vt 0.7490 0.8752 0.0000
vt 0.7582 0.8660 0.0000
vt 0.7582 0.8752 0.0000
vt 0.6941 0.8935 0.0000
vt 0.6941 0.8843 0.0000
vt 0.7032 0.8843 0.0000
vt 0.7032 0.8935 0.0000
vt 0.7124 0.8843 0.0000
vt 0.7124 0.8935 0.0000
vt 0.7215 0.8843 0.0000
vt 0.7215 0.8935 0.0000
vt 0.7307 0.8843 0.0000
vt 0.7307 0.8935 0.0000
vt 0.7399 0.8843 0.0000
vt 0.7399 0.8935 0.0000
vt 0.7490 0.8843 0.0000
vt 0.7490 0.8935 0.0000
vt 0.7582 0.8843 0.0000
vt 0.7582 0.8935 0.0000
vt 0.6941 0.9026 0.0000
vt 0.7032 0.9026 0.0000
vt 0.7124 0.9026 0.0000
vt 0.7215 0.9026 0.0000
vt 0.7307 0.9026 0.0000
vt 0.7399 0.9026 0.0000
vt 0.7490 0.9026 0.0000
vt 0.7582 0.9026 0.0000
vt 0.3235 0.4855 0.0000
vt 0.3327 0.4855 0.0000
vt 0.3327 0.4947 0.0000
vt 0.3235 0.4947 0.0000
vt 0.3418 0.4855 0.0000
vt 0.3418 0.4947 0.0000
vt 0.3418 0.5039 0.0000
vt 0.3327 0.5039 0.0000
vt 0.3235 0.5039 0.0000
vt 0.3510 0.4855 0.0000
vt 0.3510 0.4947 0.0000
vt 0.3601 0.4855 0.0000
vt 0.3601 0.4947 0.0000
vt 0.3601 0.5039 0.0000
vt 0.3510 0.5039 0.0000
vt 0.3693 0.4855 0.0000
vt 0.3693 0.4947 0.0000
vt 0.3784 0.4855 0.0000
vt 0.3784 0.4947 0.0000
vt 0.3784 0.5039 0.0000
vt 0.3693 0.5039 0.0000
vt 0.3876 0.4855 0.0000
vt 0.3876 0.4947 0.0000
vt 0.3968 0.4855 0.0000
vt 0.3968 0.4947 0.0000
vt 0.3968 0.5039 0.0000
vt 0.3876 0.5039 0.0000
vt 0.3327 0.5130 0.0000
vt 0.3235 0.5130 0.0000
vt 0.3418 0.5130 0.0000
vt 0.3418 0.5222 0.0000
vt 0.3327 0.5222 0.0000
vt 0.3235 0.5222 0.0000
vt 0.3510 0.5130 0.0000
vt 0.3601 0.5130 0.0000
vt 0.3601 0.5222 0.0000
vt 0.3510 0.5222 0.0000
vt 0.3693 0.5130 0.0000
vt 0.3784 0.5130 0.0000
vt 0.3784 0.5222 0.0000
vt 0.3693 0.5222 0.0000
vt 0.3876 0.5130 0.0000
vt 0.3968 0.5130 0.0000
vt 0.3968 0.5222 0.0000
vt 0.3876 0.5222 0.0000
vt 0.3327 0.5313 0.0000
vt 0.3235 0.5313 0.0000
vt 0.3418 0.5313 0.0000
vt 0.3418 0.5405 0.0000
vt 0.3327 0.5405 0.0000
vt 0.3235 0.5405 0.0000
vt 0.3510 0.5313 0.0000
vt 0.3601 0.5313 0.0000
vt 0.3601 0.5405 0.0000
vt 0.3510 0.5405 0.0000
vt 0.3693 0.5313 0.0000
vt 0.3784 0.5313 0.0000
vt 0.3784 0.5405 0.0000
vt 0.3693 0.5405 0.0000
vt 0.3876 0.5313 0.0000
vt 0.3968 0.5313 0.0000
vt 0.3968 0.5405 0.0000
vt 0.3876 0.5405 0.0000
vt 0.3327 0.5497 0.0000
vt 0.3235 0.5497 0.0000
vt 0.3418 0.5497 0.0000
vt 0.3418 0.5588 0.0000
vt 0.3327 0.5588 0.0000
vt 0.3235 0.5588 0.0000
vt 0.3510 0.5497 0.0000
vt 0.3601 0.5497 0.0000
vt 0.3601 0.5588 0.0000
vt 0.3510 0.5588 0.0000
vt 0.3693 0.5497 0.0000
vt 0.3784 0.5497 0.0000
vt 0.3784 0.5588 0.0000
vt 0.3693 0.5588 0.0000
vt 0.3876 0.5497 0.0000
vt 0.3968 0.5497 0.0000
vt 0.3968 0.5588 0.0000
vt 0.3876 0.5588 0.0000
vt 0.4517 0.4855 0.0000
vt 0.4609 0.4855 0.0000
vt 0.4609 0.4947 0.0000
vt 0.4517 0.4947 0.0000
vt 0.4700 0.4855 0.0000
vt 0.4700 0.4947 0.0000
vt 0.4700 0.5039 0.0000
vt 0.4609 0.5039 0.0000
vt 0.4517 0.5039 0.0000
vt 0.4609 0.5130 0.0000
vt 0.4517 0.5130 0.0000
vt 0.4700 0.5130 0.0000
vt 0.4700 0.5222 0.0000
vt 0.4609 0.5222 0.0000
vt 0.4517 0.5222 0.0000
vt 0.4609 0.5313 0.0000
vt 0.4517 0.5313 0.0000
vt 0.4700 0.5313 0.0000
vt 0.4700 0.5405 0.0000
vt 0.4609 0.5405 0.0000
vt 0.4517 0.5405 0.0000
vt 0.4609 0.5497 0.0000
vt 0.4517 0.5497 0.0000
vt 0.4700 0.5497 0.0000
vt 0.4700 0.5588 0.0000
vt 0.4609 0.5588 0.0000
vt 0.4517 0.5588 0.0000
vt 0.4334 0.4855 0.0000
vt 0.4426 0.4855 0.0000
vt 0.4426 0.4947 0.0000
vt 0.4334 0.4947 0.0000
vt 0.4426 0.5039 0.0000
vt 0.4334 0.5039 0.0000
vt 0.4426 0.5130 0.0000
vt 0.4334 0.5130 0.0000
vt 0.4426 0.5222 0.0000
vt 0.4334 0.5222 0.0000
vt 0.4426 0.5313 0.0000
vt 0.4334 0.5313 0.0000
vt 0.4426 0.5405 0.0000
vt 0.4334 0.5405 0.0000
vt 0.4426 0.5497 0.0000
vt 0.4334 0.5497 0.0000
vt 0.4426 0.5588 0.0000
vt 0.4334 0.5588 0.0000
vt 0.4151 0.4855 0.0000
vt 0.4242 0.4855 0.0000
vt 0.4242 0.4947 0.0000
vt 0.4151 0.4947 0.0000
vt 0.4242 0.5039 0.0000
vt 0.4151 0.5039 0.0000
vt 0.4242 0.5130 0.0000
vt 0.4151 0.5130 0.0000
vt 0.4242 0.5222 0.0000
vt 0.4151 0.5222 0.0000
vt 0.4242 0.5313 0.0000
vt 0.4151 0.5313 0.0000
vt 0.4242 0.5405 0.0000
vt 0.4151 0.5405 0.0000
vt 0.4242 0.5497 0.0000
vt 0.4151 0.5497 0.0000
vt 0.4242 0.5588 0.0000
vt 0.4151 0.5588 0.0000
vt 0.4059 0.4855 0.0000
vt 0.4059 0.4947 0.0000
vt 0.4059 0.5039 0.0000
vt 0.4059 0.5130 0.0000
vt 0.4059 0.5222 0.0000
vt 0.4059 0.5313 0.0000
vt 0.4059 0.5405 0.0000
vt 0.4059 0.5497 0.0000
vt 0.4059 0.5588 0.0000
vt 0.4700 0.6321 0.0000
vt 0.4609 0.6321 0.0000
vt 0.4609 0.6229 0.0000
vt 0.4700 0.6229 0.0000
vt 0.4517 0.6321 0.0000
vt 0.4517 0.6229 0.0000
vt 0.4517 0.6138 0.0000
vt 0.4609 0.6138 0.0000
vt 0.4700 0.6138 0.0000
vt 0.4426 0.6321 0.0000
vt 0.4426 0.6229 0.0000
vt 0.4334 0.6321 0.0000
vt 0.4334 0.6229 0.0000
vt 0.4334 0.6138 0.0000
vt 0.4426 0.6138 0.0000
vt 0.4242 0.6321 0.0000
vt 0.4242 0.6229 0.0000
vt 0.4151 0.6321 0.0000
vt 0.4151 0.6229 0.0000
vt 0.4151 0.6138 0.0000
vt 0.4242 0.6138 0.0000
vt 0.4059 0.6321 0.0000
vt 0.4059 0.6229 0.0000
vt 0.3968 0.6321 0.0000
vt 0.3968 0.6229 0.0000
vt 0.3968 0.6138 0.0000
vt 0.4059 0.6138 0.0000
vt 0.4609 0.6046 0.0000
vt 0.4700 0.6046 0.0000
vt 0.4517 0.6046 0.0000
vt 0.4517 0.5954 0.0000
vt 0.4609 0.5954 0.0000
vt 0.4700 0.5954 0.0000
vt 0.4426 0.6046 0.0000
vt 0.4334 0.6046 0.0000
vt 0.4334 0.5954 0.0000
vt 0.4426 0.5954 0.0000
vt 0.4242 0.6046 0.0000
vt 0.4151 0.6046 0.0000
vt 0.4151 0.5954 0.0000
vt 0.4242 0.5954 0.0000
vt 0.4059 0.6046 0.0000
vt 0.3968 0.6046 0.0000
vt 0.3968 0.5954 0.0000
vt 0.4059 0.5954 0.0000
vt 0.4609 0.5863 0.0000
vt 0.4700 0.5863 0.0000
vt 0.4517 0.5863 0.0000
vt 0.4517 0.5771 0.0000
vt 0.4609 0.5771 0.0000
vt 0.4700 0.5771 0.0000
vt 0.4426 0.5863 0.0000
vt 0.4334 0.5863 0.0000
vt 0.4334 0.5771 0.0000
vt 0.4426 0.5771 0.0000
vt 0.4242 0.5863 0.0000
vt 0.4151 0.5863 0.0000
vt 0.4151 0.5771 0.0000
vt 0.4242 0.5771 0.0000
vt 0.4059 0.5863 0.0000
vt 0.3968 0.5863 0.0000
vt 0.3968 0.5771 0.0000
vt 0.4059 0.5771 0.0000
vt 0.4609 0.5680 0.0000
vt 0.4700 0.5680 0.0000
vt 0.4517 0.5680 0.0000
vt 0.4426 0.5680 0.0000
vt 0.4334 0.5680 0.0000
vt 0.4242 0.5680 0.0000
vt 0.4151 0.5680 0.0000
vt 0.4059 0.5680 0.0000
vt 0.3968 0.5680 0.0000
vt 0.3418 0.6321 0.0000
vt 0.3327 0.6321 0.0000
vt 0.3327 0.6229 0.0000
vt 0.3418 0.6229 0.0000
vt 0.3235 0.6321 0.0000
vt 0.3235 0.6229 0.0000
vt 0.3235 0.6138 0.0000
vt 0.3327 0.6138 0.0000
vt 0.3418 0.6138 0.0000
vt 0.3327 0.6046 0.0000
vt 0.3418 0.6046 0.0000
vt 0.3235 0.6046 0.0000
vt 0.3235 0.5954 0.0000
vt 0.3327 0.5954 0.0000
vt 0.3418 0.5954 0.0000
vt 0.3327 0.5863 0.0000
vt 0.3418 0.5863 0.0000
vt 0.3235 0.5863 0.0000
vt 0.3235 0.5771 0.0000
vt 0.3327 0.5771 0.0000
vt 0.3418 0.5771 0.0000
vt 0.3327 0.5680 0.0000
vt 0.3418 0.5680 0.0000
vt 0.3235 0.5680 0.0000
vt 0.3601 0.6321 0.0000
vt 0.3510 0.6321 0.0000
vt 0.3510 0.6229 0.0000
vt 0.3601 0.6229 0.0000
vt 0.3510 0.6138 0.0000
vt 0.3601 0.6138 0.0000
vt 0.3510 0.6046 0.0000
vt 0.3601 0.6046 0.0000
vt 0.3510 0.5954 0.0000
vt 0.3601 0.5954 0.0000
vt 0.3510 0.5863 0.0000
vt 0.3601 0.5863 0.0000
vt 0.3510 0.5771 0.0000
vt 0.3601 0.5771 0.0000
vt 0.3510 0.5680 0.0000
vt 0.3601 0.5680 0.0000
vt 0.3784 0.6321 0.0000
vt 0.3693 0.6321 0.0000
vt 0.3693 0.6229 0.0000
vt 0.3784 0.6229 0.0000
vt 0.3693 0.6138 0.0000
vt 0.3784 0.6138 0.0000
vt 0.3693 0.6046 0.0000
vt 0.3784 0.6046 0.0000
vt 0.3693 0.5954 0.0000
vt 0.3784 0.5954 0.0000
vt 0.3693 0.5863 0.0000
vt 0.3784 0.5863 0.0000
vt 0.3693 0.5771 0.0000
vt 0.3784 0.5771 0.0000
vt 0.3693 0.5680 0.0000
vt 0.3784 0.5680 0.0000
vt 0.3876 0.6321 0.0000
vt 0.3876 0.6229 0.0000
vt 0.3876 0.6138 0.0000
vt 0.3876 0.6046 0.0000
vt 0.3876 0.5954 0.0000
vt 0.3876 0.5863 0.0000
vt 0.3876 0.5771 0.0000
vt 0.3876 0.5680 0.0000
vt 0.4450 0.7736 0.0000
vt 0.4541 0.7736 0.0000
vt 0.4541 0.7827 0.0000
vt 0.4450 0.7827 0.0000
vt 0.4633 0.7736 0.0000
vt 0.4633 0.7827 0.0000
vt 0.4633 0.7919 0.0000
vt 0.4541 0.7919 0.0000
vt 0.4450 0.7919 0.0000
vt 0.4725 0.7736 0.0000
vt 0.4725 0.7827 0.0000
vt 0.4816 0.7736 0.0000
vt 0.4816 0.7827 0.0000
vt 0.4816 0.7919 0.0000
vt 0.4725 0.7919 0.0000
vt 0.4908 0.7736 0.0000
vt 0.4908 0.7827 0.0000
vt 0.4999 0.7736 0.0000
vt 0.4999 0.7827 0.0000
vt 0.4999 0.7919 0.0000
vt 0.4908 0.7919 0.0000
vt 0.5091 0.7736 0.0000
vt 0.5091 0.7827 0.0000
vt 0.5182 0.7736 0.0000
vt 0.5182 0.7827 0.0000
vt 0.5182 0.7919 0.0000
vt 0.5091 0.7919 0.0000
vt 0.4541 0.8011 0.0000
vt 0.4450 0.8011 0.0000
vt 0.4633 0.8011 0.0000
vt 0.4633 0.8102 0.0000
vt 0.4541 0.8102 0.0000
vt 0.4450 0.8102 0.0000
vt 0.4725 0.8011 0.0000
vt 0.4816 0.8011 0.0000
vt 0.4816 0.8102 0.0000
vt 0.4725 0.8102 0.0000
vt 0.4908 0.8011 0.0000
vt 0.4999 0.8011 0.0000
vt 0.4999 0.8102 0.0000
vt 0.4908 0.8102 0.0000
vt 0.5091 0.8011 0.0000
vt 0.5182 0.8011 0.0000
vt 0.5182 0.8102 0.0000
vt 0.5091 0.8102 0.0000
vt 0.4541 0.8194 0.0000
vt 0.4450 0.8194 0.0000
vt 0.4633 0.8194 0.0000
vt 0.4633 0.8285 0.0000
vt 0.4541 0.8285 0.0000
vt 0.4450 0.8285 0.0000
vt 0.4725 0.8194 0.0000
vt 0.4816 0.8194 0.0000
vt 0.4816 0.8285 0.0000
vt 0.4725 0.8285 0.0000
vt 0.4908 0.8194 0.0000
vt 0.4999 0.8194 0.0000
vt 0.4999 0.8285 0.0000
vt 0.4908 0.8285 0.0000
vt 0.5091 0.8194 0.0000
vt 0.5182 0.8194 0.0000
vt 0.5182 0.8285 0.0000
vt 0.5091 0.8285 0.0000
vt 0.4541 0.8377 0.0000
vt 0.4450 0.8377 0.0000
vt 0.4633 0.8377 0.0000
vt 0.4633 0.8468 0.0000
vt 0.4541 0.8468 0.0000
vt 0.4450 0.8468 0.0000
vt 0.4725 0.8377 0.0000
vt 0.4816 0.8377 0.0000
vt 0.4816 0.8468 0.0000
vt 0.4725 0.8468 0.0000
vt 0.4908 0.8377 0.0000
vt 0.4999 0.8377 0.0000
vt 0.4999 0.8468 0.0000
vt 0.4908 0.8468 0.0000
vt 0.5091 0.8377 0.0000
vt 0.5182 0.8377 0.0000
vt 0.5182 0.8468 0.0000
vt 0.5091 0.8468 0.0000
vt 0.5732 0.7736 0.0000
vt 0.5823 0.7736 0.0000
vt 0.5823 0.7827 0.0000
vt 0.5732 0.7827 0.0000
vt 0.5915 0.7736 0.0000
vt 0.5915 0.7827 0.0000
vt 0.5915 0.7919 0.0000
vt 0.5823 0.7919 0.0000
vt 0.5732 0.7919 0.0000
vt 0.5823 0.8011 0.0000
vt 0.5732 0.8011 0.0000
vt 0.5915 0.8011 0.0000
vt 0.5915 0.8102 0.0000
vt 0.5823 0.8102 0.0000
vt 0.5732 0.8102 0.0000
vt 0.5823 0.8194 0.0000
vt 0.5732 0.8194 0.0000
vt 0.5915 0.8194 0.0000
vt 0.5915 0.8285 0.0000
vt 0.5823 0.8285 0.0000
vt 0.5732 0.8285 0.0000
vt 0.5823 0.8377 0.0000
vt 0.5732 0.8377 0.0000
vt 0.5915 0.8377 0.0000
vt 0.5915 0.8468 0.0000
vt 0.5823 0.8468 0.0000
vt 0.5732 0.8468 0.0000
vt 0.5549 0.7736 0.0000
vt 0.5640 0.7736 0.0000
vt 0.5640 0.7827 0.0000
vt 0.5549 0.7827 0.0000
vt 0.5640 0.7919 0.0000
vt 0.5549 0.7919 0.0000
vt 0.5640 0.8011 0.0000
vt 0.5549 0.8011 0.0000
vt 0.5640 0.8102 0.0000
vt 0.5549 0.8102 0.0000
vt 0.5640 0.8194 0.0000
vt 0.5549 0.8194 0.0000
vt 0.5640 0.8285 0.0000
vt 0.5549 0.8285 0.0000
vt 0.5640 0.8377 0.0000
vt 0.5549 0.8377 0.0000
vt 0.5640 0.8468 0.0000
vt 0.5549 0.8468 0.0000
vt 0.5366 0.7736 0.0000
vt 0.5457 0.7736 0.0000
vt 0.5457 0.7827 0.0000
vt 0.5366 0.7827 0.0000
vt 0.5457 0.7919 0.0000
vt 0.5366 0.7919 0.0000
vt 0.5457 0.8011 0.0000
vt 0.5366 0.8011 0.0000
vt 0.5457 0.8102 0.0000
vt 0.5366 0.8102 0.0000
vt 0.5457 0.8194 0.0000
vt 0.5366 0.8194 0.0000
vt 0.5457 0.8285 0.0000
vt 0.5366 0.8285 0.0000
vt 0.5457 0.8377 0.0000
vt 0.5366 0.8377 0.0000
vt 0.5457 0.8468 0.0000
vt 0.5366 0.8468 0.0000
vt 0.5274 0.7736 0.0000
vt 0.5274 0.7827 0.0000
vt 0.5274 0.7919 0.0000
vt 0.5274 0.8011 0.0000
vt 0.5274 0.8102 0.0000
vt 0.5274 0.8194 0.0000
vt 0.5274 0.8285 0.0000
vt 0.5274 0.8377 0.0000
vt 0.5274 0.8468 0.0000
vt 0.5915 0.9201 0.0000
vt 0.5823 0.9201 0.0000
vt 0.5823 0.9109 0.0000
vt 0.5915 0.9109 0.0000
vt 0.5732 0.9201 0.0000
vt 0.5732 0.9109 0.0000
vt 0.5732 0.9018 0.0000
vt 0.5823 0.9018 0.0000
vt 0.5915 0.9018 0.0000
vt 0.5640 0.9201 0.0000
vt 0.5640 0.9109 0.0000
vt 0.5549 0.9201 0.0000
vt 0.5549 0.9109 0.0000
vt 0.5549 0.9018 0.0000
vt 0.5640 0.9018 0.0000
vt 0.5457 0.9201 0.0000
vt 0.5457 0.9109 0.0000
vt 0.5366 0.9201 0.0000
vt 0.5366 0.9109 0.0000
vt 0.5366 0.9018 0.0000
vt 0.5457 0.9018 0.0000
vt 0.5274 0.9201 0.0000
vt 0.5274 0.9109 0.0000
vt 0.5182 0.9201 0.0000
vt 0.5182 0.9109 0.0000
vt 0.5182 0.9018 0.0000
vt 0.5274 0.9018 0.0000
vt 0.5823 0.8926 0.0000
vt 0.5915 0.8926 0.0000
vt 0.5732 0.8926 0.0000
vt 0.5732 0.8835 0.0000
vt 0.5823 0.8835 0.0000
vt 0.5915 0.8835 0.0000
vt 0.5640 0.8926 0.0000
vt 0.5549 0.8926 0.0000
vt 0.5549 0.8835 0.0000
vt 0.5640 0.8835 0.0000
vt 0.5457 0.8926 0.0000
vt 0.5366 0.8926 0.0000
vt 0.5366 0.8835 0.0000
vt 0.5457 0.8835 0.0000
vt 0.5274 0.8926 0.0000
vt 0.5182 0.8926 0.0000
vt 0.5182 0.8835 0.0000
vt 0.5274 0.8835 0.0000
vt 0.5823 0.8743 0.0000
vt 0.5915 0.8743 0.0000
vt 0.5732 0.8743 0.0000
vt 0.5732 0.8652 0.0000
vt 0.5823 0.8652 0.0000
vt 0.5915 0.8652 0.0000
vt 0.5640 0.8743 0.0000
vt 0.5549 0.8743 0.0000
vt 0.5549 0.8652 0.0000
vt 0.5640 0.8652 0.0000
vt 0.5457 0.8743 0.0000
vt 0.5366 0.8743 0.0000
vt 0.5366 0.8652 0.0000
vt 0.5457 0.8652 0.0000
vt 0.5274 0.8743 0.0000
vt 0.5182 0.8743 0.0000
vt 0.5182 0.8652 0.0000
vt 0.5274 0.8652 0.0000
vt 0.5823 0.8560 0.0000
vt 0.5915 0.8560 0.0000
vt 0.5732 0.8560 0.0000
vt 0.5640 0.8560 0.0000
vt 0.5549 0.8560 0.0000
vt 0.5457 0.8560 0.0000
vt 0.5366 0.8560 0.0000
vt 0.5274 0.8560 0.0000
vt 0.5182 0.8560 0.0000
vt 0.4633 0.9201 0.0000
vt 0.4541 0.9201 0.0000
vt 0.4541 0.9109 0.0000
vt 0.4633 0.9109 0.0000
vt 0.4450 0.9201 0.0000
vt 0.4450 0.9109 0.0000
vt 0.4450 0.9018 0.0000
vt 0.4541 0.9018 0.0000
vt 0.4633 0.9018 0.0000
vt 0.4541 0.8926 0.0000
vt 0.4633 0.8926 0.0000
vt 0.4450 0.8926 0.0000
vt 0.4450 0.8835 0.0000
vt 0.4541 0.8835 0.0000
vt 0.4633 0.8835 0.0000
vt 0.4541 0.8743 0.0000
vt 0.4633 0.8743 0.0000
vt 0.4450 0.8743 0.0000
vt 0.4450 0.8652 0.0000
vt 0.4541 0.8652 0.0000
vt 0.4633 0.8652 0.0000
vt 0.4541 0.8560 0.0000
vt 0.4633 0.8560 0.0000
vt 0.4450 0.8560 0.0000
vt 0.4816 0.9201 0.0000
vt 0.4725 0.9201 0.0000
vt 0.4725 0.9109 0.0000
vt 0.4816 0.9109 0.0000
vt 0.4725 0.9018 0.0000
vt 0.4816 0.9018 0.0000
vt 0.4725 0.8926 0.0000
vt 0.4816 0.8926 0.0000
vt 0.4725 0.8835 0.0000
vt 0.4816 0.8835 0.0000
vt 0.4725 0.8743 0.0000
vt 0.4816 0.8743 0.0000
vt 0.4725 0.8652 0.0000
vt 0.4816 0.8652 0.0000
vt 0.4725 0.8560 0.0000
vt 0.4816 0.8560 0.0000
vt 0.4999 0.9201 0.0000
vt 0.4908 0.9201 0.0000
vt 0.4908 0.9109 0.0000
vt 0.4999 0.9109 0.0000
vt 0.4908 0.9018 0.0000
vt 0.4999 0.9018 0.0000
vt 0.4908 0.8926 0.0000
vt 0.4999 0.8926 0.0000
vt 0.4908 0.8835 0.0000
vt 0.4999 0.8835 0.0000
vt 0.4908 0.8743 0.0000
vt 0.4999 0.8743 0.0000
vt 0.4908 0.8652 0.0000
vt 0.4999 0.8652 0.0000
vt 0.4908 0.8560 0.0000
vt 0.4999 0.8560 0.0000
vt 0.5091 0.9201 0.0000
vt 0.5091 0.9109 0.0000
vt 0.5091 0.9018 0.0000
vt 0.5091 0.8926 0.0000
vt 0.5091 0.8835 0.0000
vt 0.5091 0.8743 0.0000
vt 0.5091 0.8652 0.0000
vt 0.5091 0.8560 0.0000
vt 0.0069 0.7612 0.0000
vt 0.0161 0.7612 0.0000
vt 0.0161 0.7703 0.0000
vt 0.0069 0.7703 0.0000
vt 0.0252 0.7612 0.0000
vt 0.0252 0.7703 0.0000
vt 0.0252 0.7795 0.0000
vt 0.0161 0.7795 0.0000
vt 0.0069 0.7795 0.0000
vt 0.0344 0.7612 0.0000
vt 0.0344 0.7703 0.0000
vt 0.0435 0.7612 0.0000
vt 0.0435 0.7703 0.0000
vt 0.0435 0.7795 0.0000
vt 0.0344 0.7795 0.0000
vt 0.0527 0.7612 0.0000
vt 0.0527 0.7703 0.0000
vt 0.0618 0.7612 0.0000
vt 0.0618 0.7703 0.0000
vt 0.0618 0.7795 0.0000
vt 0.0527 0.7795 0.0000
vt 0.0710 0.7612 0.0000
vt 0.0710 0.7703 0.0000
vt 0.0802 0.7612 0.0000
vt 0.0802 0.7703 0.0000
vt 0.0802 0.7795 0.0000
vt 0.0710 0.7795 0.0000
vt 0.0161 0.7886 0.0000
vt 0.0069 0.7886 0.0000
vt 0.0252 0.7886 0.0000
vt 0.0252 0.7978 0.0000
vt 0.0161 0.7978 0.0000
vt 0.0069 0.7978 0.0000
vt 0.0344 0.7886 0.0000
vt 0.0435 0.7886 0.0000
vt 0.0435 0.7978 0.0000
vt 0.0344 0.7978 0.0000
vt 0.0527 0.7886 0.0000
vt 0.0618 0.7886 0.0000
vt 0.0618 0.7978 0.0000
vt 0.0527 0.7978 0.0000
vt 0.0710 0.7886 0.0000
vt 0.0802 0.7886 0.0000
vt 0.0802 0.7978 0.0000
vt 0.0710 0.7978 0.0000
vt 0.0161 0.8069 0.0000
vt 0.0069 0.8069 0.0000
vt 0.0252 0.8069 0.0000
vt 0.0252 0.8161 0.0000
vt 0.0161 0.8161 0.0000
vt 0.0069 0.8161 0.0000
vt 0.0344 0.8069 0.0000
vt 0.0435 0.8069 0.0000
vt 0.0435 0.8161 0.0000
vt 0.0344 0.8161 0.0000
vt 0.0527 0.8069 0.0000
vt 0.0618 0.8069 0.0000
vt 0.0618 0.8161 0.0000
vt 0.0527 0.8161 0.0000
vt 0.0710 0.8069 0.0000
vt 0.0802 0.8069 0.0000
vt 0.0802 0.8161 0.0000
vt 0.0710 0.8161 0.0000
vt 0.0161 0.8253 0.0000
vt 0.0069 0.8253 0.0000
vt 0.0252 0.8253 0.0000
vt 0.0252 0.8344 0.0000
vt 0.0161 0.8344 0.0000
vt 0.0069 0.8344 0.0000
vt 0.0344 0.8253 0.0000
vt 0.0435 0.8253 0.0000
vt 0.0435 0.8344 0.0000
vt 0.0344 0.8344 0.0000
vt 0.0527 0.8253 0.0000
vt 0.0618 0.8253 0.0000
vt 0.0618 0.8344 0.0000
vt 0.0527 0.8344 0.0000
vt 0.0710 0.8253 0.0000
vt 0.0802 0.8253 0.0000
vt 0.0802 0.8344 0.0000
vt 0.0710 0.8344 0.0000
vt 0.1351 0.7612 0.0000
vt 0.1443 0.7612 0.0000
vt 0.1443 0.7703 0.0000
vt 0.1351 0.7703 0.0000
vt 0.1534 0.7612 0.0000
vt 0.1534 0.7703 0.0000
vt 0.1534 0.7795 0.0000
vt 0.1443 0.7795 0.0000
vt 0.1351 0.7795 0.0000
vt 0.1443 0.7886 0.0000
vt 0.1351 0.7886 0.0000
vt 0.1534 0.7886 0.0000
vt 0.1534 0.7978 0.0000
vt 0.1443 0.7978 0.0000
vt 0.1351 0.7978 0.0000
vt 0.1443 0.8069 0.0000
vt 0.1351 0.8069 0.0000
vt 0.1534 0.8069 0.0000
vt 0.1534 0.8161 0.0000
vt 0.1443 0.8161 0.0000
vt 0.1351 0.8161 0.0000
vt 0.1443 0.8253 0.0000
vt 0.1351 0.8253 0.0000
vt 0.1534 0.8253 0.0000
vt 0.1534 0.8344 0.0000
vt 0.1443 0.8344 0.0000
vt 0.1351 0.8344 0.0000
vt 0.1168 0.7612 0.0000
vt 0.1259 0.7612 0.0000
vt 0.1259 0.7703 0.0000
vt 0.1168 0.7703 0.0000
vt 0.1259 0.7795 0.0000
vt 0.1168 0.7795 0.0000
vt 0.1259 0.7886 0.0000
vt 0.1168 0.7886 0.0000
vt 0.1259 0.7978 0.0000
vt 0.1168 0.7978 0.0000
vt 0.1259 0.8069 0.0000
vt 0.1168 0.8069 0.0000
vt 0.1259 0.8161 0.0000
vt 0.1168 0.8161 0.0000
vt 0.1259 0.8253 0.0000
vt 0.1168 0.8253 0.0000
vt 0.1259 0.8344 0.0000
vt 0.1168 0.8344 0.0000
vt 0.0985 0.7612 0.0000
vt 0.1076 0.7612 0.0000
vt 0.1076 0.7703 0.0000
vt 0.0985 0.7703 0.0000
vt 0.1076 0.7795 0.0000
vt 0.0985 0.7795 0.0000
vt 0.1076 0.7886 0.0000
vt 0.0985 0.7886 0.0000
vt 0.1076 0.7978 0.0000
vt 0.0985 0.7978 0.0000
vt 0.1076 0.8069 0.0000
vt 0.0985 0.8069 0.0000
vt 0.1076 0.8161 0.0000
vt 0.0985 0.8161 0.0000
vt 0.1076 0.8253 0.0000
vt 0.0985 0.8253 0.0000
vt 0.1076 0.8344 0.0000
vt 0.0985 0.8344 0.0000
vt 0.0893 0.7612 0.0000
vt 0.0893 0.7703 0.0000
vt 0.0893 0.7795 0.0000
vt 0.0893 0.7886 0.0000
vt 0.0893 0.7978 0.0000
vt 0.0893 0.8069 0.0000
vt 0.0893 0.8161 0.0000
vt 0.0893 0.8253 0.0000
vt 0.0893 0.8344 0.0000
vt 0.1534 0.9077 0.0000
vt 0.1443 0.9077 0.0000
vt 0.1443 0.8985 0.0000
vt 0.1534 0.8985 0.0000
vt 0.1351 0.9077 0.0000
vt 0.1351 0.8985 0.0000
vt 0.1351 0.8894 0.0000
vt 0.1443 0.8894 0.0000
vt 0.1534 0.8894 0.0000
vt 0.1259 0.9077 0.0000
vt 0.1259 0.8985 0.0000
vt 0.1168 0.9077 0.0000
vt 0.1168 0.8985 0.0000
vt 0.1168 0.8894 0.0000
vt 0.1259 0.8894 0.0000
vt 0.1076 0.9077 0.0000
vt 0.1076 0.8985 0.0000
vt 0.0985 0.9077 0.0000
vt 0.0985 0.8985 0.0000
vt 0.0985 0.8894 0.0000
vt 0.1076 0.8894 0.0000
vt 0.0893 0.9077 0.0000
vt 0.0893 0.8985 0.0000
vt 0.0802 0.9077 0.0000
vt 0.0802 0.8985 0.0000
vt 0.0802 0.8894 0.0000
vt 0.0893 0.8894 0.0000
vt 0.1443 0.8802 0.0000
vt 0.1534 0.8802 0.0000
vt 0.1351 0.8802 0.0000
vt 0.1351 0.8710 0.0000
vt 0.1443 0.8710 0.0000
vt 0.1534 0.8710 0.0000
vt 0.1259 0.8802 0.0000
vt 0.1168 0.8802 0.0000
vt 0.1168 0.8710 0.0000
vt 0.1259 0.8710 0.0000
vt 0.1076 0.8802 0.0000
vt 0.0985 0.8802 0.0000
vt 0.0985 0.8710 0.0000
vt 0.1076 0.8710 0.0000
vt 0.0893 0.8802 0.0000
vt 0.0802 0.8802 0.0000
vt 0.0802 0.8710 0.0000
vt 0.0893 0.8710 0.0000
vt 0.1443 0.8619 0.0000
vt 0.1534 0.8619 0.0000
vt 0.1351 0.8619 0.0000
vt 0.1351 0.8527 0.0000
vt 0.1443 0.8527 0.0000
vt 0.1534 0.8527 0.0000
vt 0.1259 0.8619 0.0000
vt 0.1168 0.8619 0.0000
vt 0.1168 0.8527 0.0000
vt 0.1259 0.8527 0.0000
vt 0.1076 0.8619 0.0000
vt 0.0985 0.8619 0.0000
vt 0.0985 0.8527 0.0000
vt 0.1076 0.8527 0.0000
vt 0.0893 0.8619 0.0000
vt 0.0802 0.8619 0.0000
vt 0.0802 0.8527 0.0000
vt 0.0893 0.8527 0.0000
vt 0.1443 0.8436 0.0000
vt 0.1534 0.8436 0.0000
vt 0.1351 0.8436 0.0000
vt 0.1259 0.8436 0.0000
vt 0.1168 0.8436 0.0000
vt 0.1076 0.8436 0.0000
vt 0.0985 0.8436 0.0000
vt 0.0893 0.8436 0.0000
vt 0.0802 0.8436 0.0000
vt 0.0252 0.9077 0.0000
vt 0.0161 0.9077 0.0000
vt 0.0161 0.8985 0.0000
vt 0.0252 0.8985 0.0000
vt 0.0069 0.9077 0.0000
vt 0.0069 0.8985 0.0000
vt 0.0069 0.8894 0.0000
vt 0.0161 0.8894 0.0000
vt 0.0252 0.8894 0.0000
vt 0.0161 0.8802 0.0000
vt 0.0252 0.8802 0.0000
vt 0.0069 0.8802 0.0000
vt 0.0069 0.8710 0.0000
vt 0.0161 0.8710 0.0000
vt 0.0252 0.8710 0.0000
vt 0.0161 0.8619 0.0000
vt 0.0252 0.8619 0.0000
vt 0.0069 0.8619 0.0000
vt 0.0069 0.8527 0.0000
vt 0.0161 0.8527 0.0000
vt 0.0252 0.8527 0.0000
vt 0.0161 0.8436 0.0000
vt 0.0252 0.8436 0.0000
vt 0.0069 0.8436 0.0000
vt 0.0435 0.9077 0.0000
vt 0.0344 0.9077 0.0000
vt 0.0344 0.8985 0.0000
vt 0.0435 0.8985 0.0000
vt 0.0344 0.8894 0.0000
vt 0.0435 0.8894 0.0000
vt 0.0344 0.8802 0.0000
vt 0.0435 0.8802 0.0000
vt 0.0344 0.8710 0.0000
vt 0.0435 0.8710 0.0000
vt 0.0344 0.8619 0.0000
vt 0.0435 0.8619 0.0000
vt 0.0344 0.8527 0.0000
vt 0.0435 0.8527 0.0000
vt 0.0344 0.8436 0.0000
vt 0.0435 0.8436 0.0000
vt 0.0618 0.9077 0.0000
vt 0.0527 0.9077 0.0000
vt 0.0527 0.8985 0.0000
vt 0.0618 0.8985 0.0000
vt 0.0527 0.8894 0.0000
vt 0.0618 0.8894 0.0000
vt 0.0527 0.8802 0.0000
vt 0.0618 0.8802 0.0000
vt 0.0527 0.8710 0.0000
vt 0.0618 0.8710 0.0000
vt 0.0527 0.8619 0.0000
vt 0.0618 0.8619 0.0000
vt 0.0527 0.8527 0.0000
vt 0.0618 0.8527 0.0000
vt 0.0527 0.8436 0.0000
vt 0.0618 0.8436 0.0000
vt 0.0710 0.9077 0.0000
vt 0.0710 0.8985 0.0000
vt 0.0710 0.8894 0.0000
vt 0.0710 0.8802 0.0000
vt 0.0710 0.8710 0.0000
vt 0.0710 0.8619 0.0000
vt 0.0710 0.8527 0.0000
vt 0.0710 0.8436 0.0000
vt 0.6932 0.6843 0.0000
vt 0.7023 0.6843 0.0000
vt 0.7023 0.6934 0.0000
vt 0.6932 0.6934 0.0000
vt 0.7115 0.6843 0.0000
vt 0.7115 0.6934 0.0000
vt 0.7115 0.7026 0.0000
vt 0.7023 0.7026 0.0000
vt 0.6932 0.7026 0.0000
vt 0.7207 0.6843 0.0000
vt 0.7207 0.6934 0.0000
vt 0.7298 0.6843 0.0000
vt 0.7298 0.6934 0.0000
vt 0.7298 0.7026 0.0000
vt 0.7207 0.7026 0.0000
vt 0.7390 0.6843 0.0000
vt 0.7390 0.6934 0.0000
vt 0.7481 0.6843 0.0000
vt 0.7481 0.6934 0.0000
vt 0.7481 0.7026 0.0000
vt 0.7390 0.7026 0.0000
vt 0.7573 0.6843 0.0000
vt 0.7573 0.6934 0.0000
vt 0.7664 0.6843 0.0000
vt 0.7664 0.6934 0.0000
vt 0.7664 0.7026 0.0000
vt 0.7573 0.7026 0.0000
vt 0.7023 0.7117 0.0000
vt 0.6932 0.7117 0.0000
vt 0.7115 0.7117 0.0000
vt 0.7115 0.7209 0.0000
vt 0.7023 0.7209 0.0000
vt 0.6932 0.7209 0.0000
vt 0.7207 0.7117 0.0000
vt 0.7298 0.7117 0.0000
vt 0.7298 0.7209 0.0000
vt 0.7207 0.7209 0.0000
vt 0.7390 0.7117 0.0000
vt 0.7481 0.7117 0.0000
vt 0.7481 0.7209 0.0000
vt 0.7390 0.7209 0.0000
vt 0.7573 0.7117 0.0000
vt 0.7664 0.7117 0.0000
vt 0.7664 0.7209 0.0000
vt 0.7573 0.7209 0.0000
vt 0.7023 0.7300 0.0000
vt 0.6932 0.7300 0.0000
vt 0.7115 0.7300 0.0000
vt 0.7115 0.7392 0.0000
vt 0.7023 0.7392 0.0000
vt 0.6932 0.7392 0.0000
vt 0.7207 0.7300 0.0000
vt 0.7298 0.7300 0.0000
vt 0.7298 0.7392 0.0000
vt 0.7207 0.7392 0.0000
vt 0.7390 0.7300 0.0000
vt 0.7481 0.7300 0.0000
vt 0.7481 0.7392 0.0000
vt 0.7390 0.7392 0.0000
vt 0.7573 0.7300 0.0000
vt 0.7664 0.7300 0.0000
vt 0.7664 0.7392 0.0000
vt 0.7573 0.7392 0.0000
vt 0.7023 0.7484 0.0000
vt 0.6932 0.7484 0.0000
vt 0.7115 0.7484 0.0000
vt 0.7115 0.7575 0.0000
vt 0.7023 0.7575 0.0000
vt 0.6932 0.7575 0.0000
vt 0.7207 0.7484 0.0000
vt 0.7298 0.7484 0.0000
vt 0.7298 0.7575 0.0000
vt 0.7207 0.7575 0.0000
vt 0.7390 0.7484 0.0000
vt 0.7481 0.7484 0.0000
vt 0.7481 0.7575 0.0000
vt 0.7390 0.7575 0.0000
vt 0.7573 0.7484 0.0000
vt 0.7664 0.7484 0.0000
vt 0.7664 0.7575 0.0000
vt 0.7573 0.7575 0.0000
vt 0.8214 0.6843 0.0000
vt 0.8305 0.6843 0.0000
vt 0.8305 0.6934 0.0000
vt 0.8214 0.6934 0.0000
vt 0.8397 0.6843 0.0000
vt 0.8397 0.6934 0.0000
vt 0.8397 0.7026 0.0000
vt 0.8305 0.7026 0.0000
vt 0.8214 0.7026 0.0000
vt 0.8305 0.7117 0.0000
vt 0.8214 0.7117 0.0000
vt 0.8397 0.7117 0.0000
vt 0.8397 0.7209 0.0000
vt 0.8305 0.7209 0.0000
vt 0.8214 0.7209 0.0000
vt 0.8305 0.7300 0.0000
vt 0.8214 0.7300 0.0000
vt 0.8397 0.7300 0.0000
vt 0.8397 0.7392 0.0000
vt 0.8305 0.7392 0.0000
vt 0.8214 0.7392 0.0000
vt 0.8305 0.7484 0.0000
vt 0.8214 0.7484 0.0000
vt 0.8397 0.7484 0.0000
vt 0.8397 0.7575 0.0000
vt 0.8305 0.7575 0.0000
vt 0.8214 0.7575 0.0000
vt 0.8031 0.6843 0.0000
vt 0.8122 0.6843 0.0000
vt 0.8122 0.6934 0.0000
vt 0.8031 0.6934 0.0000
vt 0.8122 0.7026 0.0000
vt 0.8031 0.7026 0.0000
vt 0.8122 0.7117 0.0000
vt 0.8031 0.7117 0.0000
vt 0.8122 0.7209 0.0000
vt 0.8031 0.7209 0.0000
vt 0.8122 0.7300 0.0000
vt 0.8031 0.7300 0.0000
vt 0.8122 0.7392 0.0000
vt 0.8031 0.7392 0.0000
vt 0.8122 0.7484 0.0000
vt 0.8031 0.7484 0.0000
vt 0.8122 0.7575 0.0000
vt 0.8031 0.7575 0.0000
vt 0.7848 0.6843 0.0000
vt 0.7939 0.6843 0.0000
vt 0.7939 0.6934 0.0000
vt 0.7848 0.6934 0.0000
vt 0.7939 0.7026 0.0000
vt 0.7848 0.7026 0.0000
vt 0.7939 0.7117 0.0000
vt 0.7848 0.7117 0.0000
vt 0.7939 0.7209 0.0000
vt 0.7848 0.7209 0.0000
vt 0.7939 0.7300 0.0000
vt 0.7848 0.7300 0.0000
vt 0.7939 0.7392 0.0000
vt 0.7848 0.7392 0.0000
vt 0.7939 0.7484 0.0000
vt 0.7848 0.7484 0.0000
vt 0.7939 0.7575 0.0000
vt 0.7848 0.7575 0.0000
vt 0.7756 0.6843 0.0000
vt 0.7756 0.6934 0.0000
vt 0.7756 0.7026 0.0000
vt 0.7756 0.7117 0.0000
vt 0.7756 0.7209 0.0000
vt 0.7756 0.7300 0.0000
vt 0.7756 0.7392 0.0000
vt 0.7756 0.7484 0.0000
vt 0.7756 0.7575 0.0000
vt 0.8397 0.8308 0.0000
vt 0.8305 0.8308 0.0000
vt 0.8305 0.8216 0.0000
vt 0.8397 0.8216 0.0000
vt 0.8214 0.8308 0.0000
vt 0.8214 0.8216 0.0000
vt 0.8214 0.8125 0.0000
vt 0.8305 0.8125 0.0000
vt 0.8397 0.8125 0.0000
vt 0.8122 0.8308 0.0000
vt 0.8122 0.8216 0.0000
vt 0.8031 0.8308 0.0000
vt 0.8031 0.8216 0.0000
vt 0.8031 0.8125 0.0000
vt 0.8122 0.8125 0.0000
vt 0.7939 0.8308 0.0000
vt 0.7939 0.8216 0.0000
vt 0.7848 0.8308 0.0000
vt 0.7848 0.8216 0.0000
vt 0.7848 0.8125 0.0000
vt 0.7939 0.8125 0.0000
vt 0.7756 0.8308 0.0000
vt 0.7756 0.8216 0.0000
vt 0.7664 0.8308 0.0000
vt 0.7664 0.8216 0.0000
vt 0.7664 0.8125 0.0000
vt 0.7756 0.8125 0.0000
vt 0.8305 0.8033 0.0000
vt 0.8397 0.8033 0.0000
vt 0.8214 0.8033 0.0000
vt 0.8214 0.7942 0.0000
vt 0.8305 0.7942 0.0000
vt 0.8397 0.7942 0.0000
vt 0.8122 0.8033 0.0000
vt 0.8031 0.8033 0.0000
vt 0.8031 0.7942 0.0000
vt 0.8122 0.7942 0.0000
vt 0.7939 0.8033 0.0000
vt 0.7848 0.8033 0.0000
vt 0.7848 0.7942 0.0000
vt 0.7939 0.7942 0.0000
vt 0.7756 0.8033 0.0000
vt 0.7664 0.8033 0.0000
vt 0.7664 0.7942 0.0000
vt 0.7756 0.7942 0.0000
vt 0.8305 0.7850 0.0000
vt 0.8397 0.7850 0.0000
vt 0.8214 0.7850 0.0000
vt 0.8214 0.7758 0.0000
vt 0.8305 0.7758 0.0000
vt 0.8397 0.7758 0.0000
vt 0.8122 0.7850 0.0000
vt 0.8031 0.7850 0.0000
vt 0.8031 0.7758 0.0000
vt 0.8122 0.7758 0.0000
vt 0.7939 0.7850 0.0000
vt 0.7848 0.7850 0.0000
vt 0.7848 0.7758 0.0000
vt 0.7939 0.7758 0.0000
vt 0.7756 0.7850 0.0000
vt 0.7664 0.7850 0.0000
vt 0.7664 0.7758 0.0000
vt 0.7756 0.7758 0.0000
vt 0.8305 0.7667 0.0000
vt 0.8397 0.7667 0.0000
vt 0.8214 0.7667 0.0000
vt 0.8122 0.7667 0.0000
vt 0.8031 0.7667 0.0000
vt 0.7939 0.7667 0.0000
vt 0.7848 0.7667 0.0000
vt 0.7756 0.7667 0.0000
vt 0.7664 0.7667 0.0000
vt 0.7115 0.8308 0.0000
vt 0.7023 0.8308 0.0000
vt 0.7023 0.8216 0.0000
vt 0.7115 0.8216 0.0000
vt 0.6932 0.8308 0.0000
vt 0.6932 0.8216 0.0000
vt 0.6932 0.8125 0.0000
vt 0.7023 0.8125 0.0000
vt 0.7115 0.8125 0.0000
vt 0.7023 0.8033 0.0000
vt 0.7115 0.8033 0.0000
vt 0.6932 0.8033 0.0000
vt 0.6932 0.7942 0.0000
vt 0.7023 0.7942 0.0000
vt 0.7115 0.7942 0.0000
vt 0.7023 0.7850 0.0000
vt 0.7115 0.7850 0.0000
vt 0.6932 0.7850 0.0000
vt 0.6932 0.7758 0.0000
vt 0.7023 0.7758 0.0000
vt 0.7115 0.7758 0.0000
vt 0.7023 0.7667 0.0000
vt 0.7115 0.7667 0.0000
vt 0.6932 0.7667 0.0000
vt 0.7298 0.8308 0.0000
vt 0.7207 0.8308 0.0000
vt 0.7207 0.8216 0.0000
vt 0.7298 0.8216 0.0000
vt 0.7207 0.8125 0.0000
vt 0.7298 0.8125 0.0000
vt 0.7207 0.8033 0.0000
vt 0.7298 0.8033 0.0000
vt 0.7207 0.7942 0.0000
vt 0.7298 0.7942 0.0000
vt 0.7207 0.7850 0.0000
vt 0.7298 0.7850 0.0000
vt 0.7207 0.7758 0.0000
vt 0.7298 0.7758 0.0000
vt 0.7207 0.7667 0.0000
vt 0.7298 0.7667 0.0000
vt 0.7481 0.8308 0.0000
vt 0.7390 0.8308 0.0000
vt 0.7390 0.8216 0.0000
vt 0.7481 0.8216 0.0000
vt 0.7390 0.8125 0.0000
vt 0.7481 0.8125 0.0000
vt 0.7390 0.8033 0.0000
vt 0.7481 0.8033 0.0000
vt 0.7390 0.7942 0.0000
vt 0.7481 0.7942 0.0000
vt 0.7390 0.7850 0.0000
vt 0.7481 0.7850 0.0000
vt 0.7390 0.7758 0.0000
vt 0.7481 0.7758 0.0000
vt 0.7390 0.7667 0.0000
vt 0.7481 0.7667 0.0000
vt 0.7573 0.8308 0.0000
vt 0.7573 0.8216 0.0000
vt 0.7573 0.8125 0.0000
vt 0.7573 0.8033 0.0000
vt 0.7573 0.7942 0.0000
vt 0.7573 0.7850 0.0000
vt 0.7573 0.7758 0.0000
vt 0.7573 0.7667 0.0000
vt 0.2800 0.6443 0.0000
vt 0.2891 0.6443 0.0000
vt 0.2891 0.6534 0.0000
vt 0.2800 0.6534 0.0000
vt 0.2983 0.6443 0.0000
vt 0.2983 0.6534 0.0000
vt 0.2983 0.6626 0.0000
vt 0.2891 0.6626 0.0000
vt 0.2800 0.6626 0.0000
vt 0.3075 0.6443 0.0000
vt 0.3075 0.6534 0.0000
vt 0.3166 0.6443 0.0000
vt 0.3166 0.6534 0.0000
vt 0.3166 0.6626 0.0000
vt 0.3075 0.6626 0.0000
vt 0.3258 0.6443 0.0000
vt 0.3258 0.6534 0.0000
vt 0.3349 0.6443 0.0000
vt 0.3349 0.6534 0.0000
vt 0.3349 0.6626 0.0000
vt 0.3258 0.6626 0.0000
vt 0.3441 0.6443 0.0000
vt 0.3441 0.6534 0.0000
vt 0.3532 0.6443 0.0000
vt 0.3532 0.6534 0.0000
vt 0.3532 0.6626 0.0000
vt 0.3441 0.6626 0.0000
vt 0.2891 0.6717 0.0000
vt 0.2800 0.6717 0.0000
vt 0.2983 0.6717 0.0000
vt 0.2983 0.6809 0.0000
vt 0.2891 0.6809 0.0000
vt 0.2800 0.6809 0.0000
vt 0.3075 0.6717 0.0000
vt 0.3166 0.6717 0.0000
vt 0.3166 0.6809 0.0000
vt 0.3075 0.6809 0.0000
vt 0.3258 0.6717 0.0000
vt 0.3349 0.6717 0.0000
vt 0.3349 0.6809 0.0000
vt 0.3258 0.6809 0.0000
vt 0.3441 0.6717 0.0000
vt 0.3532 0.6717 0.0000
vt 0.3532 0.6809 0.0000
vt 0.3441 0.6809 0.0000
vt 0.2891 0.6901 0.0000
vt 0.2800 0.6901 0.0000
vt 0.2983 0.6901 0.0000
vt 0.2983 0.6992 0.0000
vt 0.2891 0.6992 0.0000
vt 0.2800 0.6992 0.0000
vt 0.3075 0.6901 0.0000
vt 0.3166 0.6901 0.0000
vt 0.3166 0.6992 0.0000
vt 0.3075 0.6992 0.0000
vt 0.3258 0.6901 0.0000
vt 0.3349 0.6901 0.0000
vt 0.3349 0.6992 0.0000
vt 0.3258 0.6992 0.0000
vt 0.3441 0.6901 0.0000
vt 0.3532 0.6901 0.0000
vt 0.3532 0.6992 0.0000
vt 0.3441 0.6992 0.0000
vt 0.2891 0.7084 0.0000
vt 0.2800 0.7084 0.0000
vt 0.2983 0.7084 0.0000
vt 0.2983 0.7175 0.0000
vt 0.2891 0.7175 0.0000
vt 0.2800 0.7175 0.0000
vt 0.3075 0.7084 0.0000
vt 0.3166 0.7084 0.0000
vt 0.3166 0.7175 0.0000
vt 0.3075 0.7175 0.0000
vt 0.3258 0.7084 0.0000
vt 0.3349 0.7084 0.0000
vt 0.3349 0.7175 0.0000
vt 0.3258 0.7175 0.0000
vt 0.3441 0.7084 0.0000
vt 0.3532 0.7084 0.0000
vt 0.3532 0.7175 0.0000
vt 0.3441 0.7175 0.0000
vt 0.4082 0.6443 0.0000
vt 0.4173 0.6443 0.0000
vt 0.4173 0.6534 0.0000
vt 0.4082 0.6534 0.0000
vt 0.4265 0.6443 0.0000
vt 0.4265 0.6534 0.0000
vt 0.4265 0.6626 0.0000
vt 0.4173 0.6626 0.0000
vt 0.4082 0.6626 0.0000
vt 0.4173 0.6717 0.0000
vt 0.4082 0.6717 0.0000
vt 0.4265 0.6717 0.0000
vt 0.4265 0.6809 0.0000
vt 0.4173 0.6809 0.0000
vt 0.4082 0.6809 0.0000
vt 0.4173 0.6901 0.0000
vt 0.4082 0.6901 0.0000
vt 0.4265 0.6901 0.0000
vt 0.4265 0.6992 0.0000
vt 0.4173 0.6992 0.0000
vt 0.4082 0.6992 0.0000
vt 0.4173 0.7084 0.0000
vt 0.4082 0.7084 0.0000
vt 0.4265 0.7084 0.0000
vt 0.4265 0.7175 0.0000
vt 0.4173 0.7175 0.0000
vt 0.4082 0.7175 0.0000
vt 0.3899 0.6443 0.0000
vt 0.3990 0.6443 0.0000
vt 0.3990 0.6534 0.0000
vt 0.3899 0.6534 0.0000
vt 0.3990 0.6626 0.0000
vt 0.3899 0.6626 0.0000
vt 0.3990 0.6717 0.0000
vt 0.3899 0.6717 0.0000
vt 0.3990 0.6809 0.0000
vt 0.3899 0.6809 0.0000
vt 0.3990 0.6901 0.0000
vt 0.3899 0.6901 0.0000
vt 0.3990 0.6992 0.0000
vt 0.3899 0.6992 0.0000
vt 0.3990 0.7084 0.0000
vt 0.3899 0.7084 0.0000
vt 0.3990 0.7175 0.0000
vt 0.3899 0.7175 0.0000
vt 0.3716 0.6443 0.0000
vt 0.3807 0.6443 0.0000
vt 0.3807 0.6534 0.0000
vt 0.3716 0.6534 0.0000
vt 0.3807 0.6626 0.0000
vt 0.3716 0.6626 0.0000
vt 0.3807 0.6717 0.0000
vt 0.3716 0.6717 0.0000
vt 0.3807 0.6809 0.0000
vt 0.3716 0.6809 0.0000
vt 0.3807 0.6901 0.0000
vt 0.3716 0.6901 0.0000
vt 0.3807 0.6992 0.0000
vt 0.3716 0.6992 0.0000
vt 0.3807 0.7084 0.0000
vt 0.3716 0.7084 0.0000
vt 0.3807 0.7175 0.0000
vt 0.3716 0.7175 0.0000
vt 0.3624 0.6443 0.0000
vt 0.3624 0.6534 0.0000
vt 0.3624 0.6626 0.0000
vt 0.3624 0.6717 0.0000
vt 0.3624 0.6809 0.0000
vt 0.3624 0.6901 0.0000
vt 0.3624 0.6992 0.0000
vt 0.3624 0.7084 0.0000
vt 0.3624 0.7175 0.0000
vt 0.4265 0.7908 0.0000
vt 0.4173 0.7908 0.0000
vt 0.4173 0.7816 0.0000
vt 0.4265 0.7816 0.0000
vt 0.4082 0.7908 0.0000
vt 0.4082 0.7816 0.0000
vt 0.4082 0.7725 0.0000
vt 0.4173 0.7725 0.0000
vt 0.4265 0.7725 0.0000
vt 0.3990 0.7908 0.0000
vt 0.3990 0.7816 0.0000
vt 0.3899 0.7908 0.0000
vt 0.3899 0.7816 0.0000
vt 0.3899 0.7725 0.0000
vt 0.3990 0.7725 0.0000
vt 0.3807 0.7908 0.0000
vt 0.3807 0.7816 0.0000
vt 0.3716 0.7908 0.0000
vt 0.3716 0.7816 0.0000
vt 0.3716 0.7725 0.0000
vt 0.3807 0.7725 0.0000
vt 0.3624 0.7908 0.0000
vt 0.3624 0.7816 0.0000
vt 0.3532 0.7908 0.0000
vt 0.3532 0.7816 0.0000
vt 0.3532 0.7725 0.0000
vt 0.3624 0.7725 0.0000
vt 0.4173 0.7633 0.0000
vt 0.4265 0.7633 0.0000
vt 0.4082 0.7633 0.0000
vt 0.4082 0.7542 0.0000
vt 0.4173 0.7542 0.0000
vt 0.4265 0.7542 0.0000
vt 0.3990 0.7633 0.0000
vt 0.3899 0.7633 0.0000
vt 0.3899 0.7542 0.0000
vt 0.3990 0.7542 0.0000
vt 0.3807 0.7633 0.0000
vt 0.3716 0.7633 0.0000
vt 0.3716 0.7542 0.0000
vt 0.3807 0.7542 0.0000
vt 0.3624 0.7633 0.0000
vt 0.3532 0.7633 0.0000
vt 0.3532 0.7542 0.0000
vt 0.3624 0.7542 0.0000
vt 0.4173 0.7450 0.0000
vt 0.4265 0.7450 0.0000
vt 0.4082 0.7450 0.0000
vt 0.4082 0.7358 0.0000
vt 0.4173 0.7358 0.0000
vt 0.4265 0.7358 0.0000
vt 0.3990 0.7450 0.0000
vt 0.3899 0.7450 0.0000
vt 0.3899 0.7358 0.0000
vt 0.3990 0.7358 0.0000
vt 0.3807 0.7450 0.0000
vt 0.3716 0.7450 0.0000
vt 0.3716 0.7358 0.0000
vt 0.3807 0.7358 0.0000
vt 0.3624 0.7450 0.0000
vt 0.3532 0.7450 0.0000
vt 0.3532 0.7358 0.0000
vt 0.3624 0.7358 0.0000
vt 0.4173 0.7267 0.0000
vt 0.4265 0.7267 0.0000
vt 0.4082 0.7267 0.0000
vt 0.3990 0.7267 0.0000
vt 0.3899 0.7267 0.0000
vt 0.3807 0.7267 0.0000
vt 0.3716 0.7267 0.0000
vt 0.3624 0.7267 0.0000
vt 0.3532 0.7267 0.0000
vt 0.2983 0.7908 0.0000
vt 0.2891 0.7908 0.0000
vt 0.2891 0.7816 0.0000
vt 0.2983 0.7816 0.0000
vt 0.2800 0.7908 0.0000
vt 0.2800 0.7816 0.0000
vt 0.2800 0.7725 0.0000
vt 0.2891 0.7725 0.0000
vt 0.2983 0.7725 0.0000
vt 0.2891 0.7633 0.0000
vt 0.2983 0.7633 0.0000
vt 0.2800 0.7633 0.0000
vt 0.2800 0.7542 0.0000
vt 0.2891 0.7542 0.0000
vt 0.2983 0.7542 0.0000
vt 0.2891 0.7450 0.0000
vt 0.2983 0.7450 0.0000
vt 0.2800 0.7450 0.0000
vt 0.2800 0.7358 0.0000
vt 0.2891 0.7358 0.0000
vt 0.2983 0.7358 0.0000
vt 0.2891 0.7267 0.0000
vt 0.2983 0.7267 0.0000
vt 0.2800 0.7267 0.0000
vt 0.3166 0.7908 0.0000
vt 0.3075 0.7908 0.0000
vt 0.3075 0.7816 0.0000
vt 0.3166 0.7816 0.0000
vt 0.3075 0.7725 0.0000
vt 0.3166 0.7725 0.0000
vt 0.3075 0.7633 0.0000
vt 0.3166 0.7633 0.0000
vt 0.3075 0.7542 0.0000
vt 0.3166 0.7542 0.0000
vt 0.3075 0.7450 0.0000
vt 0.3166 0.7450 0.0000
vt 0.3075 0.7358 0.0000
vt 0.3166 0.7358 0.0000
vt 0.3075 0.7267 0.0000
vt 0.3166 0.7267 0.0000
vt 0.3349 0.7908 0.0000
vt 0.3258 0.7908 0.0000
vt 0.3258 0.7816 0.0000
vt 0.3349 0.7816 0.0000
vt 0.3258 0.7725 0.0000
vt 0.3349 0.7725 0.0000
vt 0.3258 0.7633 0.0000
vt 0.3349 0.7633 0.0000
vt 0.3258 0.7542 0.0000
vt 0.3349 0.7542 0.0000
vt 0.3258 0.7450 0.0000
vt 0.3349 0.7450 0.0000
vt 0.3258 0.7358 0.0000
vt 0.3349 0.7358 0.0000
vt 0.3258 0.7267 0.0000
vt 0.3349 0.7267 0.0000
vt 0.3441 0.7908 0.0000
vt 0.3441 0.7816 0.0000
vt 0.3441 0.7725 0.0000
vt 0.3441 0.7633 0.0000
vt 0.3441 0.7542 0.0000
vt 0.3441 0.7450 0.0000
vt 0.3441 0.7358 0.0000
vt 0.3441 0.7267 0.0000
# 4330 texture coords

o hydra_base_station
g hydra_base_station
usemtl hydra_base_station
s 1
f 1/1/1 2/2/1 3/3/2 4/4/2 
f 4/4/2 3/3/2 5/5/3 6/6/3 
f 7/7/4 8/8/4 9/9/5 10/10/5 
f 6/6/3 5/5/3 8/8/4 7/7/4 
f 11/11/6 12/12/6 13/13/7 14/14/7 
f 14/14/7 13/13/7 15/15/8 16/16/8 
f 17/17/9 18/18/9 2/2/1 1/1/1 
f 16/16/8 15/15/8 18/18/9 17/17/9 
f 19/19/10 20/20/10 21/21/11 22/22/11 
f 22/22/11 21/21/11 23/23/12 24/24/12 
f 25/25/13 26/26/13 12/12/6 11/11/6 
f 24/24/12 23/23/12 26/26/13 25/25/13 
f 27/27/14 28/28/14 29/29/15 30/30/15 
f 30/30/15 29/29/15 31/31/16 32/32/16 
f 33/33/17 34/34/17 20/20/10 19/19/10 
f 32/32/16 31/31/16 34/34/17 33/33/17 
f 35/35/18 36/36/18 37/37/19 38/38/19 
f 38/38/19 37/37/19 39/39/20 40/40/20 
f 41/41/21 42/42/21 28/28/14 27/27/14 
f 40/40/20 39/39/20 42/42/21 41/41/21 
f 43/43/22 44/44/22 45/45/23 46/46/23 
f 46/46/23 45/45/23 47/47/24 48/48/24 
f 49/49/25 50/50/25 36/36/18 35/35/18 
f 48/48/24 47/47/24 50/50/25 49/49/25 
s 4
f 51/51/26 52/52/26 53/53/27 54/54/28 
f 55/55/29 56/56/30 57/57/31 58/58/31 
f 58/58/31 57/57/31 59/59/32 60/60/33 
f 61/61/34 62/62/35 63/63/36 64/64/37 
f 64/64/37 63/63/36 60/60/33 59/59/32 
f 65/65/38 66/66/39 67/67/40 68/68/38 
f 67/67/40 66/66/39 69/69/41 70/70/42 
f 56/56/30 55/55/29 71/71/43 72/72/44 
f 72/72/44 71/71/43 70/70/42 69/69/41 
f 73/73/45 74/74/46 75/75/47 76/76/48 
f 76/76/48 75/75/47 77/77/49 78/78/50 
f 79/79/51 80/80/51 81/81/52 82/82/53 
f 82/82/53 81/81/52 78/78/50 77/77/49 
f 83/83/54 84/84/55 85/85/56 86/86/57 
f 86/86/57 85/85/56 87/87/58 
f 74/74/46 73/73/45 88/88/59 89/89/60 
f 88/88/59 90/90/61 89/89/60 
f 91/91/62 92/92/62 93/93/63 94/94/64 
f 94/94/64 93/93/63 95/95/65 96/96/66 
f 84/84/55 83/83/54 97/97/67 98/98/68 
f 98/98/68 97/97/67 96/96/66 95/95/65 
f 99/99/69 100/100/69 101/101/70 102/102/71 
f 102/102/71 101/101/70 103/103/72 104/104/72 
f 105/105/73 106/106/73 107/107/74 108/108/74 
f 104/104/72 103/103/72 106/106/73 105/105/73 
f 108/108/74 107/107/74 109/109/75 110/110/75 
f 110/110/75 109/109/75 111/111/76 112/112/76 
f 113/113/77 114/114/77 115/115/78 116/116/78 
f 112/112/76 111/111/76 114/114/77 113/113/77 
f 116/116/78 115/115/78 117/117/79 118/118/79 
f 118/118/79 117/117/79 119/119/80 120/120/80 
f 121/121/81 122/122/82 123/123/83 124/124/83 
f 120/120/80 119/119/80 122/122/82 121/121/81 
f 124/124/83 123/123/83 125/125/84 126/126/85 
f 126/126/85 125/125/84 127/127/86 128/128/86 
f 129/129/87 130/130/87 131/131/88 132/132/88 
f 128/128/86 127/127/86 130/130/87 129/129/87 
f 132/132/88 131/131/88 133/133/89 134/134/89 
f 134/134/89 133/133/89 135/135/90 136/136/90 
f 137/137/91 138/138/91 139/139/92 140/140/92 
f 136/136/90 135/135/90 138/138/91 137/137/91 
f 140/140/92 139/139/92 141/141/93 142/142/93 
f 142/142/93 141/141/93 143/143/94 144/144/94 
f 145/145/95 146/146/96 147/147/97 148/148/97 
f 144/144/94 143/143/94 146/146/96 145/145/95 
s 2
f 149/149/98 1/150/98 4/151/99 150/152/99 
f 150/152/99 4/151/99 6/153/100 151/154/101 
f 10/155/102 152/156/102 153/157/103 7/158/104 
f 7/158/104 153/157/103 154/159/105 
f 155/160/106 11/161/106 14/162/107 156/163/108 
f 156/163/108 14/162/107 16/164/109 157/165/109 
f 1/150/98 149/149/98 158/166/110 17/167/111 
f 17/167/111 158/166/110 157/165/109 16/164/109 
f 159/168/112 19/169/112 22/170/113 160/171/114 
f 160/171/114 22/170/113 24/172/115 161/173/115 
f 11/161/106 155/160/106 162/174/116 25/175/116 
f 25/175/116 162/174/116 161/173/115 24/172/115 
f 163/176/117 27/177/117 30/178/118 164/179/118 
f 164/179/118 30/178/118 32/180/119 165/181/119 
f 19/169/112 159/168/112 166/182/120 33/183/121 
f 33/183/121 166/182/120 165/181/119 32/180/119 
f 167/184/122 35/185/122 38/186/123 168/187/124 
f 168/187/124 38/186/123 40/188/125 169/189/125 
f 27/177/117 163/176/117 170/190/126 41/191/127 
f 41/191/127 170/190/126 169/189/125 40/188/125 
f 171/192/128 43/193/128 46/194/129 172/195/130 
f 172/195/130 46/194/129 48/196/131 173/197/131 
f 35/185/122 167/184/122 174/198/132 49/199/132 
f 49/199/132 174/198/132 173/197/131 48/196/131 
s 1
f 99/200/133 102/201/133 175/202/133 
f 102/201/133 104/203/133 175/202/133 
f 108/204/133 175/202/133 105/205/133 
f 105/205/133 175/202/133 104/203/133 
f 108/204/133 110/206/133 175/202/133 
f 110/206/133 112/207/133 175/202/133 
f 116/208/133 175/202/133 113/209/133 
f 113/209/133 175/202/133 112/207/133 
f 116/208/133 118/210/133 175/202/133 
f 118/210/133 120/211/133 175/202/133 
f 124/212/133 175/202/133 121/213/133 
f 121/213/133 175/202/133 120/211/133 
f 124/212/133 126/214/133 175/202/133 
f 126/214/133 128/215/133 175/202/133 
f 132/216/133 175/202/133 129/217/133 
f 129/217/133 175/202/133 128/215/133 
f 132/216/133 134/218/133 175/202/133 
f 134/218/133 136/219/133 175/202/133 
f 140/220/133 175/202/133 137/221/133 
f 137/221/133 175/202/133 136/219/133 
f 140/220/133 142/222/133 175/202/133 
f 142/222/133 144/223/133 175/202/133 
f 148/224/133 175/202/133 145/225/133 
f 145/225/133 175/202/133 144/223/133 
s 2
f 176/226/134 177/227/135 178/228/136 179/229/137 
f 179/229/137 178/228/136 180/230/138 181/231/139 
f 182/232/140 183/233/141 184/234/142 185/235/143 
f 181/231/139 180/230/138 183/233/141 182/232/140 
f 186/236/144 187/237/145 188/238/146 
f 187/237/145 189/239/147 190/240/148 191/241/149 
f 192/242/150 193/243/151 194/244/152 195/245/153 
f 195/245/153 194/244/152 196/246/154 197/247/155 
f 198/248/156 199/249/157 200/250/158 
f 197/247/155 196/246/154 201/251/159 198/252/156 
f 202/253/160 203/254/161 204/255/162 205/256/163 
f 205/256/163 204/255/162 206/257/164 207/258/165 
f 208/259/166 209/260/167 193/243/151 192/242/150 
f 207/258/165 206/257/164 209/260/167 208/259/166 
f 210/261/168 211/262/168 212/263/169 213/264/170 
f 213/264/170 212/263/169 214/265/171 215/266/172 
f 216/267/173 217/268/174 218/269/175 219/270/176 
f 215/266/172 214/265/171 217/268/174 216/267/173 
s 1
f 220/271/177 221/272/178 222/273/179 223/274/180 
f 223/274/180 222/273/179 224/275/181 225/276/182 
f 226/277/183 227/278/184 228/279/185 229/280/185 
f 225/276/182 224/275/181 227/278/184 226/277/183 
f 230/281/186 231/282/187 232/283/188 233/284/189 
f 233/284/189 232/283/188 234/285/190 235/286/191 
f 236/287/192 237/288/193 221/272/178 220/271/177 
f 235/286/191 234/285/190 237/288/193 236/287/192 
f 238/289/194 239/290/195 240/291/196 241/292/197 
f 241/292/197 240/291/196 242/293/198 243/294/199 
f 244/295/200 245/296/201 231/282/187 230/281/186 
f 243/294/199 242/293/198 245/296/201 244/295/200 
f 246/297/202 247/298/203 248/299/204 249/300/204 
f 249/300/204 248/299/204 250/301/205 251/302/206 
f 252/303/207 253/304/208 239/290/195 238/289/194 
f 251/302/206 250/301/205 253/304/208 252/303/207 
f 254/305/209 255/306/210 256/307/211 257/308/212 
f 257/308/212 256/307/211 258/309/213 259/310/213 
f 260/311/214 261/312/215 247/298/203 246/297/202 
f 259/310/213 258/309/213 261/312/215 260/311/214 
f 262/313/216 263/314/216 264/315/217 265/316/218 
f 265/316/218 264/315/217 266/317/219 267/318/220 
f 268/319/221 269/320/222 255/306/210 254/305/209 
f 267/318/220 266/317/219 269/320/222 268/319/221 
s 2
f 270/321/223 220/322/224 223/323/225 271/324/225 
f 271/324/225 223/323/225 225/325/226 272/326/226 
f 273/327/227 226/328/227 229/329/228 274/330/228 
f 272/326/226 225/325/226 226/328/227 273/327/227 
f 275/331/229 230/332/229 233/333/230 276/334/231 
f 276/334/231 233/333/230 235/335/232 277/336/233 
f 278/337/234 236/338/235 220/322/224 270/321/223 
f 277/336/233 235/335/232 236/338/235 278/337/234 
f 279/339/236 238/340/237 241/341/238 280/342/239 
f 280/342/239 241/341/238 243/343/240 281/344/241 
f 282/345/242 244/346/243 230/332/229 275/331/229 
f 281/344/241 243/343/240 244/346/243 282/345/242 
f 283/347/244 246/348/244 249/349/245 284/350/245 
f 284/350/245 249/349/245 251/351/246 285/352/246 
f 286/353/247 252/354/248 238/340/237 279/339/236 
f 285/352/246 251/351/246 252/354/248 286/353/247 
f 287/355/249 254/356/249 257/357/250 288/358/251 
f 288/358/251 257/357/250 259/359/252 289/360/252 
f 290/361/253 260/362/253 246/348/244 283/347/244 
f 289/360/252 259/359/252 260/362/253 290/361/253 
f 291/363/254 262/364/254 265/365/255 292/366/256 
f 292/366/256 265/365/255 267/367/257 293/368/258 
f 294/369/259 268/370/259 254/356/249 287/355/249 
f 293/368/258 267/367/257 268/370/259 294/369/259 
s 1
f 295/371/260 270/372/260 271/373/261 296/374/261 
f 296/374/261 271/373/261 272/375/262 297/376/262 
f 298/377/262 273/378/262 274/379/262 299/380/262 
f 297/376/262 272/375/262 273/378/262 298/377/262 
f 300/381/263 275/382/263 276/383/264 301/384/264 
f 301/384/264 276/383/264 277/385/265 302/386/265 
f 303/387/266 278/388/267 270/372/260 295/371/260 
f 302/386/265 277/385/265 278/388/267 303/387/266 
f 304/389/268 279/390/268 280/391/269 305/392/269 
f 305/392/269 280/391/269 281/393/270 306/394/270 
f 307/395/271 282/396/271 275/382/263 300/381/263 
f 306/394/270 281/393/270 282/396/271 307/395/271 
f 308/397/262 283/398/262 284/399/262 309/400/262 
f 309/400/262 284/399/262 285/401/262 310/402/262 
f 311/403/272 286/404/272 279/390/268 304/389/268 
f 310/402/262 285/401/262 286/404/272 311/403/272 
f 312/405/262 287/406/262 288/407/262 313/408/262 
f 313/408/262 288/407/262 289/409/262 314/410/262 
f 315/411/262 290/412/262 283/398/262 308/397/262 
f 314/410/262 289/409/262 290/412/262 315/411/262 
f 316/413/262 291/414/262 292/415/262 317/416/262 
f 317/416/262 292/415/262 293/417/262 318/418/262 
f 319/419/262 294/420/262 287/406/262 312/405/262 
f 318/418/262 293/417/262 294/420/262 319/419/262 
f 320/421/273 321/422/274 322/423/275 323/424/276 
f 55/55/277 58/58/278 324/425/279 325/426/280 
f 58/58/278 60/60/281 326/427/282 324/425/279 
f 327/428/283 328/429/284 329/430/285 330/431/286 
f 328/429/284 331/432/287 326/427/282 329/430/285 
f 68/68/288 67/67/289 332/433/290 333/434/291 
f 67/67/289 70/70/292 334/435/293 332/433/290 
f 335/436/294 336/437/295 337/438/296 325/426/280 
f 336/437/295 338/439/297 334/435/293 337/438/296 
f 73/73/298 76/76/299 339/440/300 340/441/301 
f 76/76/299 78/78/302 341/442/303 339/440/300 
f 342/443/304 343/444/305 344/445/306 345/446/307 
f 343/444/305 346/447/308 341/442/303 344/445/306 
f 83/83/309 86/86/310 347/448/311 348/449/312 
f 86/86/310 87/87/313 349/450/314 347/448/311 
f 350/451/315 351/452/316 352/453/317 340/441/301 
f 351/452/316 353/454/318 354/455/319 352/453/317 
f 91/91/320 94/94/321 355/456/322 356/457/323 
f 94/94/321 96/96/324 357/458/325 355/456/322 
f 358/459/326 359/460/327 360/461/328 348/449/312 
f 359/460/327 361/462/329 357/458/325 360/461/328 
s 2
f 219/270/176 218/269/175 362/463/330 363/464/331 
f 363/464/331 362/463/330 364/465/332 365/466/333 
f 366/467/334 367/468/335 203/254/161 202/253/160 
f 365/466/333 364/465/332 367/468/335 366/467/334 
s 1
f 184/469/336 183/470/337 368/471/338 369/472/339 
f 183/470/337 370/473/340 368/471/338 
f 335/436/294 371/474/341 372/475/342 373/476/343 
f 371/474/341 331/432/287 374/477/344 372/475/342 
f 177/478/345 375/479/346 376/480/347 377/481/348 
f 375/479/346 378/482/349 374/477/344 376/480/347 
f 379/483/350 380/484/351 381/485/352 382/486/353 
f 380/484/351 338/439/297 383/487/354 381/485/352 
f 384/488/355 385/489/356 386/490/357 373/476/343 
f 385/489/356 387/491/358 383/487/354 386/490/357 
f 350/451/315 388/492/359 389/493/360 390/494/361 
f 388/492/359 346/447/308 391/495/362 389/493/360 
f 392/496/363 201/497/364 393/498/365 394/499/366 
f 201/497/364 196/500/367 391/495/362 393/498/365 
f 358/459/326 395/501/368 396/502/369 397/503/370 
f 395/501/368 398/504/371 399/505/372 396/502/369 
f 209/506/373 400/507/374 390/494/361 193/508/375 
f 351/452/316 400/507/374 401/509/376 353/454/318 
f 402/510/377 403/511/378 404/512/379 405/513/380 
f 403/511/378 361/462/329 406/514/381 404/512/379 
f 218/515/382 217/516/383 407/517/384 397/503/370 
f 217/516/383 214/518/385 406/514/381 407/517/384 
s 2
f 375/519/386 177/227/135 408/520/387 
s 1
f 87/87/313 409/521/388 410/522/389 349/450/314 
f 353/454/318 411/523/390 410/522/389 354/455/319 
f 398/504/371 411/523/390 412/524/391 399/505/372 
f 353/454/318 401/509/376 412/524/391 411/523/390 
s 4
f 87/87/58 85/85/56 413/525/392 409/521/393 
f 89/89/60 90/90/61 409/521/393 413/525/392 
s 2
f 408/520/387 177/227/135 176/226/134 
f 414/526/394 375/519/386 408/520/387 
f 384/527/395 415/528/396 416/529/397 385/530/398 
f 385/530/398 416/529/397 417/531/399 387/532/400 
f 415/528/396 418/533/401 419/534/402 416/529/397 
f 416/529/397 419/534/402 190/240/148 417/531/399 
f 420/535/403 421/536/404 422/537/405 423/538/406 
f 421/536/404 419/534/402 418/533/401 422/537/405 
f 424/539/407 191/241/149 421/536/404 420/535/403 
f 191/241/149 190/240/148 419/534/402 421/536/404 
f 384/527/395 425/540/408 426/541/409 415/528/396 
f 415/528/396 426/541/409 427/542/410 418/533/401 
f 425/540/408 428/543/411 429/544/412 426/541/409 
f 426/541/409 429/544/412 430/545/413 427/542/410 
f 422/537/405 431/546/414 432/547/415 423/538/406 
f 431/546/414 433/548/416 434/549/417 432/547/415 
f 418/533/401 427/542/410 431/546/414 422/537/405 
f 427/542/410 430/545/413 433/548/416 431/546/414 
f 435/550/418 436/551/419 437/552/420 438/553/421 
f 438/553/421 437/552/420 439/554/422 440/555/423 
f 434/549/417 433/548/416 437/552/420 436/551/419 
f 437/552/420 433/548/416 430/545/413 439/554/422 
f 441/556/424 442/557/425 443/558/426 444/559/427 
f 442/557/425 429/544/412 428/543/411 443/558/426 
f 440/555/423 439/554/422 442/557/425 441/556/424 
f 439/554/422 430/545/413 429/544/412 442/557/425 
f 375/519/386 445/560/428 378/561/429 
f 384/527/395 446/562/430 425/540/408 
f 446/562/430 447/563/431 428/543/411 425/540/408 
f 378/561/429 448/564/432 447/563/431 
f 444/559/427 448/564/432 449/565/433 
f 449/565/433 445/560/428 414/526/394 
f 443/558/426 428/543/411 447/563/431 448/564/432 
f 378/561/429 447/563/431 446/562/430 
f 190/240/148 189/239/147 450/566/434 417/531/399 
f 417/531/399 450/566/434 451/567/435 387/532/400 
f 450/566/434 452/568/436 451/567/435 
f 199/249/157 201/569/159 392/570/437 
f 189/239/147 186/236/144 450/566/434 
f 445/560/428 375/519/386 414/526/394 
s 4
f 453/571/438 454/572/439 455/573/440 456/574/441 
f 454/572/439 457/575/442 458/576/443 455/573/440 
f 456/574/441 455/573/440 459/577/444 460/578/445 
f 455/573/440 458/576/443 461/579/446 459/577/444 
f 462/580/447 463/581/448 464/582/449 465/583/450 
f 465/583/450 464/582/449 466/584/451 467/585/452 
f 457/575/442 462/580/447 465/583/450 458/576/443 
f 458/576/443 465/583/450 467/585/452 461/579/446 
f 468/586/453 469/587/454 470/588/455 471/589/456 
f 469/587/454 472/590/457 473/591/458 470/588/455 
f 471/589/456 470/588/455 467/585/452 466/584/451 
f 470/588/455 473/591/458 461/579/446 467/585/452 
f 474/592/459 475/593/460 476/594/461 477/595/462 
f 477/595/462 476/594/461 460/578/445 459/577/444 
f 472/590/457 474/592/459 477/595/462 473/591/458 
f 473/591/458 477/595/462 459/577/444 461/579/446 
f 463/581/448 478/596/463 479/597/464 464/582/449 
f 478/596/463 480/598/465 481/599/466 479/597/464 
f 464/582/449 479/597/464 482/600/467 466/584/451 
f 479/597/464 481/599/466 483/601/468 482/600/467 
f 484/602/469 485/603/470 486/604/471 487/605/472 
f 487/605/472 486/604/471 488/606/473 489/607/474 
f 480/598/465 484/602/469 487/605/472 481/599/466 
f 481/599/466 487/605/472 489/607/474 483/601/468 
f 490/608/475 491/609/476 492/610/477 493/611/478 
f 491/609/476 494/612/479 495/613/480 492/610/477 
f 493/611/478 492/610/477 489/607/474 488/606/473 
f 492/610/477 495/613/480 483/601/468 489/607/474 
f 496/614/481 468/586/453 497/615/482 
f 497/615/482 471/589/456 466/584/451 482/600/467 
f 494/612/479 496/614/481 497/615/482 495/613/480 
f 495/613/480 497/615/482 482/600/467 483/601/468 
f 498/616/483 499/617/484 500/618/485 501/619/483 
f 499/617/484 502/620/486 503/621/487 500/618/485 
f 501/619/483 500/618/485 504/622/488 505/623/483 
f 500/618/485 503/621/487 506/624/489 504/622/488 
f 507/625/490 508/626/491 509/627/492 510/628/493 
f 510/628/493 509/627/492 511/629/494 512/630/495 
f 502/620/486 507/625/490 510/628/493 503/621/487 
f 503/621/487 510/628/493 512/630/495 506/624/489 
f 513/631/496 514/632/497 515/633/498 516/634/499 
f 514/632/497 517/635/500 518/636/501 515/633/498 
f 516/634/499 515/633/498 512/630/495 511/629/494 
f 515/633/498 518/636/501 506/624/489 512/630/495 
f 519/637/502 520/638/483 521/639/503 522/640/504 
f 522/640/504 521/639/503 505/623/483 504/622/488 
f 517/635/500 519/637/502 522/640/504 518/636/501 
f 518/636/501 522/640/504 504/622/488 506/624/489 
f 508/626/491 523/641/505 524/642/506 509/627/492 
f 523/641/505 525/643/507 526/644/508 524/642/506 
f 509/627/492 524/642/506 527/645/509 511/629/494 
f 524/642/506 526/644/508 528/646/510 527/645/509 
f 529/647/511 530/648/512 531/649/513 532/650/514 
f 532/650/514 531/649/513 533/651/515 534/652/516 
f 525/643/507 529/647/511 532/650/514 526/644/508 
f 526/644/508 532/650/514 534/652/516 528/646/510 
f 535/653/517 536/654/518 537/655/519 538/656/520 
f 536/654/518 539/657/521 540/658/522 537/655/519 
f 538/656/520 537/655/519 534/652/516 533/651/515 
f 537/655/519 540/658/522 528/646/510 534/652/516 
f 541/659/523 542/660/524 543/661/525 544/662/526 
f 544/662/526 543/661/525 545/663/527 546/664/528 
f 539/657/521 541/659/523 544/662/526 540/658/522 
f 540/658/522 544/662/526 546/664/528 528/646/510 
f 513/631/496 516/634/499 547/665/529 548/666/530 
f 516/634/499 511/629/494 527/645/509 547/665/529 
f 548/666/530 547/665/529 546/664/528 545/663/527 
f 547/665/529 527/645/509 528/646/510 546/664/528 
f 549/667/531 550/668/532 551/669/533 552/670/534 
f 550/668/532 553/671/535 554/672/536 551/669/533 
f 552/670/534 551/669/533 555/673/537 556/674/538 
f 551/669/533 554/672/536 557/675/539 555/673/537 
f 558/676/540 453/571/438 456/574/441 559/677/541 
f 559/677/541 456/574/441 460/578/445 560/678/542 
f 553/671/535 558/676/540 559/677/541 554/672/536 
f 554/672/536 559/677/541 560/678/542 557/675/539 
f 475/593/460 561/679/543 562/680/544 476/594/461 
f 561/679/543 563/681/545 564/682/546 562/680/544 
f 476/594/461 562/680/544 560/678/542 460/578/445 
f 562/680/544 564/682/546 557/675/539 560/678/542 
f 565/683/547 535/653/517 566/684/548 567/685/549 
f 567/685/549 566/684/548 556/674/538 555/673/537 
f 563/681/545 565/683/547 567/685/549 564/682/546 
f 564/682/546 567/685/549 555/673/537 557/675/539 
f 485/603/470 568/686/550 569/687/551 570/688/552 
f 568/686/550 571/689/553 572/690/554 569/687/551 
f 570/688/552 569/687/551 573/691/555 574/692/556 
f 569/687/551 572/690/554 575/693/557 573/691/555 
f 576/694/558 577/695/559 578/696/560 579/697/561 
f 579/697/561 578/696/560 580/698/562 581/699/563 
f 571/689/553 576/694/558 579/697/561 572/690/554 
f 572/690/554 579/697/561 581/699/563 575/693/557 
f 582/700/564 583/701/565 584/702/566 585/703/567 
f 583/701/565 586/704/568 587/705/569 584/702/566 
f 585/703/567 584/702/566 581/699/563 580/698/562 
f 584/702/566 587/705/569 575/693/557 581/699/563 
f 588/706/570 589/707/571 590/708/572 591/709/573 
f 591/709/573 590/708/572 574/692/556 573/691/555 
f 586/704/568 588/706/570 591/709/573 587/705/569 
f 587/705/569 591/709/573 573/691/555 575/693/557 
f 468/586/453 496/614/481 592/710/574 469/587/454 
f 496/614/481 494/612/479 593/711/575 592/710/574 
f 469/587/454 592/710/574 594/712/576 472/590/457 
f 592/710/574 593/711/575 595/713/577 594/712/576 
f 491/609/476 490/608/475 596/714/578 597/715/579 
f 597/715/579 596/714/578 598/716/580 599/717/581 
f 494/612/479 491/609/476 597/715/579 593/711/575 
f 593/711/575 597/715/579 599/717/581 595/713/577 
f 600/718/582 601/719/583 602/720/584 603/721/585 
f 601/719/583 604/722/586 605/723/587 602/720/584 
f 603/721/585 602/720/584 599/717/581 598/716/580 
f 602/720/584 605/723/587 595/713/577 599/717/581 
f 606/724/588 475/593/460 474/592/459 607/725/589 
f 607/725/589 474/592/459 472/590/457 594/712/576 
f 604/722/586 606/724/588 607/725/589 605/723/587 
f 605/723/587 607/725/589 594/712/576 595/713/577 
f 475/593/460 606/724/588 608/726/590 561/679/543 
f 606/724/588 604/722/586 609/727/591 608/726/590 
f 561/679/543 608/726/590 610/728/592 563/681/545 
f 608/726/590 609/727/591 611/729/593 610/728/592 
f 601/719/583 600/718/582 612/730/594 613/731/595 
f 613/731/595 612/730/594 614/732/596 615/733/597 
f 604/722/586 601/719/583 613/731/595 609/727/591 
f 609/727/591 613/731/595 615/733/597 611/729/593 
f 542/660/524 541/659/523 616/734/598 617/735/599 
f 541/659/523 539/657/521 618/736/600 616/734/598 
f 617/735/599 616/734/598 615/733/597 614/732/596 
f 616/734/598 618/736/600 611/729/593 615/733/597 
f 536/654/518 535/653/517 565/683/547 619/737/601 
f 619/737/601 565/683/547 563/681/545 610/728/592 
f 539/657/521 536/654/518 619/737/601 618/736/600 
f 618/736/600 619/737/601 610/728/592 611/729/593 
f 620/738/602 621/739/603 622/740/604 623/741/605 
f 621/739/603 624/742/606 625/743/607 622/740/604 
f 623/741/605 622/740/604 626/744/608 627/745/609 
f 622/740/604 625/743/607 628/746/610 626/744/608 
f 629/747/611 228/748/612 227/749/613 630/750/614 
f 630/750/614 227/749/613 224/751/615 631/752/616 
f 624/742/606 629/747/611 630/750/614 625/743/607 
f 625/743/607 630/750/614 631/752/616 628/746/610 
f 221/753/617 632/754/618 633/755/619 222/756/620 
f 632/754/618 634/757/621 635/758/622 633/755/619 
f 222/756/620 633/755/619 631/752/616 224/751/615 
f 633/755/619 635/758/622 628/746/610 631/752/616 
f 636/759/623 589/707/571 637/760/624 638/761/625 
f 638/761/625 637/760/624 627/745/609 626/744/608 
f 634/757/621 636/759/623 638/761/625 635/758/622 
f 635/758/622 638/761/625 626/744/608 628/746/610 
f 513/631/496 639/762/626 640/763/627 514/632/497 
f 639/762/626 641/764/628 642/765/629 640/763/627 
f 514/632/497 640/763/627 643/766/630 517/635/500 
f 640/763/627 642/765/629 644/767/631 643/766/630 
f 645/768/632 255/769/633 269/770/634 646/771/635 
f 646/771/635 269/770/634 266/772/636 647/773/637 
f 641/764/628 645/768/632 646/771/635 642/765/629 
f 642/765/629 646/771/635 647/773/637 644/767/631 
f 263/774/638 648/775/639 649/776/640 264/777/641 
f 648/775/639 650/778/642 651/779/643 649/776/640 
f 264/777/641 649/776/640 647/773/637 266/772/636 
f 649/776/640 651/779/643 644/767/631 647/773/637 
f 652/780/644 520/638/483 519/637/502 653/781/645 
f 653/781/645 519/637/502 517/635/500 643/766/630 
f 650/778/642 652/780/644 653/781/645 651/779/643 
f 651/779/643 653/781/645 643/766/630 644/767/631 
f 542/660/524 654/782/646 655/783/647 543/661/525 
f 654/782/646 656/784/648 657/785/649 655/783/647 
f 543/661/525 655/783/647 658/786/650 545/663/527 
f 655/783/647 657/785/649 659/787/651 658/786/650 
f 660/788/652 247/789/653 261/790/654 661/791/655 
f 661/791/655 261/790/654 258/792/656 662/793/657 
f 656/784/648 660/788/652 661/791/655 657/785/649 
f 657/785/649 661/791/655 662/793/657 659/787/651 
f 255/769/633 645/768/632 663/794/658 256/795/659 
f 645/768/632 641/764/628 664/796/660 663/794/658 
f 256/795/659 663/794/658 662/793/657 258/792/656 
f 663/794/658 664/796/660 659/787/651 662/793/657 
f 639/762/626 513/631/496 548/666/530 665/797/661 
f 665/797/661 548/666/530 545/663/527 658/786/650 
f 641/764/628 639/762/626 665/797/661 664/796/660 
f 664/796/660 665/797/661 658/786/650 659/787/651 
f 490/608/475 666/798/662 667/799/663 596/714/578 
f 666/798/662 668/800/664 669/801/665 667/799/663 
f 596/714/578 667/799/663 670/802/666 598/716/580 
f 667/799/663 669/801/665 671/803/667 670/802/666 
f 672/804/668 231/805/669 245/806/670 673/807/671 
f 673/807/671 245/806/670 242/808/672 674/809/673 
f 668/800/664 672/804/668 673/807/671 669/801/665 
f 669/801/665 673/807/671 674/809/673 671/803/667 
f 239/810/674 675/811/675 676/812/676 240/813/677 
f 675/811/675 677/814/678 678/815/679 676/812/676 
f 240/813/677 676/812/676 674/809/673 242/808/672 
f 676/812/676 678/815/679 671/803/667 674/809/673 
f 679/816/680 600/718/582 603/721/585 680/817/681 
f 680/817/681 603/721/585 598/716/580 670/802/666 
f 677/814/678 679/816/680 680/817/681 678/815/679 
f 678/815/679 680/817/681 670/802/666 671/803/667 
f 600/718/582 679/816/680 681/818/682 612/730/594 
f 679/816/680 677/814/678 682/819/683 681/818/682 
f 612/730/594 681/818/682 683/820/684 614/732/596 
f 681/818/682 682/819/683 684/821/685 683/820/684 
f 675/811/675 239/810/674 253/822/686 685/823/687 
f 685/823/687 253/822/686 250/824/688 686/825/689 
f 677/814/678 675/811/675 685/823/687 682/819/683 
f 682/819/683 685/823/687 686/825/689 684/821/685 
f 247/789/653 660/788/652 687/826/690 248/827/691 
f 660/788/652 656/784/648 688/828/692 687/826/690 
f 248/827/691 687/826/690 686/825/689 250/824/688 
f 687/826/690 688/828/692 684/821/685 686/825/689 
f 654/782/646 542/660/524 617/735/599 689/829/693 
f 689/829/693 617/735/599 614/732/596 683/820/684 
f 656/784/648 654/782/646 689/829/693 688/828/692 
f 688/828/692 689/829/693 683/820/684 684/821/685 
f 589/707/571 636/759/623 690/830/694 691/831/695 
f 636/759/623 634/757/621 692/832/696 690/830/694 
f 691/831/695 690/830/694 693/833/697 694/834/698 
f 690/830/694 692/832/696 695/835/699 693/833/697 
f 632/754/618 221/753/617 237/836/700 696/837/701 
f 696/837/701 237/836/700 234/838/702 697/839/703 
f 634/757/621 632/754/618 696/837/701 692/832/696 
f 692/832/696 696/837/701 697/839/703 695/835/699 
f 231/805/669 672/804/668 698/840/704 232/841/705 
f 672/804/668 668/800/664 699/842/706 698/840/704 
f 232/841/705 698/840/704 697/839/703 234/838/702 
f 698/840/704 699/842/706 695/835/699 697/839/703 
f 666/798/662 490/608/475 700/843/707 701/844/708 
f 701/844/708 700/843/707 694/834/698 693/833/697 
f 668/800/664 666/798/662 701/844/708 699/842/706 
f 699/842/706 701/844/708 693/833/697 695/835/699 
f 582/700/564 702/845/709 703/846/710 583/701/565 
f 702/845/709 704/847/711 705/848/712 703/846/710 
f 583/701/565 703/846/710 706/849/713 586/704/568 
f 703/846/710 705/848/712 707/850/714 706/849/713 
f 708/851/715 709/852/716 710/853/717 711/854/718 
f 711/854/718 710/853/717 712/855/719 713/856/720 
f 704/847/711 708/851/715 711/854/718 705/848/712 
f 705/848/712 711/854/718 713/856/720 707/850/714 
f 620/738/602 623/741/605 714/857/721 715/858/722 
f 623/741/605 627/745/609 716/859/723 714/857/721 
f 715/858/722 714/857/721 713/856/720 712/855/719 
f 714/857/721 716/859/723 707/850/714 713/856/720 
f 637/760/624 589/707/571 588/706/570 717/860/724 
f 717/860/724 588/706/570 586/704/568 706/849/713 
f 627/745/609 637/760/624 717/860/724 716/859/723 
f 716/859/723 717/860/724 706/849/713 707/850/714 
f 485/603/470 570/688/552 718/861/725 486/604/471 
f 570/688/552 574/692/556 719/862/726 718/861/725 
f 486/604/471 718/861/725 720/863/727 488/606/473 
f 718/861/725 719/862/726 721/864/728 720/863/727 
f 590/708/572 589/707/571 691/831/695 722/865/729 
f 722/865/729 691/831/695 694/834/698 723/866/730 
f 574/692/556 590/708/572 722/865/729 719/862/726 
f 719/862/726 722/865/729 723/866/730 721/864/728 
f 490/608/475 493/611/478 724/867/731 700/843/707 
f 493/611/478 488/606/473 720/863/727 724/867/731 
f 700/843/707 724/867/731 723/866/730 694/834/698 
f 724/867/731 720/863/727 721/864/728 723/866/730 
f 530/648/512 725/868/732 726/869/733 531/649/513 
f 725/868/732 727/870/734 728/871/735 726/869/733 
f 531/649/513 726/869/733 729/872/736 533/651/515 
f 726/869/733 728/871/735 730/873/737 729/872/736 
f 731/874/738 549/667/531 552/670/534 732/875/739 
f 732/875/739 552/670/534 556/674/538 733/876/740 
f 727/870/734 731/874/738 732/875/739 728/871/735 
f 728/871/735 732/875/739 733/876/740 730/873/737 
f 535/653/517 538/656/520 734/877/741 566/684/548 
f 538/656/520 533/651/515 729/872/736 734/877/741 
f 566/684/548 734/877/741 733/876/740 556/674/538 
f 734/877/741 729/872/736 730/873/737 733/876/740 
s 2
f 45/878/133 44/879/133 147/880/133 146/881/133 
f 9/882/133 8/883/133 101/884/133 100/885/133 
f 8/883/133 5/886/133 103/887/133 101/884/133 
f 5/886/133 3/888/133 106/889/133 103/887/133 
f 3/888/133 2/890/133 107/891/133 106/889/133 
f 2/890/133 18/892/133 109/893/133 107/891/133 
f 18/892/133 15/894/133 111/895/133 109/893/133 
f 15/894/133 13/896/133 114/897/133 111/895/133 
f 13/896/133 12/898/133 115/899/133 114/897/133 
f 12/898/133 26/900/133 117/901/133 115/899/133 
f 26/900/133 23/902/133 119/903/133 117/901/133 
f 23/902/133 21/904/133 122/905/133 119/903/133 
f 21/904/133 20/906/133 123/907/133 122/905/133 
f 20/906/133 34/908/133 125/909/133 123/907/133 
f 34/908/133 31/910/133 127/911/133 125/909/133 
f 31/910/133 29/912/133 130/913/133 127/911/133 
f 29/912/133 28/914/133 131/915/133 130/913/133 
f 28/914/133 42/916/133 133/917/133 131/915/133 
f 42/916/133 39/918/133 135/919/133 133/917/133 
f 39/918/133 37/920/133 138/921/133 135/919/133 
f 37/920/133 36/922/133 139/923/133 138/921/133 
f 36/922/133 50/924/133 141/925/133 139/923/133 
f 50/924/133 47/926/133 143/927/133 141/925/133 
f 47/926/133 45/878/133 146/881/133 143/927/133 
s 1
f 324/425/279 371/474/341 335/436/294 325/426/280 
f 326/427/282 331/432/287 371/474/341 324/425/279 
f 329/430/285 63/63/742 62/62/743 330/431/286 
f 326/427/282 60/60/281 63/63/742 329/430/285 
f 332/433/290 380/484/351 379/483/350 333/434/291 
f 334/435/293 338/439/297 380/484/351 332/433/290 
f 337/438/296 71/71/744 55/55/277 325/426/280 
f 334/435/293 70/70/292 71/71/744 337/438/296 
f 339/440/300 388/492/359 350/451/315 340/441/301 
f 341/442/303 346/447/308 388/492/359 339/440/300 
f 344/445/306 81/81/745 80/80/746 345/446/307 
f 341/442/303 78/78/302 81/81/745 344/445/306 
f 347/448/311 395/501/368 358/459/326 348/449/312 
f 349/450/314 398/504/371 395/501/368 347/448/311 
f 352/453/317 88/88/747 73/73/298 340/441/301 
f 354/455/319 90/90/748 88/88/747 352/453/317 
f 355/456/322 403/511/378 402/510/377 356/457/323 
f 357/458/325 361/462/329 403/511/378 355/456/322 
f 360/461/328 97/97/749 83/83/309 348/449/312 
f 357/458/325 96/96/324 97/97/749 360/461/328 
f 410/522/389 411/523/390 398/504/371 349/450/314 
f 410/522/389 409/521/388 90/90/748 354/455/319 
f 735/928/750 178/929/751 177/478/345 377/481/348 
f 736/930/752 180/931/753 178/929/751 735/928/750 
f 368/471/338 321/422/274 320/421/273 369/472/339 
f 372/475/342 446/932/754 384/488/355 373/476/343 
f 374/477/344 378/482/349 446/932/754 372/475/342 
f 376/480/347 328/429/284 327/428/283 377/481/348 
f 374/477/344 331/432/287 328/429/284 376/480/347 
f 381/485/352 451/933/755 452/934/756 382/486/353 
f 383/487/354 387/491/358 451/933/755 381/485/352 
f 386/490/357 336/437/295 335/436/294 373/476/343 
f 383/487/354 338/439/297 336/437/295 386/490/357 
f 389/493/360 194/935/757 193/508/375 390/494/361 
f 391/495/362 196/500/367 194/935/757 389/493/360 
f 393/498/365 343/444/305 342/443/304 394/499/366 
f 391/495/362 346/447/308 343/444/305 393/498/365 
f 396/502/369 362/936/758 218/515/382 397/503/370 
f 399/505/372 364/937/759 362/936/758 396/502/369 
f 400/507/374 351/452/316 350/451/315 390/494/361 
f 400/507/374 209/506/373 206/938/760 401/509/376 
f 404/512/379 212/939/761 211/940/762 405/513/380 
f 406/514/381 214/518/385 212/939/761 404/512/379 
f 407/517/384 359/460/327 358/459/326 397/503/370 
f 406/514/381 361/462/329 359/460/327 407/517/384 
f 412/524/391 367/941/763 399/505/372 
f 401/509/376 204/942/764 412/524/391 
s 2
f 448/564/432 445/560/428 449/565/433 
f 378/561/429 445/560/428 448/564/432 
f 443/558/426 448/564/432 444/559/427 
s 1
f 367/941/763 364/937/759 399/505/372 
f 412/524/391 203/943/765 367/941/763 
f 204/942/764 203/943/765 412/524/391 
f 401/509/376 206/938/760 204/942/764 
f 737/944/766 738/945/766 739/946/766 740/947/766 
f 740/947/766 739/946/766 741/948/766 742/949/766 
s 4
f 743/950/767 62/62/35 744/951/768 
f 745/952/769 746/953/770 747/954/771 748/955/772 
s 5
f 53/53/27 749/956/773 54/54/28 
s 1
f 743/950/767 750/957/774 62/62/743 
s 5
f 751/958/775 752/959/776 750/957/774 743/950/767 
s 1
f 327/428/283 753/960/777 735/928/750 377/481/348 
f 753/960/777 754/961/778 736/930/752 735/928/750 
f 755/962/779 753/960/777 327/428/283 330/431/286 
f 756/963/780 754/961/778 753/960/777 755/962/779 
f 754/961/778 757/964/781 370/473/340 736/930/752 
s 2
f 323/965/782 322/966/783 739/967/784 738/968/133 
f 322/966/783 758/969/785 741/970/786 739/967/784 
f 749/971/787 53/972/788 740/973/789 742/974/790 
f 53/972/788 52/975/262 737/976/262 740/973/789 
f 741/970/786 758/969/785 759/977/791 760/978/792 
f 760/978/792 759/977/791 761/979/793 762/980/794 
f 762/980/794 761/979/793 763/981/795 764/982/796 
f 765/983/797 766/984/798 767/985/799 768/986/800 
f 768/986/800 767/985/799 769/987/801 770/988/802 
f 770/988/802 769/987/801 771/989/803 772/990/804 
f 766/984/798 765/983/797 773/991/805 774/992/806 
f 774/992/806 773/991/805 775/993/807 776/994/808 
f 776/994/808 775/993/807 764/982/796 763/981/795 
f 749/971/787 742/974/790 777/995/809 778/996/810 
f 778/996/810 777/995/809 779/997/811 780/998/812 
f 780/998/812 779/997/811 772/990/804 771/989/803 
s 5
f 758/999/813 322/423/275 321/422/274 
s 4
f 746/953/770 744/951/768 747/954/771 
s 5
f 780/1000/814 771/1001/815 746/953/770 
f 749/956/773 778/1002/816 781/1003/817 54/54/28 
f 767/1004/818 766/1005/819 752/959/776 751/958/775 
f 769/1006/820 767/1004/818 751/958/775 
f 771/1001/815 769/1006/820 782/1007/821 746/953/770 
s 2
f 6/153/100 7/158/104 154/159/105 
f 151/154/101 6/153/100 154/159/105 
s 5
f 778/1002/816 780/1000/814 781/1003/817 
f 780/1000/814 746/953/770 745/952/769 781/1003/817 
f 763/1008/822 761/1009/823 754/961/778 756/963/780 
f 776/1010/824 763/1008/822 756/963/780 
f 761/1009/823 757/964/781 754/961/778 
s 1
f 783/1011/825 756/963/780 755/962/779 
s 5
f 766/1005/819 774/1012/826 783/1011/825 
f 774/1012/826 776/1010/824 756/963/780 783/1011/825 
s 1
f 757/964/781 321/422/274 368/471/338 370/473/340 
s 5
f 761/1009/823 759/1013/827 757/964/781 
f 759/1013/827 758/999/813 757/964/781 
f 758/999/813 321/422/274 757/964/781 
s 4
f 748/955/772 747/954/771 61/61/34 
f 62/62/35 61/61/34 747/954/771 
s 1
f 755/962/779 330/431/286 62/62/743 
s 4
f 62/62/35 747/954/771 744/951/768 
s 1
f 750/957/774 755/962/779 62/62/743 
s 5
f 752/959/776 783/1011/825 750/957/774 
f 782/1007/821 751/958/775 743/950/767 744/951/768 
f 766/1005/819 783/1011/825 752/959/776 
f 769/1006/820 751/958/775 782/1007/821 
f 783/1011/825 755/962/779 750/957/774 
s 4
f 746/953/770 782/1007/821 744/951/768 
s 1
f 183/470/337 180/931/753 370/473/340 
f 180/931/753 736/930/752 370/473/340 
f 760/1014/766 762/1015/828 779/1016/828 777/1017/766 
f 741/948/766 760/1014/766 777/1017/766 742/949/766 
f 762/1015/828 764/1018/766 772/1019/766 779/1016/828 
f 764/1018/766 775/1020/766 770/1021/829 772/1019/766 
f 775/1020/766 773/1022/766 765/1023/829 
f 765/1023/829 768/1024/829 770/1021/829 
f 775/1020/766 765/1023/829 770/1021/829 
f 784/1025/830 785/1026/831 786/1027/831 787/1028/830 
f 785/1026/831 788/1029/832 789/1030/832 786/1027/831 
f 790/1031/833 10/1032/5 9/1033/5 791/1034/833 
f 788/1029/832 790/1031/833 791/1034/833 789/1030/832 
f 792/1035/834 793/1036/835 794/1037/835 795/1038/834 
f 793/1036/835 796/1039/836 797/1040/836 794/1037/835 
f 798/1041/837 784/1025/830 787/1028/830 799/1042/837 
f 796/1039/836 798/1041/837 799/1042/837 797/1040/836 
f 800/1043/838 801/1044/839 802/1045/839 803/1046/838 
f 801/1044/839 804/1047/840 805/1048/840 802/1045/839 
f 806/1049/841 792/1035/834 795/1038/834 807/1050/841 
f 804/1047/840 806/1049/841 807/1050/841 805/1048/840 
f 808/1051/842 809/1052/843 810/1053/843 811/1054/842 
f 809/1052/843 812/1055/844 813/1056/844 810/1053/843 
f 814/1057/845 800/1043/838 803/1046/838 815/1058/845 
f 812/1055/844 814/1057/845 815/1058/845 813/1056/844 
f 816/1059/846 817/1060/847 818/1061/847 819/1062/846 
f 817/1060/847 820/1063/848 821/1064/848 818/1061/847 
f 822/1065/849 808/1051/842 811/1054/842 823/1066/849 
f 820/1063/848 822/1065/849 823/1066/849 821/1064/848 
f 43/43/22 824/1067/850 825/1068/850 44/44/22 
f 824/1067/850 826/1069/851 827/1070/851 825/1068/850 
f 828/1071/852 816/1059/846 819/1062/846 829/1072/852 
f 826/1069/851 828/1071/852 829/1072/852 827/1070/851 
s 4
f 830/1073/853 831/1074/854 52/1075/26 51/1076/26 
f 832/1077/855 833/1078/856 834/1079/856 835/1080/857 
f 833/1078/856 836/1081/858 837/1082/859 834/1079/856 
f 838/1083/860 839/1084/861 840/1085/862 841/1086/863 
f 837/1082/859 836/1081/858 839/1084/861 838/1083/860 
f 842/1087/864 843/1088/865 844/1089/866 845/1090/864 
f 843/1088/865 846/1091/867 847/1092/868 844/1089/866 
f 848/1093/869 849/1094/870 832/1077/855 835/1080/857 
f 847/1092/868 846/1091/867 849/1094/870 848/1093/869 
f 850/1095/871 851/1096/872 852/1097/873 853/1098/874 
f 851/1096/872 854/1099/875 855/1100/876 852/1097/873 
f 856/1101/877 857/1102/878 858/1103/879 859/1104/877 
f 855/1100/876 854/1099/875 858/1103/879 857/1102/878 
f 860/1105/880 861/1106/881 862/1107/882 863/1108/883 
f 861/1106/881 864/1109/884 862/1107/882 
f 865/1110/885 866/1111/886 850/1095/871 853/1098/874 
f 867/1112/887 866/1111/886 865/1110/885 
f 91/1113/62 868/1114/888 869/1115/889 92/1116/62 
f 868/1114/888 870/1117/890 871/1118/891 869/1115/889 
f 872/1119/892 873/1120/893 860/1105/880 863/1108/883 
f 871/1118/891 870/1117/890 873/1120/893 872/1119/892 
f 99/1121/69 874/1122/894 875/1123/895 100/1124/69 
f 874/1122/894 876/1125/896 877/1126/896 875/1123/895 
f 878/1127/897 879/1128/898 880/1129/898 881/1130/897 
f 876/1125/896 878/1127/897 881/1130/897 877/1126/896 
f 879/1128/898 882/1131/899 883/1132/899 880/1129/898 
f 882/1131/899 884/1133/900 885/1134/900 883/1132/899 
f 886/1135/901 887/1136/902 888/1137/902 889/1138/901 
f 884/1133/900 886/1135/901 889/1138/901 885/1134/900 
f 887/1136/902 890/1139/903 891/1140/903 888/1137/902 
f 890/1139/903 892/1141/904 893/1142/904 891/1140/903 
f 894/1143/905 895/1144/906 896/1145/906 897/1146/907 
f 892/1141/904 894/1143/905 897/1146/907 893/1142/904 
f 895/1144/906 898/1147/908 899/1148/909 896/1145/906 
f 898/1147/908 900/1149/910 901/1150/910 899/1148/909 
f 902/1151/911 903/1152/912 904/1153/912 905/1154/911 
f 900/1149/910 902/1151/911 905/1154/911 901/1150/910 
f 903/1152/912 906/1155/913 907/1156/913 904/1153/912 
f 906/1155/913 908/1157/914 909/1158/914 907/1156/913 
f 910/1159/915 911/1160/916 912/1161/916 913/1162/915 
f 908/1157/914 910/1159/915 913/1162/915 909/1158/914 
f 911/1160/916 914/1163/917 915/1164/917 912/1161/916 
f 914/1163/917 916/1165/918 917/1166/918 915/1164/917 
f 918/1167/919 148/148/97 147/147/97 919/1168/920 
f 916/1165/918 918/1167/919 919/1168/920 917/1166/918 
s 2
f 920/1169/921 785/1170/921 784/1171/922 921/1172/922 
f 922/1173/923 788/1174/924 785/1170/921 920/1169/921 
f 10/1175/102 790/1176/925 923/1177/926 152/1178/102 
f 790/1176/925 924/1179/927 923/1177/926 
f 925/1180/928 793/1181/929 792/1182/930 926/1183/930 
f 927/1184/931 796/1185/931 793/1181/929 925/1180/928 
f 784/1171/922 798/1186/932 928/1187/933 921/1172/922 
f 798/1186/932 796/1185/931 927/1184/931 928/1187/933 
f 929/1188/934 801/1189/935 800/1190/936 930/1191/936 
f 931/1192/937 804/1193/937 801/1189/935 929/1188/934 
f 792/1182/930 806/1194/938 932/1195/938 926/1183/930 
f 806/1194/938 804/1193/937 931/1192/937 932/1195/938 
f 933/1196/939 809/1197/939 808/1198/940 934/1199/940 
f 935/1200/941 812/1201/941 809/1197/939 933/1196/939 
f 800/1190/936 814/1202/942 936/1203/943 930/1191/936 
f 814/1202/942 812/1201/941 935/1200/941 936/1203/943 
f 937/1204/944 817/1205/945 816/1206/946 938/1207/946 
f 939/1208/947 820/1209/947 817/1205/945 937/1204/944 
f 808/1198/940 822/1210/948 940/1211/949 934/1199/940 
f 822/1210/948 820/1209/947 939/1208/947 940/1211/949 
f 941/1212/950 824/1213/951 43/1214/128 171/1215/128 
f 942/1216/952 826/1217/952 824/1213/951 941/1212/950 
f 816/1206/946 828/1218/953 943/1219/953 938/1207/946 
f 828/1218/953 826/1217/952 942/1216/952 943/1219/953 
s 1
f 99/200/133 175/202/133 874/1220/133 
f 874/1220/133 175/202/133 876/1221/133 
f 879/1222/133 878/1223/133 175/202/133 
f 878/1223/133 876/1221/133 175/202/133 
f 879/1222/133 175/202/133 882/1224/133 
f 882/1224/133 175/202/133 884/1225/133 
f 887/1226/133 886/1227/133 175/202/133 
f 886/1227/133 884/1225/133 175/202/133 
f 887/1226/133 175/202/133 890/1228/133 
f 890/1228/133 175/202/133 892/1229/133 
f 895/1230/133 894/1231/133 175/202/133 
f 894/1231/133 892/1229/133 175/202/133 
f 895/1230/133 175/202/133 898/1232/133 
f 898/1232/133 175/202/133 900/1233/133 
f 903/1234/133 902/1235/133 175/202/133 
f 902/1235/133 900/1233/133 175/202/133 
f 903/1234/133 175/202/133 906/1236/133 
f 906/1236/133 175/202/133 908/1237/133 
f 911/1238/133 910/1239/133 175/202/133 
f 910/1239/133 908/1237/133 175/202/133 
f 911/1238/133 175/202/133 914/1240/133 
f 914/1240/133 175/202/133 916/1241/133 
f 148/224/133 918/1242/133 175/202/133 
f 918/1242/133 916/1241/133 175/202/133 
s 2
f 944/1243/954 945/1244/955 946/1245/956 947/1246/957 
f 948/1247/958 949/1248/959 945/1244/955 944/1243/954 
f 185/1249/143 184/1250/142 950/1251/960 951/1252/961 
f 951/1252/961 950/1251/960 949/1248/959 948/1247/958 
f 952/1253/962 953/1254/963 954/1255/964 
f 955/1256/965 956/1257/966 952/1253/962 957/1258/967 
f 958/1259/968 959/1260/969 960/1261/970 961/1262/971 
f 962/1263/972 963/1264/973 959/1260/969 958/1259/968 
f 964/1265/974 965/1266/975 966/1267/976 
f 965/1268/975 964/1269/974 963/1264/973 962/1263/972 
f 967/1270/977 968/1271/978 969/1272/979 970/1273/980 
f 971/1274/981 972/1275/982 968/1271/978 967/1270/977 
f 961/1262/971 960/1261/970 973/1276/983 974/1277/984 
f 974/1277/984 973/1276/983 972/1275/982 971/1274/981 
f 975/1278/985 976/1279/986 211/262/168 210/261/168 
f 977/1280/987 978/1281/988 976/1279/986 975/1278/985 
f 979/1282/989 980/1283/990 981/1284/991 982/1285/992 
f 982/1285/992 981/1284/991 978/1281/988 977/1280/987 
s 1
f 983/1286/993 984/1287/994 985/1288/995 986/1289/996 
f 984/1287/994 987/1290/997 988/1291/998 985/1288/995 
f 989/1292/999 229/1293/185 228/1294/185 990/1295/1000 
f 987/1290/997 989/1292/999 990/1295/1000 988/1291/998 
f 991/1296/1001 992/1297/1002 993/1298/1003 994/1299/1004 
f 992/1297/1002 995/1300/1005 996/1301/1006 993/1298/1003 
f 997/1302/1007 983/1286/993 986/1289/996 998/1303/1008 
f 995/1300/1005 997/1302/1007 998/1303/1008 996/1301/1006 
f 999/1304/1009 1000/1305/1010 1001/1306/1011 1002/1307/1012 
f 1000/1305/1010 1003/1308/1013 1004/1309/1014 1001/1306/1011 
f 1005/1310/1015 991/1296/1001 994/1299/1004 1006/1311/1016 
f 1003/1308/1013 1005/1310/1015 1006/1311/1016 1004/1309/1014 
f 1007/1312/1017 1008/1313/1018 1009/1314/1018 1010/1315/1019 
f 1008/1313/1018 1011/1316/1020 1012/1317/1021 1009/1314/1018 
f 1013/1318/1022 999/1304/1009 1002/1307/1012 1014/1319/1023 
f 1011/1316/1020 1013/1318/1022 1014/1319/1023 1012/1317/1021 
f 1015/1320/1024 1016/1321/1025 1017/1322/1026 1018/1323/1027 
f 1016/1321/1025 1019/1324/1028 1020/1325/1028 1017/1322/1026 
f 1021/1326/1029 1007/1312/1017 1010/1315/1019 1022/1327/1030 
f 1019/1324/1028 1021/1326/1029 1022/1327/1030 1020/1325/1028 
f 262/313/216 1023/1328/1031 1024/1329/1032 263/314/216 
f 1023/1328/1031 1025/1330/1033 1026/1331/1034 1024/1329/1032 
f 1027/1332/1035 1015/1320/1024 1018/1323/1027 1028/1333/1036 
f 1025/1330/1033 1027/1332/1035 1028/1333/1036 1026/1331/1034 
s 2
f 1029/1334/1037 1030/1335/1038 984/1336/1038 983/1337/1039 
f 1030/1335/1038 1031/1338/1040 987/1339/1040 984/1336/1038 
f 1032/1340/1041 274/1341/228 229/1342/228 989/1343/1041 
f 1031/1338/1040 1032/1340/1041 989/1343/1041 987/1339/1040 
f 1033/1344/1042 1034/1345/1043 992/1346/1044 991/1347/1042 
f 1034/1345/1043 1035/1348/1045 995/1349/1046 992/1346/1044 
f 1036/1350/1047 1029/1334/1037 983/1337/1039 997/1351/1048 
f 1035/1348/1045 1036/1350/1047 997/1351/1048 995/1349/1046 
f 1037/1352/1049 1038/1353/1050 1000/1354/1051 999/1355/1052 
f 1038/1353/1050 1039/1356/1053 1003/1357/1054 1000/1354/1051 
f 1040/1358/1055 1033/1344/1042 991/1347/1042 1005/1359/1056 
f 1039/1356/1053 1040/1358/1055 1005/1359/1056 1003/1357/1054 
f 1041/1360/1057 1042/1361/1058 1008/1362/1058 1007/1363/1057 
f 1042/1361/1058 1043/1364/1059 1011/1365/1059 1008/1362/1058 
f 1044/1366/1060 1037/1352/1049 999/1355/1052 1013/1367/1061 
f 1043/1364/1059 1044/1366/1060 1013/1367/1061 1011/1365/1059 
f 1045/1368/1062 1046/1369/1063 1016/1370/1064 1015/1371/1062 
f 1046/1369/1063 1047/1372/1065 1019/1373/1065 1016/1370/1064 
f 1048/1374/1066 1041/1360/1057 1007/1363/1057 1021/1375/1066 
f 1047/1372/1065 1048/1374/1066 1021/1375/1066 1019/1373/1065 
f 291/363/254 1049/1376/1067 1023/1377/1068 262/364/254 
f 1049/1376/1067 1050/1378/1069 1025/1379/1070 1023/1377/1068 
f 1051/1380/1071 1045/1368/1062 1015/1371/1062 1027/1381/1071 
f 1050/1378/1069 1051/1380/1071 1027/1381/1071 1025/1379/1070 
s 1
f 1052/1382/1072 1053/1383/1073 1030/1384/1073 1029/1385/1072 
f 1053/1383/1073 1054/1386/262 1031/1387/262 1030/1384/1073 
f 1055/1388/262 299/1389/262 274/1390/262 1032/1391/262 
f 1054/1386/262 1055/1388/262 1032/1391/262 1031/1387/262 
f 1056/1392/1074 1057/1393/1075 1034/1394/1075 1033/1395/1074 
f 1057/1393/1075 1058/1396/1076 1035/1397/1076 1034/1394/1075 
f 1059/1398/1077 1052/1382/1072 1029/1385/1072 1036/1399/1078 
f 1058/1396/1076 1059/1398/1077 1036/1399/1078 1035/1397/1076 
f 1060/1400/1079 1061/1401/1080 1038/1402/1080 1037/1403/1079 
f 1061/1401/1080 1062/1404/1081 1039/1405/1081 1038/1402/1080 
f 1063/1406/1082 1056/1392/1074 1033/1395/1074 1040/1407/1082 
f 1062/1404/1081 1063/1406/1082 1040/1407/1082 1039/1405/1081 
f 1064/1408/262 1065/1409/262 1042/1410/262 1041/1411/262 
f 1065/1409/262 1066/1412/262 1043/1413/262 1042/1410/262 
f 1067/1414/1083 1060/1400/1079 1037/1403/1079 1044/1415/1083 
f 1066/1412/262 1067/1414/1083 1044/1415/1083 1043/1413/262 
f 1068/1416/262 1069/1417/262 1046/1418/262 1045/1419/262 
f 1069/1417/262 1070/1420/262 1047/1421/262 1046/1418/262 
f 1071/1422/262 1064/1408/262 1041/1411/262 1048/1423/262 
f 1070/1420/262 1071/1422/262 1048/1423/262 1047/1421/262 
f 316/413/262 1072/1424/262 1049/1425/262 291/414/262 
f 1072/1424/262 1073/1426/262 1050/1427/262 1049/1425/262 
f 1074/1428/262 1068/1416/262 1045/1419/262 1051/1429/262 
f 1073/1426/262 1074/1428/262 1051/1429/262 1050/1427/262 
f 320/1430/273 323/1431/276 1075/1432/1084 1076/1433/1085 
f 832/1077/1086 1077/1434/1087 1078/1435/1088 833/1078/1089 
f 833/1078/1089 1078/1435/1088 1079/1436/1090 836/1081/1091 
f 1080/1437/1092 1081/1438/1093 1082/1439/1094 1083/1440/1095 
f 1083/1440/1095 1082/1439/1094 1079/1436/1090 1084/1441/1096 
f 1085/1442/1097 1086/1443/1098 843/1088/1099 842/1087/1100 
f 843/1088/1099 1086/1443/1098 1087/1444/1101 846/1091/1102 
f 1088/1445/1103 1077/1434/1087 1089/1446/1104 1090/1447/1105 
f 1090/1447/1105 1089/1446/1104 1087/1444/1101 1091/1448/1106 
f 850/1095/1107 1092/1449/1108 1093/1450/1109 851/1096/1110 
f 851/1096/1110 1093/1450/1109 1094/1451/1111 854/1099/1112 
f 1095/1452/1113 1096/1453/1114 1097/1454/1115 1098/1455/1116 
f 1097/1454/1115 1096/1453/1114 1094/1451/1111 1099/1456/1117 
f 860/1105/1118 1100/1457/1119 1101/1458/1120 861/1106/1121 
f 861/1106/1121 1101/1458/1120 1102/1459/1122 864/1109/1123 
f 1103/1460/1124 1092/1449/1108 1104/1461/1125 1105/1462/1126 
f 1105/1462/1126 1104/1461/1125 1106/1463/1127 1107/1464/1128 
f 91/1113/320 356/1465/323 1108/1466/1129 868/1114/1130 
f 868/1114/1130 1108/1466/1129 1109/1467/1131 870/1117/1132 
f 1110/1468/1133 1100/1457/1119 1111/1469/1134 1112/1470/1135 
f 1112/1470/1135 1111/1469/1134 1109/1467/1131 1113/1471/1136 
s 2
f 1114/1472/1137 1115/1473/1138 980/1283/990 979/1282/989 
f 1116/1474/1139 1117/1475/1140 1115/1473/1138 1114/1472/1137 
f 970/1273/980 969/1272/979 1118/1476/1141 1119/1477/1142 
f 1119/1477/1142 1118/1476/1141 1117/1475/1140 1116/1474/1139 
s 1
f 184/1478/336 369/1479/339 1120/1480/1143 950/1481/1144 
f 950/1481/1144 1120/1480/1143 1121/1482/1145 
f 1088/1445/1103 1122/1483/1146 1123/1484/1147 1124/1485/1148 
f 1124/1485/1148 1123/1484/1147 1125/1486/1149 1084/1441/1096 
f 946/1487/1150 1126/1488/1151 1127/1489/1152 1128/1490/1153 
f 1128/1490/1153 1127/1489/1152 1125/1486/1149 1129/1491/1154 
f 1130/1492/1155 1131/1493/1156 1132/1494/1157 1133/1495/1158 
f 1132/1494/1157 1131/1493/1156 1134/1496/1159 1091/1448/1106 
f 1135/1497/1160 1122/1483/1146 1136/1498/1161 1137/1499/1162 
f 1137/1499/1162 1136/1498/1161 1134/1496/1159 1138/1500/1163 
f 1103/1460/1124 1139/1501/1164 1140/1502/1165 1141/1503/1166 
f 1141/1503/1166 1140/1502/1165 1142/1504/1167 1099/1456/1117 
f 1143/1505/1168 1144/1506/1169 964/1507/1170 1145/1508/1171 
f 964/1507/1170 1144/1506/1169 1142/1504/1167 963/1509/1172 
f 1110/1468/1133 1146/1510/1173 1147/1511/1174 1148/1512/1175 
f 1148/1512/1175 1147/1511/1174 1149/1513/1176 1150/1514/1177 
f 973/1515/1178 960/1516/1179 1139/1501/1164 1151/1517/1180 
f 1105/1462/1126 1107/1464/1128 1152/1518/1181 1151/1517/1180 
f 402/1519/377 405/1520/380 1153/1521/1182 1154/1522/1183 
f 1154/1522/1183 1153/1521/1182 1155/1523/1184 1113/1471/1136 
f 980/1524/1185 1146/1510/1173 1156/1525/1186 981/1526/1187 
f 981/1526/1187 1156/1525/1186 1155/1523/1184 978/1527/1188 
s 2
f 946/1245/956 1128/1528/1189 1157/1529/1190 
s 1
f 864/1109/1123 1102/1459/1122 1158/1530/1191 1159/1531/1192 
f 1107/1464/1128 1106/1463/1127 1158/1530/1191 1160/1532/1193 
f 1150/1514/1177 1149/1513/1176 1161/1533/1194 1160/1532/1193 
f 1107/1464/1128 1160/1532/1193 1161/1533/1194 1152/1518/1181 
s 4
f 864/1109/884 1159/1531/1195 1162/1534/1196 862/1107/882 
f 1162/1534/1196 1159/1531/1195 867/1112/887 865/1110/885 
s 2
f 947/1246/957 946/1245/956 1157/1529/1190 
f 1157/1529/1190 1128/1528/1189 1163/1535/1197 
f 1135/1536/1198 1137/1537/1199 1164/1538/1200 1165/1539/1201 
f 1137/1537/1199 1138/1540/1202 1166/1541/1203 1164/1538/1200 
f 1165/1539/1201 1164/1538/1200 1167/1542/1204 1168/1543/1205 
f 1164/1538/1200 1166/1541/1203 1169/1544/1206 1167/1542/1204 
f 1170/1545/1207 1171/1546/1208 1172/1547/1209 1173/1548/1210 
f 1172/1547/1209 1171/1546/1208 1168/1543/1205 1167/1542/1204 
f 1173/1548/1210 1172/1547/1209 956/1257/966 955/1256/965 
f 956/1257/966 1172/1547/1209 1167/1542/1204 1169/1544/1206 
f 1135/1536/1198 1165/1539/1201 1174/1549/1211 1175/1550/1212 
f 1165/1539/1201 1168/1543/1205 1176/1551/1213 1174/1549/1211 
f 1175/1550/1212 1174/1549/1211 1177/1552/1214 1178/1553/1215 
f 1174/1549/1211 1176/1551/1213 1179/1554/1216 1177/1552/1214 
f 1171/1546/1208 1170/1545/1207 1180/1555/1217 1181/1556/1218 
f 1181/1556/1218 1180/1555/1217 1182/1557/1219 1183/1558/1220 
f 1168/1543/1205 1171/1546/1208 1181/1556/1218 1176/1551/1213 
f 1176/1551/1213 1181/1556/1218 1183/1558/1220 1179/1554/1216 
f 1184/1559/1221 1185/1560/1222 1186/1561/1223 1187/1562/1224 
f 1188/1563/1225 1189/1564/1226 1186/1561/1223 1185/1560/1222 
f 1187/1562/1224 1186/1561/1223 1183/1558/1220 1182/1557/1219 
f 1186/1561/1223 1189/1564/1226 1179/1554/1216 1183/1558/1220 
f 1190/1565/1227 1191/1566/1228 1192/1567/1229 1193/1568/1230 
f 1192/1567/1229 1191/1566/1228 1178/1553/1215 1177/1552/1214 
f 1193/1568/1230 1192/1567/1229 1189/1564/1226 1188/1563/1225 
f 1189/1564/1226 1192/1567/1229 1177/1552/1214 1179/1554/1216 
f 1128/1528/1189 1129/1569/1231 1194/1570/1232 
f 1135/1536/1198 1175/1550/1212 1195/1571/1233 
f 1195/1571/1233 1175/1550/1212 1178/1553/1215 1196/1572/1234 
f 1129/1569/1231 1196/1572/1234 1197/1573/1235 
f 1198/1574/1236 1197/1573/1235 1190/1565/1227 
f 1163/1535/1197 1194/1570/1232 1198/1574/1236 
f 1191/1566/1228 1197/1573/1235 1196/1572/1234 1178/1553/1215 
f 1129/1569/1231 1195/1571/1233 1196/1572/1234 
f 1169/1544/1206 1166/1541/1203 1199/1575/1237 1200/1576/1238 
f 956/1257/966 1169/1544/1206 1200/1576/1238 952/1253/962 
f 1166/1541/1203 1138/1540/1202 1201/1577/1239 1199/1575/1237 
f 957/1258/967 952/1253/962 954/1255/964 
f 1199/1575/1237 1201/1577/1239 1202/1578/1240 
f 1145/1579/1241 964/1265/974 966/1267/976 
f 1200/1576/1238 1199/1575/1237 953/1254/963 
f 1128/1528/1189 1194/1570/1232 1163/1535/1197 
s 4
f 1203/1580/1242 1204/1581/1243 1205/1582/1244 1206/1583/1245 
f 1206/1583/1245 1205/1582/1244 1207/1584/1246 1208/1585/1247 
f 1204/1581/1243 1209/1586/1248 1210/1587/1249 1205/1582/1244 
f 1205/1582/1244 1210/1587/1249 1211/1588/1250 1207/1584/1246 
f 1212/1589/1251 1213/1590/1252 1214/1591/1253 1215/1592/1254 
f 1213/1590/1252 1216/1593/1255 1217/1594/1256 1214/1591/1253 
f 1208/1585/1247 1207/1584/1246 1213/1590/1252 1212/1589/1251 
f 1207/1584/1246 1211/1588/1250 1216/1593/1255 1213/1590/1252 
f 1218/1595/1257 1219/1596/1258 1220/1597/1259 1221/1598/1260 
f 1221/1598/1260 1220/1597/1259 1222/1599/1261 1223/1600/1262 
f 1219/1596/1258 1217/1594/1256 1216/1593/1255 1220/1597/1259 
f 1220/1597/1259 1216/1593/1255 1211/1588/1250 1222/1599/1261 
f 1224/1601/1263 1225/1602/1264 1226/1603/1265 1227/1604/1266 
f 1225/1602/1264 1210/1587/1249 1209/1586/1248 1226/1603/1265 
f 1223/1600/1262 1222/1599/1261 1225/1602/1264 1224/1601/1263 
f 1222/1599/1261 1211/1588/1250 1210/1587/1249 1225/1602/1264 
f 1215/1592/1254 1214/1591/1253 1228/1605/1267 1229/1606/1268 
f 1229/1606/1268 1228/1605/1267 1230/1607/1269 1231/1608/1270 
f 1214/1591/1253 1217/1594/1256 1232/1609/1271 1228/1605/1267 
f 1228/1605/1267 1232/1609/1271 1233/1610/1272 1230/1607/1269 
f 1234/1611/1273 1235/1612/1274 1236/1613/1275 1237/1614/1276 
f 1235/1612/1274 1238/1615/1277 1239/1616/1278 1236/1613/1275 
f 1231/1608/1270 1230/1607/1269 1235/1612/1274 1234/1611/1273 
f 1230/1607/1269 1233/1610/1272 1238/1615/1277 1235/1612/1274 
f 1240/1617/1279 1241/1618/1280 1242/1619/1281 1243/1620/1282 
f 1243/1620/1282 1242/1619/1281 1244/1621/1283 1245/1622/1284 
f 1241/1618/1280 1239/1616/1278 1238/1615/1277 1242/1619/1281 
f 1242/1619/1281 1238/1615/1277 1233/1610/1272 1244/1621/1283 
f 1246/1623/1285 1247/1624/1286 1218/1595/1257 
f 1247/1624/1286 1232/1609/1271 1217/1594/1256 1219/1596/1258 
f 1245/1622/1284 1244/1621/1283 1247/1624/1286 1246/1623/1285 
f 1244/1621/1283 1233/1610/1272 1232/1609/1271 1247/1624/1286 
f 498/616/483 501/619/483 1248/1625/1287 1249/1626/1288 
f 1249/1626/1288 1248/1625/1287 1250/1627/1289 1251/1628/1290 
f 501/619/483 505/623/483 1252/1629/1291 1248/1625/1287 
f 1248/1625/1287 1252/1629/1291 1253/1630/1292 1250/1627/1289 
f 1254/1631/1293 1255/1632/1294 1256/1633/1295 1257/1634/1296 
f 1255/1632/1294 1258/1635/1297 1259/1636/1298 1256/1633/1295 
f 1251/1628/1290 1250/1627/1289 1255/1632/1294 1254/1631/1293 
f 1250/1627/1289 1253/1630/1292 1258/1635/1297 1255/1632/1294 
f 1260/1637/1299 1261/1638/1300 1262/1639/1301 1263/1640/1302 
f 1263/1640/1302 1262/1639/1301 1264/1641/1303 1265/1642/1304 
f 1261/1638/1300 1259/1636/1298 1258/1635/1297 1262/1639/1301 
f 1262/1639/1301 1258/1635/1297 1253/1630/1292 1264/1641/1303 
f 1266/1643/1305 1267/1644/1306 521/639/503 520/638/483 
f 1267/1644/1306 1252/1629/1291 505/623/483 521/639/503 
f 1265/1642/1304 1264/1641/1303 1267/1644/1306 1266/1643/1305 
f 1264/1641/1303 1253/1630/1292 1252/1629/1291 1267/1644/1306 
f 1257/1634/1296 1256/1633/1295 1268/1645/1307 1269/1646/1308 
f 1269/1646/1308 1268/1645/1307 1270/1647/1309 1271/1648/1310 
f 1256/1633/1295 1259/1636/1298 1272/1649/1311 1268/1645/1307 
f 1268/1645/1307 1272/1649/1311 1273/1650/1312 1270/1647/1309 
f 1274/1651/1313 1275/1652/1314 1276/1653/1315 1277/1654/1316 
f 1275/1652/1314 1278/1655/1317 1279/1656/1318 1276/1653/1315 
f 1271/1648/1310 1270/1647/1309 1275/1652/1314 1274/1651/1313 
f 1270/1647/1309 1273/1650/1312 1278/1655/1317 1275/1652/1314 
f 1280/1657/1319 1281/1658/1320 1282/1659/1321 1283/1660/1322 
f 1283/1660/1322 1282/1659/1321 1284/1661/1323 1285/1662/1324 
f 1281/1658/1320 1279/1656/1318 1278/1655/1317 1282/1659/1321 
f 1282/1659/1321 1278/1655/1317 1273/1650/1312 1284/1661/1323 
f 1286/1663/1325 1287/1664/1326 1288/1665/1327 1289/1666/1328 
f 1287/1664/1326 1290/1667/1329 1291/1668/1330 1288/1665/1327 
f 1285/1662/1324 1284/1661/1323 1287/1664/1326 1286/1663/1325 
f 1284/1661/1323 1273/1650/1312 1290/1667/1329 1287/1664/1326 
f 1260/1637/1299 1292/1669/1331 1293/1670/1332 1261/1638/1300 
f 1261/1638/1300 1293/1670/1332 1272/1649/1311 1259/1636/1298 
f 1292/1669/1331 1291/1668/1330 1290/1667/1329 1293/1670/1332 
f 1293/1670/1332 1290/1667/1329 1273/1650/1312 1272/1649/1311 
f 1294/1671/1333 1295/1672/1334 1296/1673/1335 1297/1674/1336 
f 1297/1674/1336 1296/1673/1335 1298/1675/1337 1299/1676/1338 
f 1295/1672/1334 1300/1677/1339 1301/1678/1340 1296/1673/1335 
f 1296/1673/1335 1301/1678/1340 1302/1679/1341 1298/1675/1337 
f 1303/1680/1342 1304/1681/1343 1204/1581/1243 1203/1580/1242 
f 1304/1681/1343 1305/1682/1344 1209/1586/1248 1204/1581/1243 
f 1299/1676/1338 1298/1675/1337 1304/1681/1343 1303/1680/1342 
f 1298/1675/1337 1302/1679/1341 1305/1682/1344 1304/1681/1343 
f 1227/1604/1266 1226/1603/1265 1306/1683/1345 1307/1684/1346 
f 1307/1684/1346 1306/1683/1345 1308/1685/1347 1309/1686/1348 
f 1226/1603/1265 1209/1586/1248 1305/1682/1344 1306/1683/1345 
f 1306/1683/1345 1305/1682/1344 1302/1679/1341 1308/1685/1347 
f 1310/1687/1349 1311/1688/1350 1312/1689/1351 1280/1657/1319 
f 1311/1688/1350 1301/1678/1340 1300/1677/1339 1312/1689/1351 
f 1309/1686/1348 1308/1685/1347 1311/1688/1350 1310/1687/1349 
f 1308/1685/1347 1302/1679/1341 1301/1678/1340 1311/1688/1350 
f 1237/1614/1276 1313/1690/1352 1314/1691/1353 1315/1692/1354 
f 1315/1692/1354 1314/1691/1353 1316/1693/1355 1317/1694/1356 
f 1313/1690/1352 1318/1695/1357 1319/1696/1358 1314/1691/1353 
f 1314/1691/1353 1319/1696/1358 1320/1697/1359 1316/1693/1355 
f 1321/1698/1360 1322/1699/1361 1323/1700/1362 1324/1701/1363 
f 1322/1699/1361 1325/1702/1364 1326/1703/1365 1323/1700/1362 
f 1317/1694/1356 1316/1693/1355 1322/1699/1361 1321/1698/1360 
f 1316/1693/1355 1320/1697/1359 1325/1702/1364 1322/1699/1361 
f 1327/1704/1366 1328/1705/1367 1329/1706/1368 1330/1707/1369 
f 1330/1707/1369 1329/1706/1368 1331/1708/1370 1332/1709/1371 
f 1328/1705/1367 1326/1703/1365 1325/1702/1364 1329/1706/1368 
f 1329/1706/1368 1325/1702/1364 1320/1697/1359 1331/1708/1370 
f 1333/1710/1372 1334/1711/1373 1335/1712/1374 1336/1713/1375 
f 1334/1711/1373 1319/1696/1358 1318/1695/1357 1335/1712/1374 
f 1332/1709/1371 1331/1708/1370 1334/1711/1373 1333/1710/1372 
f 1331/1708/1370 1320/1697/1359 1319/1696/1358 1334/1711/1373 
f 1218/1595/1257 1221/1598/1260 1337/1714/1376 1246/1623/1285 
f 1246/1623/1285 1337/1714/1376 1338/1715/1377 1245/1622/1284 
f 1221/1598/1260 1223/1600/1262 1339/1716/1378 1337/1714/1376 
f 1337/1714/1376 1339/1716/1378 1340/1717/1379 1338/1715/1377 
f 1243/1620/1282 1341/1718/1380 1342/1719/1381 1240/1617/1279 
f 1341/1718/1380 1343/1720/1382 1344/1721/1383 1342/1719/1381 
f 1245/1622/1284 1338/1715/1377 1341/1718/1380 1243/1620/1282 
f 1338/1715/1377 1340/1717/1379 1343/1720/1382 1341/1718/1380 
f 1345/1722/1384 1346/1723/1385 1347/1724/1386 1348/1725/1387 
f 1348/1725/1387 1347/1724/1386 1349/1726/1388 1350/1727/1389 
f 1346/1723/1385 1344/1721/1383 1343/1720/1382 1347/1724/1386 
f 1347/1724/1386 1343/1720/1382 1340/1717/1379 1349/1726/1388 
f 1351/1728/1390 1352/1729/1391 1224/1601/1263 1227/1604/1266 
f 1352/1729/1391 1339/1716/1378 1223/1600/1262 1224/1601/1263 
f 1350/1727/1389 1349/1726/1388 1352/1729/1391 1351/1728/1390 
f 1349/1726/1388 1340/1717/1379 1339/1716/1378 1352/1729/1391 
f 1227/1604/1266 1307/1684/1346 1353/1730/1392 1351/1728/1390 
f 1351/1728/1390 1353/1730/1392 1354/1731/1393 1350/1727/1389 
f 1307/1684/1346 1309/1686/1348 1355/1732/1394 1353/1730/1392 
f 1353/1730/1392 1355/1732/1394 1356/1733/1395 1354/1731/1393 
f 1348/1725/1387 1357/1734/1396 1358/1735/1397 1345/1722/1384 
f 1357/1734/1396 1359/1736/1398 1360/1737/1399 1358/1735/1397 
f 1350/1727/1389 1354/1731/1393 1357/1734/1396 1348/1725/1387 
f 1354/1731/1393 1356/1733/1395 1359/1736/1398 1357/1734/1396 
f 1289/1666/1328 1361/1738/1400 1362/1739/1401 1286/1663/1325 
f 1286/1663/1325 1362/1739/1401 1363/1740/1402 1285/1662/1324 
f 1361/1738/1400 1360/1737/1399 1359/1736/1398 1362/1739/1401 
f 1362/1739/1401 1359/1736/1398 1356/1733/1395 1363/1740/1402 
f 1283/1660/1322 1364/1741/1403 1310/1687/1349 1280/1657/1319 
f 1364/1741/1403 1355/1732/1394 1309/1686/1348 1310/1687/1349 
f 1285/1662/1324 1363/1740/1402 1364/1741/1403 1283/1660/1322 
f 1363/1740/1402 1356/1733/1395 1355/1732/1394 1364/1741/1403 
f 620/738/602 1365/1742/1404 1366/1743/1405 621/739/603 
f 621/739/603 1366/1743/1405 1367/1744/1406 624/742/606 
f 1365/1742/1404 1368/1745/1407 1369/1746/1408 1366/1743/1405 
f 1366/1743/1405 1369/1746/1408 1370/1747/1409 1367/1744/1406 
f 629/747/611 1371/1748/1410 990/1749/1411 228/748/612 
f 1371/1748/1410 1372/1750/1412 988/1751/1413 990/1749/1411 
f 624/742/606 1367/1744/1406 1371/1748/1410 629/747/611 
f 1367/1744/1406 1370/1747/1409 1372/1750/1412 1371/1748/1410 
f 986/1752/1414 985/1753/1415 1373/1754/1416 1374/1755/1417 
f 1374/1755/1417 1373/1754/1416 1375/1756/1418 1376/1757/1419 
f 985/1753/1415 988/1751/1413 1372/1750/1412 1373/1754/1416 
f 1373/1754/1416 1372/1750/1412 1370/1747/1409 1375/1756/1418 
f 1377/1758/1420 1378/1759/1421 1379/1760/1422 1336/1713/1375 
f 1378/1759/1421 1369/1746/1408 1368/1745/1407 1379/1760/1422 
f 1376/1757/1419 1375/1756/1418 1378/1759/1421 1377/1758/1420 
f 1375/1756/1418 1370/1747/1409 1369/1746/1408 1378/1759/1421 
f 1260/1637/1299 1263/1640/1302 1380/1761/1423 1381/1762/1424 
f 1381/1762/1424 1380/1761/1423 1382/1763/1425 1383/1764/1426 
f 1263/1640/1302 1265/1642/1304 1384/1765/1427 1380/1761/1423 
f 1380/1761/1423 1384/1765/1427 1385/1766/1428 1382/1763/1425 
f 1386/1767/1429 1387/1768/1430 1028/1769/1431 1018/1770/1432 
f 1387/1768/1430 1388/1771/1433 1026/1772/1434 1028/1769/1431 
f 1383/1764/1426 1382/1763/1425 1387/1768/1430 1386/1767/1429 
f 1382/1763/1425 1385/1766/1428 1388/1771/1433 1387/1768/1430 
f 263/774/638 1024/1773/1435 1389/1774/1436 648/775/639 
f 648/775/639 1389/1774/1436 1390/1775/1437 650/778/642 
f 1024/1773/1435 1026/1772/1434 1388/1771/1433 1389/1774/1436 
f 1389/1774/1436 1388/1771/1433 1385/1766/1428 1390/1775/1437 
f 652/780/644 1391/1776/1438 1266/1643/1305 520/638/483 
f 1391/1776/1438 1384/1765/1427 1265/1642/1304 1266/1643/1305 
f 650/778/642 1390/1775/1437 1391/1776/1438 652/780/644 
f 1390/1775/1437 1385/1766/1428 1384/1765/1427 1391/1776/1438 
f 1289/1666/1328 1288/1665/1327 1392/1777/1439 1393/1778/1440 
f 1393/1778/1440 1392/1777/1439 1394/1779/1441 1395/1780/1442 
f 1288/1665/1327 1291/1668/1330 1396/1781/1443 1392/1777/1439 
f 1392/1777/1439 1396/1781/1443 1397/1782/1444 1394/1779/1441 
f 1398/1783/1445 1399/1784/1446 1022/1785/1447 1010/1786/1448 
f 1399/1784/1446 1400/1787/1449 1020/1788/1450 1022/1785/1447 
f 1395/1780/1442 1394/1779/1441 1399/1784/1446 1398/1783/1445 
f 1394/1779/1441 1397/1782/1444 1400/1787/1449 1399/1784/1446 
f 1018/1770/1432 1017/1789/1451 1401/1790/1452 1386/1767/1429 
f 1386/1767/1429 1401/1790/1452 1402/1791/1453 1383/1764/1426 
f 1017/1789/1451 1020/1788/1450 1400/1787/1449 1401/1790/1452 
f 1401/1790/1452 1400/1787/1449 1397/1782/1444 1402/1791/1453 
f 1381/1762/1424 1403/1792/1454 1292/1669/1331 1260/1637/1299 
f 1403/1792/1454 1396/1781/1443 1291/1668/1330 1292/1669/1331 
f 1383/1764/1426 1402/1791/1453 1403/1792/1454 1381/1762/1424 
f 1402/1791/1453 1397/1782/1444 1396/1781/1443 1403/1792/1454 
f 1240/1617/1279 1342/1719/1381 1404/1793/1455 1405/1794/1456 
f 1405/1794/1456 1404/1793/1455 1406/1795/1457 1407/1796/1458 
f 1342/1719/1381 1344/1721/1383 1408/1797/1459 1404/1793/1455 
f 1404/1793/1455 1408/1797/1459 1409/1798/1460 1406/1795/1457 
f 1410/1799/1461 1411/1800/1462 1006/1801/1463 994/1802/1464 
f 1411/1800/1462 1412/1803/1465 1004/1804/1466 1006/1801/1463 
f 1407/1796/1458 1406/1795/1457 1411/1800/1462 1410/1799/1461 
f 1406/1795/1457 1409/1798/1460 1412/1803/1465 1411/1800/1462 
f 1002/1805/1467 1001/1806/1468 1413/1807/1469 1414/1808/1470 
f 1414/1808/1470 1413/1807/1469 1415/1809/1471 1416/1810/1472 
f 1001/1806/1468 1004/1804/1466 1412/1803/1465 1413/1807/1469 
f 1413/1807/1469 1412/1803/1465 1409/1798/1460 1415/1809/1471 
f 1417/1811/1473 1418/1812/1474 1346/1723/1385 1345/1722/1384 
f 1418/1812/1474 1408/1797/1459 1344/1721/1383 1346/1723/1385 
f 1416/1810/1472 1415/1809/1471 1418/1812/1474 1417/1811/1473 
f 1415/1809/1471 1409/1798/1460 1408/1797/1459 1418/1812/1474 
f 1345/1722/1384 1358/1735/1397 1419/1813/1475 1417/1811/1473 
f 1417/1811/1473 1419/1813/1475 1420/1814/1476 1416/1810/1472 
f 1358/1735/1397 1360/1737/1399 1421/1815/1477 1419/1813/1475 
f 1419/1813/1475 1421/1815/1477 1422/1816/1478 1420/1814/1476 
f 1414/1808/1470 1423/1817/1479 1014/1818/1480 1002/1805/1467 
f 1423/1817/1479 1424/1819/1481 1012/1820/1482 1014/1818/1480 
f 1416/1810/1472 1420/1814/1476 1423/1817/1479 1414/1808/1470 
f 1420/1814/1476 1422/1816/1478 1424/1819/1481 1423/1817/1479 
f 1010/1786/1448 1009/1821/1483 1425/1822/1484 1398/1783/1445 
f 1398/1783/1445 1425/1822/1484 1426/1823/1485 1395/1780/1442 
f 1009/1821/1483 1012/1820/1482 1424/1819/1481 1425/1822/1484 
f 1425/1822/1484 1424/1819/1481 1422/1816/1478 1426/1823/1485 
f 1393/1778/1440 1427/1824/1486 1361/1738/1400 1289/1666/1328 
f 1427/1824/1486 1421/1815/1477 1360/1737/1399 1361/1738/1400 
f 1395/1780/1442 1426/1823/1485 1427/1824/1486 1393/1778/1440 
f 1426/1823/1485 1422/1816/1478 1421/1815/1477 1427/1824/1486 
f 1336/1713/1375 1428/1825/1487 1429/1826/1488 1377/1758/1420 
f 1377/1758/1420 1429/1826/1488 1430/1827/1489 1376/1757/1419 
f 1428/1825/1487 1431/1828/1490 1432/1829/1491 1429/1826/1488 
f 1429/1826/1488 1432/1829/1491 1433/1830/1492 1430/1827/1489 
f 1374/1755/1417 1434/1831/1493 998/1832/1494 986/1752/1414 
f 1434/1831/1493 1435/1833/1495 996/1834/1496 998/1832/1494 
f 1376/1757/1419 1430/1827/1489 1434/1831/1493 1374/1755/1417 
f 1430/1827/1489 1433/1830/1492 1435/1833/1495 1434/1831/1493 
f 994/1802/1464 993/1835/1497 1436/1836/1498 1410/1799/1461 
f 1410/1799/1461 1436/1836/1498 1437/1837/1499 1407/1796/1458 
f 993/1835/1497 996/1834/1496 1435/1833/1495 1436/1836/1498 
f 1436/1836/1498 1435/1833/1495 1433/1830/1492 1437/1837/1499 
f 1405/1794/1456 1438/1838/1500 1439/1839/1501 1240/1617/1279 
f 1438/1838/1500 1432/1829/1491 1431/1828/1490 1439/1839/1501 
f 1407/1796/1458 1437/1837/1499 1438/1838/1500 1405/1794/1456 
f 1437/1837/1499 1433/1830/1492 1432/1829/1491 1438/1838/1500 
f 1327/1704/1366 1330/1707/1369 1440/1840/1502 1441/1841/1503 
f 1441/1841/1503 1440/1840/1502 1442/1842/1504 1443/1843/1505 
f 1330/1707/1369 1332/1709/1371 1444/1844/1506 1440/1840/1502 
f 1440/1840/1502 1444/1844/1506 1445/1845/1507 1442/1842/1504 
f 1446/1846/1508 1447/1847/1509 710/853/717 709/852/716 
f 1447/1847/1509 1448/1848/1510 712/855/719 710/853/717 
f 1443/1843/1505 1442/1842/1504 1447/1847/1509 1446/1846/1508 
f 1442/1842/1504 1445/1845/1507 1448/1848/1510 1447/1847/1509 
f 620/738/602 715/858/722 1449/1849/1511 1365/1742/1404 
f 1365/1742/1404 1449/1849/1511 1450/1850/1512 1368/1745/1407 
f 715/858/722 712/855/719 1448/1848/1510 1449/1849/1511 
f 1449/1849/1511 1448/1848/1510 1445/1845/1507 1450/1850/1512 
f 1379/1760/1422 1451/1851/1513 1333/1710/1372 1336/1713/1375 
f 1451/1851/1513 1444/1844/1506 1332/1709/1371 1333/1710/1372 
f 1368/1745/1407 1450/1850/1512 1451/1851/1513 1379/1760/1422 
f 1450/1850/1512 1445/1845/1507 1444/1844/1506 1451/1851/1513 
f 1237/1614/1276 1236/1613/1275 1452/1852/1514 1313/1690/1352 
f 1313/1690/1352 1452/1852/1514 1453/1853/1515 1318/1695/1357 
f 1236/1613/1275 1239/1616/1278 1454/1854/1516 1452/1852/1514 
f 1452/1852/1514 1454/1854/1516 1455/1855/1517 1453/1853/1515 
f 1335/1712/1374 1456/1856/1518 1428/1825/1487 1336/1713/1375 
f 1456/1856/1518 1457/1857/1519 1431/1828/1490 1428/1825/1487 
f 1318/1695/1357 1453/1853/1515 1456/1856/1518 1335/1712/1374 
f 1453/1853/1515 1455/1855/1517 1457/1857/1519 1456/1856/1518 
f 1240/1617/1279 1439/1839/1501 1458/1858/1520 1241/1618/1280 
f 1241/1618/1280 1458/1858/1520 1454/1854/1516 1239/1616/1278 
f 1439/1839/1501 1431/1828/1490 1457/1857/1519 1458/1858/1520 
f 1458/1858/1520 1457/1857/1519 1455/1855/1517 1454/1854/1516 
f 1277/1654/1316 1276/1653/1315 1459/1859/1521 1460/1860/1522 
f 1460/1860/1522 1459/1859/1521 1461/1861/1523 1462/1862/1524 
f 1276/1653/1315 1279/1656/1318 1463/1863/1525 1459/1859/1521 
f 1459/1859/1521 1463/1863/1525 1464/1864/1526 1461/1861/1523 
f 1465/1865/1527 1466/1866/1528 1295/1672/1334 1294/1671/1333 
f 1466/1866/1528 1467/1867/1529 1300/1677/1339 1295/1672/1334 
f 1462/1862/1524 1461/1861/1523 1466/1866/1528 1465/1865/1527 
f 1461/1861/1523 1464/1864/1526 1467/1867/1529 1466/1866/1528 
f 1280/1657/1319 1312/1689/1351 1468/1868/1530 1281/1658/1320 
f 1281/1658/1320 1468/1868/1530 1463/1863/1525 1279/1656/1318 
f 1312/1689/1351 1300/1677/1339 1467/1867/1529 1468/1868/1530 
f 1468/1868/1530 1467/1867/1529 1464/1864/1526 1463/1863/1525 
s 2
f 825/1869/133 919/1870/133 147/1871/133 44/1872/133 
f 9/1873/133 100/1874/133 875/1875/133 791/1876/133 
f 791/1876/133 875/1875/133 877/1877/133 789/1878/133 
f 789/1878/133 877/1877/133 881/1879/133 786/1880/133 
f 786/1880/133 881/1879/133 880/1881/133 787/1882/133 
f 787/1882/133 880/1881/133 883/1883/133 799/1884/133 
f 799/1884/133 883/1883/133 885/1885/133 797/1886/133 
f 797/1886/133 885/1885/133 889/1887/133 794/1888/133 
f 794/1888/133 889/1887/133 888/1889/133 795/1890/133 
f 795/1890/133 888/1889/133 891/1891/133 807/1892/133 
f 807/1892/133 891/1891/133 893/1893/133 805/1894/133 
f 805/1894/133 893/1893/133 897/1895/133 802/1896/133 
f 802/1896/133 897/1895/133 896/1897/133 803/1898/133 
f 803/1898/133 896/1897/133 899/1899/133 815/1900/133 
f 815/1900/133 899/1899/133 901/1901/133 813/1902/133 
f 813/1902/133 901/1901/133 905/1903/133 810/1904/133 
f 810/1904/133 905/1903/133 904/1905/133 811/1906/133 
f 811/1906/133 904/1905/133 907/1907/133 823/1908/133 
f 823/1908/133 907/1907/133 909/1909/133 821/1910/133 
f 821/1910/133 909/1909/133 913/1911/133 818/1912/133 
f 818/1912/133 913/1911/133 912/1913/133 819/1914/133 
f 819/1914/133 912/1913/133 915/1915/133 829/1916/133 
f 829/1916/133 915/1915/133 917/1917/133 827/1918/133 
f 827/1918/133 917/1917/133 919/1870/133 825/1869/133 
s 1
f 1078/1435/1088 1077/1434/1087 1088/1445/1103 1124/1485/1148 
f 1079/1436/1090 1078/1435/1088 1124/1485/1148 1084/1441/1096 
f 1082/1439/1094 1081/1438/1093 840/1085/1531 839/1084/1532 
f 1079/1436/1090 1082/1439/1094 839/1084/1532 836/1081/1091 
f 1086/1443/1098 1085/1442/1097 1133/1495/1158 1132/1494/1157 
f 1087/1444/1101 1086/1443/1098 1132/1494/1157 1091/1448/1106 
f 1089/1446/1104 1077/1434/1087 832/1077/1086 849/1094/1533 
f 1087/1444/1101 1089/1446/1104 849/1094/1533 846/1091/1102 
f 1093/1450/1109 1092/1449/1108 1103/1460/1124 1141/1503/1166 
f 1094/1451/1111 1093/1450/1109 1141/1503/1166 1099/1456/1117 
f 1096/1453/1114 1095/1452/1113 859/1104/1534 858/1103/1535 
f 1094/1451/1111 1096/1453/1114 858/1103/1535 854/1099/1112 
f 1101/1458/1120 1100/1457/1119 1110/1468/1133 1148/1512/1175 
f 1102/1459/1122 1101/1458/1120 1148/1512/1175 1150/1514/1177 
f 1104/1461/1125 1092/1449/1108 850/1095/1107 866/1111/1536 
f 1106/1463/1127 1104/1461/1125 866/1111/1536 867/1112/1537 
f 1108/1466/1129 356/1465/323 402/1519/377 1154/1522/1183 
f 1109/1467/1131 1108/1466/1129 1154/1522/1183 1113/1471/1136 
f 1111/1469/1134 1100/1457/1119 860/1105/1118 873/1120/1538 
f 1109/1467/1131 1111/1469/1134 873/1120/1538 870/1117/1132 
f 1158/1530/1191 1102/1459/1122 1150/1514/1177 1160/1532/1193 
f 1158/1530/1191 1106/1463/1127 867/1112/1537 1159/1531/1192 
f 1469/1919/1539 1126/1488/1151 946/1487/1150 945/1920/1540 
f 1470/1921/1541 1469/1919/1539 945/1920/1540 949/1922/1542 
f 1120/1480/1143 369/1479/339 320/1430/273 1076/1433/1085 
f 1123/1484/1147 1122/1483/1146 1135/1497/1160 1195/1923/1543 
f 1125/1486/1149 1123/1484/1147 1195/1923/1543 1129/1491/1154 
f 1127/1489/1152 1126/1488/1151 1080/1437/1092 1083/1440/1095 
f 1125/1486/1149 1127/1489/1152 1083/1440/1095 1084/1441/1096 
f 1131/1493/1156 1130/1492/1155 1202/1924/1544 1201/1925/1545 
f 1134/1496/1159 1131/1493/1156 1201/1925/1545 1138/1500/1163 
f 1136/1498/1161 1122/1483/1146 1088/1445/1103 1090/1447/1105 
f 1134/1496/1159 1136/1498/1161 1090/1447/1105 1091/1448/1106 
f 1140/1502/1165 1139/1501/1164 960/1516/1179 959/1926/1546 
f 1142/1504/1167 1140/1502/1165 959/1926/1546 963/1509/1172 
f 1144/1506/1169 1143/1505/1168 1098/1455/1116 1097/1454/1115 
f 1142/1504/1167 1144/1506/1169 1097/1454/1115 1099/1456/1117 
f 1147/1511/1174 1146/1510/1173 980/1524/1185 1115/1927/1547 
f 1149/1513/1176 1147/1511/1174 1115/1927/1547 1117/1928/1548 
f 1151/1517/1180 1139/1501/1164 1103/1460/1124 1105/1462/1126 
f 1151/1517/1180 1152/1518/1181 972/1929/1549 973/1515/1178 
f 1153/1521/1182 405/1520/380 211/1930/762 976/1931/1550 
f 1155/1523/1184 1153/1521/1182 976/1931/1550 978/1527/1188 
f 1156/1525/1186 1146/1510/1173 1110/1468/1133 1112/1470/1135 
f 1155/1523/1184 1156/1525/1186 1112/1470/1135 1113/1471/1136 
f 1161/1533/1194 1149/1513/1176 1118/1932/1551 
f 1152/1518/1181 1161/1533/1194 968/1933/1552 
s 2
f 1194/1570/1232 1197/1573/1235 1198/1574/1236 
f 1129/1569/1231 1197/1573/1235 1194/1570/1232 
f 1197/1573/1235 1191/1566/1228 1190/1565/1227 
s 1
f 1118/1932/1551 1149/1513/1176 1117/1928/1548 
f 1161/1533/1194 1118/1932/1551 969/1934/1553 
f 968/1933/1552 1161/1533/1194 969/1934/1553 
f 1152/1518/1181 968/1933/1552 972/1929/1549 
f 737/944/766 1471/1935/766 1472/1936/766 738/945/766 
f 1471/1935/766 1473/1937/1554 1474/1938/1554 1472/1936/766 
s 4
f 1475/1939/1555 1476/1940/1556 840/1085/862 
f 1477/1941/1557 1478/1942/1558 1479/1943/1559 1480/1944/1560 
s 5
f 831/1074/854 830/1073/853 1481/1945/1561 
s 1
f 1475/1939/1555 840/1085/1531 1482/1946/1562 
s 5
f 1483/1947/1563 1475/1939/1555 1482/1946/1562 1484/1948/1564 
s 1
f 1080/1437/1092 1126/1488/1151 1469/1919/1539 1485/1949/1565 
f 1485/1949/1565 1469/1919/1539 1470/1921/1541 1486/1950/1566 
f 1487/1951/1567 1081/1438/1093 1080/1437/1092 1485/1949/1565 
f 1488/1952/1568 1487/1951/1567 1485/1949/1565 1486/1950/1566 
f 1486/1950/1566 1470/1921/1541 1121/1482/1145 1489/1953/1569 
s 2
f 323/1954/782 738/1955/133 1472/1956/1570 1075/1957/1571 
f 1075/1957/1571 1472/1956/1570 1474/1958/1572 1490/1959/1573 
f 1481/1960/1574 1473/1961/1575 1471/1962/1576 831/1963/1577 
f 831/1963/1577 1471/1962/1576 737/976/262 52/975/262 
f 1474/1958/1572 1491/1964/1578 1492/1965/1579 1490/1959/1573 
f 1491/1964/1578 1493/1966/1580 1494/1967/1581 1492/1965/1579 
f 1493/1966/1580 1495/1968/1582 1496/1969/1583 1494/1967/1581 
f 1497/1970/1584 1498/1971/1585 1499/1972/1586 1500/1973/1587 
f 1498/1971/1585 1501/1974/1588 1502/1975/1589 1499/1972/1586 
f 1501/1974/1588 1503/1976/1590 1504/1977/1591 1502/1975/1589 
f 1500/1973/1587 1505/1978/1592 1506/1979/1593 1497/1970/1584 
f 1505/1978/1592 1507/1980/1594 1508/1981/1595 1506/1979/1593 
f 1507/1980/1594 1496/1969/1583 1495/1968/1582 1508/1981/1595 
f 1481/1960/1574 1509/1982/1596 1510/1983/1597 1473/1961/1575 
f 1509/1982/1596 1511/1984/1598 1512/1985/1599 1510/1983/1597 
f 1511/1984/1598 1504/1977/1591 1503/1976/1590 1512/1985/1599 
s 5
f 1490/1986/1600 1076/1433/1085 1075/1432/1084 
s 4
f 1479/1943/1559 1478/1942/1558 1476/1940/1556 
s 5
f 1511/1987/1601 1479/1943/1559 1504/1988/1602 
f 1481/1945/1561 830/1073/853 1513/1989/1603 1509/1990/1604 
f 1499/1991/1605 1483/1947/1563 1484/1948/1564 1500/1992/1606 
f 1502/1993/1607 1483/1947/1563 1499/1991/1605 
f 1504/1988/1602 1479/1943/1559 1514/1994/1608 1502/1993/1607 
s 2
f 790/1176/925 788/1174/924 924/1179/927 
f 924/1179/927 788/1174/924 922/1173/923 
s 5
f 1509/1990/1604 1513/1989/1603 1511/1987/1601 
f 1511/1987/1601 1513/1989/1603 1480/1944/1560 1479/1943/1559 
f 1496/1995/1609 1488/1952/1568 1486/1950/1566 1494/1996/1610 
f 1507/1997/1611 1488/1952/1568 1496/1995/1609 
f 1494/1996/1610 1486/1950/1566 1489/1953/1569 
s 1
f 1515/1998/1612 1487/1951/1567 1488/1952/1568 
s 5
f 1500/1992/1606 1515/1998/1612 1505/1999/1613 
f 1505/1999/1613 1515/1998/1612 1488/1952/1568 1507/1997/1611 
s 1
f 1489/1953/1569 1121/1482/1145 1120/1480/1143 1076/1433/1085 
s 5
f 1494/1996/1610 1489/1953/1569 1492/2000/1614 
f 1492/2000/1614 1489/1953/1569 1490/1986/1600 
f 1490/1986/1600 1489/1953/1569 1076/1433/1085 
s 4
f 841/1086/863 1478/1942/1558 1477/1941/1557 
f 840/1085/862 1478/1942/1558 841/1086/863 
s 1
f 1487/1951/1567 840/1085/1531 1081/1438/1093 
s 4
f 840/1085/862 1476/1940/1556 1478/1942/1558 
s 1
f 1482/1946/1562 840/1085/1531 1487/1951/1567 
s 5
f 1484/1948/1564 1482/1946/1562 1515/1998/1612 
f 1514/1994/1608 1476/1940/1556 1475/1939/1555 1483/1947/1563 
f 1500/1992/1606 1484/1948/1564 1515/1998/1612 
f 1502/1993/1607 1514/1994/1608 1483/1947/1563 
f 1515/1998/1612 1482/1946/1562 1487/1951/1567 
s 4
f 1479/1943/1559 1476/1940/1556 1514/1994/1608 
s 1
f 950/1481/1144 1121/1482/1145 949/1922/1542 
f 949/1922/1542 1121/1482/1145 1470/1921/1541 
f 1491/2001/1554 1510/2002/1554 1512/2003/829 1493/2004/829 
f 1474/1938/1554 1473/1937/1554 1510/2002/1554 1491/2001/1554 
f 1493/2004/829 1512/2003/829 1503/2005/766 1495/2006/766 
f 1495/2006/766 1503/2005/766 1501/2007/828 1508/2008/1554 
f 1508/2008/1554 1497/2009/828 1506/2010/1554 
f 1497/2009/828 1501/2007/828 1498/2011/828 
f 1508/2008/1554 1501/2007/828 1497/2009/828 
s 2
f 452/568/436 450/566/434 186/236/144 
f 952/1253/962 1200/1576/1238 953/1254/963 
f 1199/1575/1237 1202/1578/1240 953/1254/963 
f 201/569/159 199/249/157 198/248/156 
f 966/1267/976 965/1266/975 1516/2012/1615 
f 1517/2013/1616 702/2014/1617 582/2015/1618 1518/2016/1619 
f 1519/2017/1620 704/2018/1621 702/2014/1617 1517/2013/1616 
f 1520/2019/1622 709/2020/1623 708/2021/1624 1521/2022/1625 
f 1521/2022/1625 708/2021/1624 704/2018/1621 1519/2017/1620 
f 1522/2023/1626 457/2024/1626 454/2025/1627 1523/2026/1628 
f 1524/2027/1629 550/2028/1629 549/2029/1630 1525/2030/1631 
f 1526/2031/1632 553/2032/1632 550/2028/1629 1524/2027/1629 
f 1527/2033/1633 453/2034/1634 558/2035/1635 1528/2036/1636 
f 1528/2037/1636 558/2038/1635 553/2032/1632 1526/2031/1632 
f 1529/2039/1637 725/2040/1638 530/2041/1639 1530/2042/1640 
f 1531/2043/1641 727/2044/1642 725/2040/1638 1529/2039/1637 
f 1525/2030/1631 549/2029/1630 731/2045/1643 1532/2046/1644 
f 1532/2046/1644 731/2045/1643 727/2044/1642 1531/2043/1641 
f 1533/2047/1645 499/2048/1646 498/2049/1647 1534/2050/1648 
f 1535/2051/1649 502/2052/1649 499/2048/1646 1533/2047/1645 
f 1536/2053/1650 508/2054/1650 507/2055/1651 1537/2056/1652 
f 1537/2056/1652 507/2055/1651 502/2052/1649 1535/2051/1649 
f 1538/2057/1653 523/2058/1654 508/2054/1650 1536/2053/1650 
f 1539/2059/1655 525/2060/1656 523/2058/1654 1538/2057/1653 
f 1530/2042/1640 530/2041/1639 529/2061/1657 1540/2062/1658 
f 1540/2062/1658 529/2061/1657 525/2060/1656 1539/2059/1655 
f 1518/2016/1619 582/2015/1618 585/2063/1659 1541/2064/1660 
f 1541/2064/1660 585/2063/1659 580/2065/1661 1542/2066/1662 
f 1543/2067/1663 463/2068/1664 462/2069/1665 1544/2070/1665 
f 1544/2070/1665 462/2069/1665 457/2024/1626 1522/2023/1626 
f 1545/2071/1666 478/2072/1667 463/2068/1664 1543/2067/1663 
f 1546/2073/1668 480/2074/1669 478/2072/1667 1545/2071/1666 
f 1547/2075/1670 485/2076/1670 484/2077/1671 1548/2078/1672 
f 1549/2079/1673 568/2080/1674 485/2076/1670 1547/2075/1670 
f 1550/2081/1675 571/2082/1676 568/2080/1674 1549/2079/1673 
f 1548/2078/1672 484/2077/1671 480/2074/1669 1546/2073/1668 
f 1551/2083/1677 577/2084/1678 576/2085/1679 1552/2086/1680 
f 1552/2086/1680 576/2085/1679 571/2082/1676 1550/2081/1675 
f 1553/2087/1681 578/2088/1682 577/2084/1678 1551/2083/1677 
f 1542/2066/1662 580/2065/1661 578/2088/1682 1553/2087/1681 
f 1523/2026/1628 454/2025/1627 453/2034/1634 1527/2033/1633 
f 1554/2089/1683 1327/2090/1684 1441/2091/1685 1555/2092/1686 
f 1555/2092/1686 1441/2091/1685 1443/2093/1687 1556/2094/1688 
f 1557/2095/1689 1446/2096/1690 709/2097/1623 1520/2098/1622 
f 1556/2094/1688 1443/2093/1687 1446/2096/1690 1557/2095/1689 
f 1558/2099/1691 1206/2100/1692 1208/2101/1693 1559/2102/1693 
f 1560/2103/1694 1294/2104/1695 1297/2105/1696 1561/2106/1696 
f 1561/2106/1696 1297/2105/1696 1299/2107/1697 1562/2108/1697 
f 1562/2108/1697 1299/2107/1697 1303/2109/1698 1563/2110/1699 
f 1564/2111/1700 1277/2112/1701 1460/2113/1702 1565/2114/1703 
f 1565/2114/1703 1460/2113/1702 1462/2115/1704 1566/2116/1705 
f 1567/2117/1706 1465/2118/1707 1294/2104/1695 1560/2103/1694 
f 1566/2116/1705 1462/2115/1704 1465/2118/1707 1567/2117/1706 
f 1534/2050/1648 498/2049/1647 1249/2119/1708 1568/2120/1709 
f 1568/2120/1709 1249/2119/1708 1251/2121/1710 1569/2122/1710 
f 1570/2123/1711 1254/2124/1712 1257/2125/1713 1571/2126/1713 
f 1569/2122/1710 1251/2121/1710 1254/2124/1712 1570/2123/1711 
f 1571/2126/1713 1257/2125/1713 1269/2127/1714 1572/2128/1715 
f 1572/2128/1715 1269/2127/1714 1271/2129/1716 1573/2130/1717 
f 1574/2131/1718 1274/2132/1719 1277/2112/1701 1564/2111/1700 
f 1573/2130/1717 1271/2129/1716 1274/2132/1719 1574/2131/1718 
f 1575/2133/1720 1328/2134/1721 1327/2090/1684 1554/2089/1683 
f 1576/2135/1722 1326/2136/1723 1328/2134/1721 1575/2133/1720 
f 1577/2137/1724 1212/2138/1724 1215/2139/1725 1578/2140/1726 
f 1559/2102/1693 1208/2101/1693 1212/2138/1724 1577/2137/1724 
f 1578/2140/1726 1215/2139/1725 1229/2141/1727 1579/2142/1728 
f 1579/2142/1728 1229/2141/1727 1231/2143/1729 1580/2144/1730 
f 1581/2145/1731 1237/2146/1731 1315/2147/1732 1582/2148/1733 
f 1583/2149/1734 1234/2150/1735 1237/2146/1731 1581/2145/1731 
f 1582/2148/1733 1315/2147/1732 1317/2151/1736 1584/2152/1737 
f 1580/2144/1730 1231/2143/1729 1234/2150/1735 1583/2149/1734 
f 1585/2153/1738 1321/2154/1739 1324/2155/1740 1586/2156/1741 
f 1584/2152/1737 1317/2151/1736 1321/2154/1739 1585/2153/1738 
f 1586/2156/1741 1324/2155/1740 1323/2157/1742 1587/2158/1743 
f 1587/2158/1743 1323/2157/1742 1326/2136/1723 1576/2135/1722 
f 1588/2159/1744 1203/2160/1745 1206/2100/1692 1558/2099/1691 
f 1563/2161/1699 1303/2162/1698 1203/2160/1745 1588/2159/1744 
s 32
f 179/2163/1746 1589/2164/1747 1590/2165/1748 176/2166/1749 
f 181/2167/1750 1591/2168/1751 1589/2164/1747 179/2163/1746 
f 185/2169/1752 1592/2170/1753 1593/2171/1754 182/2172/1755 
f 182/2172/1755 1593/2171/1754 1591/2168/1751 181/2167/1750 
f 1594/2173/1756 1595/2174/1757 1596/2175/1758 188/2176/1759 
f 424/2177/1760 1597/2178/1761 1595/2174/1757 1594/2173/1756 
f 195/2179/1762 1598/2180/1763 1599/2181/1764 192/2182/1765 
f 197/2183/1766 1600/2184/1767 1598/2180/1763 195/2179/1762 
f 1596/2175/1758 1601/2185/1768 198/2186/1769 200/2187/1770 
f 198/2188/1769 1601/2189/1768 1600/2184/1767 197/2183/1766 
f 205/2190/1771 1602/2191/1772 1603/2192/1773 202/2193/1774 
f 207/2194/1775 1604/2195/1776 1602/2191/1772 205/2190/1771 
f 192/2182/1765 1599/2181/1764 1605/2196/1777 208/2197/1778 
f 208/2197/1778 1605/2196/1777 1604/2195/1776 207/2194/1775 
f 213/2198/1779 1606/2199/1780 1607/2200/1781 210/2201/1782 
f 215/2202/1783 1608/2203/1784 1606/2199/1780 213/2198/1779 
f 219/2204/1785 1609/2205/1786 1610/2206/1787 216/2207/1788 
f 216/2207/1788 1610/2206/1787 1608/2203/1784 215/2202/1783 
f 363/2208/1789 1611/2209/1790 1609/2205/1786 219/2204/1785 
f 365/2210/1791 1612/2211/1792 1611/2209/1790 363/2208/1789 
f 202/2193/1774 1603/2192/1773 1613/2212/1793 366/2213/1794 
f 366/2213/1794 1613/2212/1793 1612/2211/1792 365/2210/1791 
f 176/2166/1749 1590/2165/1748 1614/2214/1795 408/2215/1796 
f 408/2215/1796 1614/2214/1795 1615/2216/1797 414/2217/1798 
f 423/2218/1799 1616/2219/1800 1617/2220/1801 420/2221/1802 
f 420/2221/1802 1617/2220/1801 1597/2178/1761 424/2177/1760 
f 432/2222/1803 1618/2223/1804 1616/2219/1800 423/2218/1799 
f 434/2224/1805 1619/2225/1806 1618/2223/1804 432/2222/1803 
f 435/2226/1807 1620/2227/1808 1621/2228/1809 436/2229/1810 
f 438/2230/1811 1622/2231/1812 1620/2227/1808 435/2226/1807 
f 440/2232/1813 1623/2233/1814 1622/2231/1812 438/2230/1811 
f 436/2229/1810 1621/2228/1809 1619/2225/1806 434/2224/1805 
f 444/2234/1815 1624/2235/1816 1625/2236/1817 441/2237/1818 
f 441/2237/1818 1625/2236/1817 1623/2233/1814 440/2232/1813 
f 449/2238/1819 1626/2239/1820 1624/2235/1816 444/2234/1815 
f 414/2217/1798 1615/2216/1797 1626/2239/1820 449/2238/1819 
f 947/2240/1821 1627/2241/1822 1628/2242/1823 944/2243/1824 
f 944/2243/1824 1628/2242/1823 1629/2244/1825 948/2245/1826 
f 951/2246/1827 1630/2247/1828 1592/2248/1753 185/2249/1752 
f 948/2245/1826 1629/2244/1825 1630/2247/1828 951/2246/1827 
f 957/2250/1829 1631/2251/1830 1632/2252/1831 955/2253/1832 
f 961/2254/1833 1633/2255/1834 1634/2256/1835 958/2257/1836 
f 958/2257/1836 1634/2256/1835 1635/2258/1837 962/2259/1838 
f 962/2259/1838 1635/2258/1837 1636/2260/1839 965/2261/1840 
f 970/2262/1841 1637/2263/1842 1638/2264/1843 967/2265/1844 
f 967/2265/1844 1638/2264/1843 1639/2266/1845 971/2267/1846 
f 974/2268/1847 1640/2269/1848 1633/2255/1834 961/2254/1833 
f 971/2267/1846 1639/2266/1845 1640/2269/1848 974/2268/1847 
f 210/2201/1782 1607/2200/1781 1641/2270/1849 975/2271/1850 
f 975/2271/1850 1641/2270/1849 1642/2272/1851 977/2273/1852 
f 982/2274/1853 1643/2275/1854 1644/2276/1855 979/2277/1856 
f 977/2273/1852 1642/2272/1851 1643/2275/1854 982/2274/1853 
f 979/2277/1856 1644/2276/1855 1645/2278/1857 1114/2279/1858 
f 1114/2279/1858 1645/2278/1857 1646/2280/1859 1116/2281/1860 
f 1119/2282/1861 1647/2283/1862 1637/2263/1842 970/2262/1841 
f 1116/2281/1860 1646/2280/1859 1647/2283/1862 1119/2282/1861 
f 1157/2284/1863 1648/2285/1864 1627/2241/1822 947/2240/1821 
f 1163/2286/1865 1649/2287/1866 1648/2285/1864 1157/2284/1863 
f 1173/2288/1867 1650/2289/1868 1651/2290/1869 1170/2291/1870 
f 955/2253/1832 1632/2252/1831 1650/2289/1868 1173/2288/1867 
f 1170/2291/1870 1651/2290/1869 1652/2292/1871 1180/2293/1872 
f 1180/2293/1872 1652/2292/1871 1653/2294/1873 1182/2295/1874 
f 1184/2296/1875 1654/2297/1876 1655/2298/1877 1185/2299/1878 
f 1187/2300/1879 1656/2301/1880 1654/2297/1876 1184/2296/1875 
f 1185/2299/1878 1655/2298/1877 1657/2302/1881 1188/2303/1882 
f 1182/2295/1874 1653/2294/1873 1656/2301/1880 1187/2300/1879 
f 1193/2304/1883 1658/2305/1884 1659/2306/1885 1190/2307/1886 
f 1188/2303/1882 1657/2302/1881 1658/2305/1884 1193/2304/1883 
f 1190/2307/1886 1659/2306/1885 1660/2308/1887 1198/2309/1888 
f 1198/2309/1888 1660/2308/1887 1649/2287/1866 1163/2286/1865 
f 1661/2310/1889 1631/2251/1830 957/2250/1829 954/2311/1890 
f 965/2312/1840 1636/2313/1839 1661/2310/1889 1516/2314/1891 
f 1518/2315/1892 1590/2165/1748 1589/2164/1747 1517/2316/1893 
f 1517/2316/1893 1589/2164/1747 1591/2168/1751 1519/2317/1894 
f 1521/2318/1895 1593/2171/1754 1592/2170/1753 1520/2319/1896 
f 1519/2317/1894 1591/2168/1751 1593/2171/1754 1521/2318/1895 
f 1523/2320/1897 1595/2174/1757 1597/2178/1761 1522/2321/1898 
f 1525/2322/1899 1599/2181/1764 1598/2180/1763 1524/2323/1900 
f 1524/2323/1900 1598/2180/1763 1600/2184/1767 1526/2324/1901 
f 1528/2325/1902 1601/2185/1768 1596/2175/1758 1527/2326/1903 
f 1526/2324/1901 1600/2184/1767 1601/2189/1768 1528/2327/1902 
f 1530/2328/1904 1603/2192/1773 1602/2191/1772 1529/2329/1905 
f 1529/2329/1905 1602/2191/1772 1604/2195/1776 1531/2330/1906 
f 1532/2331/1907 1605/2196/1777 1599/2181/1764 1525/2322/1899 
f 1531/2330/1906 1604/2195/1776 1605/2196/1777 1532/2331/1907 
f 1534/2332/1908 1607/2200/1781 1606/2199/1780 1533/2333/1909 
f 1533/2333/1909 1606/2199/1780 1608/2203/1784 1535/2334/1910 
f 1537/2335/1911 1610/2206/1787 1609/2205/1786 1536/2336/1912 
f 1535/2334/1910 1608/2203/1784 1610/2206/1787 1537/2335/1911 
f 1536/2336/1912 1609/2205/1786 1611/2209/1790 1538/2337/1913 
f 1538/2337/1913 1611/2209/1790 1612/2211/1792 1539/2338/1914 
f 1540/2339/1915 1613/2212/1793 1603/2192/1773 1530/2328/1904 
f 1539/2338/1914 1612/2211/1792 1613/2212/1793 1540/2339/1915 
f 1541/2340/1916 1614/2214/1795 1590/2165/1748 1518/2315/1892 
f 1542/2341/1917 1615/2216/1797 1614/2214/1795 1541/2340/1916 
f 1544/2342/1918 1617/2220/1801 1616/2219/1800 1543/2343/1919 
f 1522/2321/1898 1597/2178/1761 1617/2220/1801 1544/2342/1918 
f 1543/2343/1919 1616/2219/1800 1618/2223/1804 1545/2344/1920 
f 1545/2344/1920 1618/2223/1804 1619/2225/1806 1546/2345/1921 
f 1548/2346/1922 1621/2228/1809 1620/2227/1808 1547/2347/1923 
f 1547/2347/1923 1620/2227/1808 1622/2231/1812 1549/2348/1924 
f 1549/2348/1924 1622/2231/1812 1623/2233/1814 1550/2349/1925 
f 1546/2345/1921 1619/2225/1806 1621/2228/1809 1548/2346/1922 
f 1552/2350/1926 1625/2236/1817 1624/2235/1816 1551/2351/1927 
f 1550/2349/1925 1623/2233/1814 1625/2236/1817 1552/2350/1926 
f 1551/2351/1927 1624/2235/1816 1626/2239/1820 1553/2352/1928 
f 1553/2352/1928 1626/2239/1820 1615/2216/1797 1542/2341/1917 
f 1527/2326/1903 1596/2175/1758 1595/2174/1757 1523/2320/1897 
f 1555/2353/1929 1628/2242/1823 1627/2241/1822 1554/2354/1930 
f 1556/2355/1931 1629/2244/1825 1628/2242/1823 1555/2353/1929 
f 1520/2356/1896 1592/2248/1753 1630/2247/1828 1557/2357/1932 
f 1557/2357/1932 1630/2247/1828 1629/2244/1825 1556/2355/1931 
f 1559/2358/1933 1632/2252/1831 1631/2251/1830 1558/2359/1934 
f 1561/2360/1935 1634/2256/1835 1633/2255/1834 1560/2361/1936 
f 1562/2362/1937 1635/2258/1837 1634/2256/1835 1561/2360/1935 
f 1563/2363/1938 1636/2260/1839 1635/2258/1837 1562/2362/1937 
f 1565/2364/1939 1638/2264/1843 1637/2263/1842 1564/2365/1940 
f 1566/2366/1941 1639/2266/1845 1638/2264/1843 1565/2364/1939 
f 1560/2361/1936 1633/2255/1834 1640/2269/1848 1567/2367/1942 
f 1567/2367/1942 1640/2269/1848 1639/2266/1845 1566/2366/1941 
f 1568/2368/1943 1641/2270/1849 1607/2200/1781 1534/2332/1908 
f 1569/2369/1944 1642/2272/1851 1641/2270/1849 1568/2368/1943 
f 1571/2370/1945 1644/2276/1855 1643/2275/1854 1570/2371/1946 
f 1570/2371/1946 1643/2275/1854 1642/2272/1851 1569/2369/1944 
f 1572/2372/1947 1645/2278/1857 1644/2276/1855 1571/2370/1945 
f 1573/2373/1948 1646/2280/1859 1645/2278/1857 1572/2372/1947 
f 1564/2365/1940 1637/2263/1842 1647/2283/1862 1574/2374/1949 
f 1574/2374/1949 1647/2283/1862 1646/2280/1859 1573/2373/1948 
f 1554/2354/1930 1627/2241/1822 1648/2285/1864 1575/2375/1950 
f 1575/2375/1950 1648/2285/1864 1649/2287/1866 1576/2376/1951 
f 1578/2377/1952 1651/2290/1869 1650/2289/1868 1577/2378/1953 
f 1577/2378/1953 1650/2289/1868 1632/2252/1831 1559/2358/1933 
f 1579/2379/1954 1652/2292/1871 1651/2290/1869 1578/2377/1952 
f 1580/2380/1955 1653/2294/1873 1652/2292/1871 1579/2379/1954 
f 1582/2381/1956 1655/2298/1877 1654/2297/1876 1581/2382/1957 
f 1581/2382/1957 1654/2297/1876 1656/2301/1880 1583/2383/1958 
f 1584/2384/1959 1657/2302/1881 1655/2298/1877 1582/2381/1956 
f 1583/2383/1958 1656/2301/1880 1653/2294/1873 1580/2380/1955 
f 1586/2385/1960 1659/2306/1885 1658/2305/1884 1585/2386/1961 
f 1585/2386/1961 1658/2305/1884 1657/2302/1881 1584/2384/1959 
f 1587/2387/1962 1660/2308/1887 1659/2306/1885 1586/2385/1960 
f 1576/2376/1951 1649/2287/1866 1660/2308/1887 1587/2387/1962 
f 1558/2359/1934 1631/2251/1830 1661/2310/1889 1588/2388/1963 
f 1588/2388/1963 1661/2310/1889 1636/2313/1839 1563/2389/1938 
s 2
f 191/241/149 424/539/407 1594/2390/1964 187/237/145 
f 187/237/145 1594/2390/1964 188/238/146 
f 189/239/147 187/237/145 186/236/144 
s 32
f 54/2391/1965 1662/2392/1966 1663/2393/1967 51/2394/1968 
f 56/2395/1969 1664/2396/1970 1665/2397/1971 57/2398/1972 
f 57/2398/1972 1665/2397/1971 1666/2399/1973 59/2400/1974 
f 64/2401/1975 1667/2402/1976 1668/2403/1977 61/2404/1978 
f 59/2400/1974 1666/2399/1973 1667/2402/1976 64/2401/1975 
f 65/2405/1979 1669/2406/1980 1670/2407/1981 66/2408/1982 
f 68/2409/1983 1671/2410/1984 1669/2411/1980 65/2412/1979 
f 66/2408/1982 1670/2407/1981 1672/2413/1985 69/2414/1986 
f 72/2415/1987 1673/2416/1988 1664/2396/1970 56/2395/1969 
f 69/2414/1986 1672/2413/1985 1673/2416/1988 72/2415/1987 
f 74/2417/1989 1674/2418/1990 1675/2419/1991 75/2420/1992 
f 75/2420/1992 1675/2419/1991 1676/2421/1993 77/2422/1994 
f 79/2423/1995 1669/2411/1980 1671/2410/1984 80/2424/1996 
f 82/2425/1997 1677/2426/1998 1669/2406/1980 79/2427/1995 
f 77/2422/1994 1676/2421/1993 1677/2426/1998 82/2425/1997 
f 84/2428/1999 1678/2429/2000 1679/2430/2001 85/2431/2002 
f 89/2432/2003 1680/2433/2004 1674/2418/1990 74/2417/1989 
f 92/2434/2005 1681/2435/2006 1682/2436/2007 93/2437/2008 
f 93/2437/2008 1682/2436/2007 1683/2438/2009 95/2439/2010 
f 98/2440/2011 1684/2441/2012 1678/2429/2000 84/2428/1999 
f 95/2439/2010 1683/2438/2009 1684/2441/2012 98/2440/2011 
f 150/2442/2013 1685/2443/2014 1668/2403/1977 149/2444/2015 
f 151/2445/2016 1686/2446/2017 1685/2443/2014 150/2442/2013 
f 152/2447/2018 1663/2393/1967 1662/2392/1966 153/2448/2019 
f 153/2448/2019 1662/2392/1966 1687/2449/2020 154/2450/2021 
f 156/2451/2022 1665/2397/1971 1664/2396/1970 155/2452/2023 
f 157/2453/2024 1666/2399/1973 1665/2397/1971 156/2451/2022 
f 149/2444/2015 1668/2403/1977 1667/2402/1976 158/2454/2025 
f 158/2454/2025 1667/2402/1976 1666/2399/1973 157/2453/2024 
f 160/2455/2026 1670/2407/1981 1669/2406/1980 159/2456/2027 
f 161/2457/2028 1672/2413/1985 1670/2407/1981 160/2455/2026 
f 155/2452/2023 1664/2396/1970 1673/2416/1988 162/2458/2029 
f 162/2458/2029 1673/2416/1988 1672/2413/1985 161/2457/2028 
f 164/2459/2030 1675/2419/1991 1674/2418/1990 163/2460/2031 
f 165/2461/2032 1676/2421/1993 1675/2419/1991 164/2459/2030 
f 159/2456/2027 1669/2406/1980 1677/2426/1998 166/2462/2033 
f 166/2462/2033 1677/2426/1998 1676/2421/1993 165/2461/2032 
f 168/2463/2034 1679/2430/2001 1678/2429/2000 167/2464/2035 
f 169/2465/2036 1688/2466/2037 1679/2430/2001 168/2463/2034 
f 163/2460/2031 1674/2418/1990 1680/2433/2004 170/2467/2038 
f 170/2467/2038 1680/2433/2004 1688/2466/2037 169/2465/2036 
f 172/2468/2039 1682/2436/2007 1681/2435/2006 171/2469/2040 
f 173/2470/2041 1683/2438/2009 1682/2436/2007 172/2468/2039 
f 167/2464/2035 1678/2429/2000 1684/2441/2012 174/2471/2042 
f 174/2471/2042 1684/2441/2012 1683/2438/2009 173/2470/2041 
f 188/2472/1759 1596/2473/1758 1689/2474/2043 186/2475/2044 
f 199/2476/2045 1689/2474/2043 1596/2473/1758 200/2477/1770 
s 8
f 333/2478/2046 1690/2479/2047 1671/2410/2048 68/2409/2049 
f 345/2480/2050 1690/2479/2047 1691/2481/2051 342/2482/2052 
f 382/2483/2053 1692/2484/2054 1691/2481/2051 379/2485/2055 
f 394/2486/2056 1692/2484/2054 1693/2487/2057 392/2488/2058 
s 32
f 85/2431/2002 1679/2430/2001 1688/2466/2037 413/2489/2059 
f 413/2489/2059 1688/2466/2037 1680/2433/2004 89/2432/2003 
f 392/2488/2060 1693/2487/2061 1689/2474/2043 199/2476/2045 
s 8
f 379/2485/2055 1691/2481/2051 1690/2479/2047 333/2478/2046 
f 80/2424/2062 1671/2410/2048 1690/2479/2047 345/2480/2050 
f 452/2490/2063 1693/2487/2057 1692/2484/2054 382/2483/2053 
f 342/2482/2052 1691/2481/2051 1692/2484/2054 394/2486/2056 
s 32
f 748/2491/2064 1685/2443/2014 1686/2446/2017 745/2492/2065 
f 781/2493/2066 1687/2449/2020 1662/2392/1966 54/2391/1965 
f 154/2450/2021 1687/2449/2020 1686/2446/2017 151/2445/2016 
f 745/2492/2065 1686/2446/2017 1687/2449/2020 781/2493/2066 
f 61/2404/1978 1668/2403/1977 1685/2443/2014 748/2491/2064 
f 51/2494/1968 1663/2495/1967 1694/2496/2067 830/2497/2068 
f 834/2498/2069 1695/2499/2070 1696/2500/2071 835/2501/2072 
f 837/2502/2073 1697/2503/2074 1695/2499/2070 834/2498/2069 
f 841/2504/2075 1698/2505/2076 1699/2506/2077 838/2507/2078 
f 838/2507/2078 1699/2506/2077 1697/2503/2074 837/2502/2073 
f 844/2508/2079 1700/2509/2080 1701/2510/2081 845/2511/2082 
f 845/2512/2082 1701/2513/2081 1702/2514/2083 842/2515/2084 
f 847/2516/2085 1703/2517/2086 1700/2509/2080 844/2508/2079 
f 835/2501/2072 1696/2500/2071 1704/2518/2087 848/2519/2088 
f 848/2519/2088 1704/2518/2087 1703/2517/2086 847/2516/2085 
f 852/2520/2089 1705/2521/2090 1706/2522/2091 853/2523/2092 
f 855/2524/2093 1707/2525/2094 1705/2521/2090 852/2520/2089 
f 856/2526/2095 1701/2510/2081 1708/2527/2096 857/2528/2097 
f 859/2529/2098 1702/2514/2083 1701/2513/2081 856/2530/2095 
f 857/2528/2097 1708/2527/2096 1707/2525/2094 855/2524/2093 
f 862/2531/2099 1709/2532/2100 1710/2533/2101 863/2534/2102 
f 853/2523/2092 1706/2522/2091 1711/2535/2103 865/2536/2104 
f 869/2537/2105 1712/2538/2106 1681/2539/2006 92/2540/2005 
f 871/2541/2107 1713/2542/2108 1712/2538/2106 869/2537/2105 
f 863/2534/2102 1710/2533/2101 1714/2543/2109 872/2544/2110 
f 872/2544/2110 1714/2543/2109 1713/2542/2108 871/2541/2107 
f 921/2545/2111 1698/2505/2076 1715/2546/2112 920/2547/2113 
f 920/2547/2113 1715/2546/2112 1716/2548/2114 922/2549/2115 
f 923/2550/2116 1694/2496/2067 1663/2495/1967 152/2551/2018 
f 924/2552/2117 1717/2553/2118 1694/2496/2067 923/2550/2116 
f 926/2554/2119 1696/2500/2071 1695/2499/2070 925/2555/2120 
f 925/2555/2120 1695/2499/2070 1697/2503/2074 927/2556/2121 
f 928/2557/2122 1699/2506/2077 1698/2505/2076 921/2545/2111 
f 927/2556/2121 1697/2503/2074 1699/2506/2077 928/2557/2122 
f 930/2558/2123 1701/2510/2081 1700/2509/2080 929/2559/2124 
f 929/2559/2124 1700/2509/2080 1703/2517/2086 931/2560/2125 
f 932/2561/2126 1704/2518/2087 1696/2500/2071 926/2554/2119 
f 931/2560/2125 1703/2517/2086 1704/2518/2087 932/2561/2126 
f 934/2562/2127 1706/2522/2091 1705/2521/2090 933/2563/2128 
f 933/2563/2128 1705/2521/2090 1707/2525/2094 935/2564/2129 
f 936/2565/2130 1708/2527/2096 1701/2510/2081 930/2558/2123 
f 935/2564/2129 1707/2525/2094 1708/2527/2096 936/2565/2130 
f 938/2566/2131 1710/2533/2101 1709/2532/2100 937/2567/2132 
f 937/2567/2132 1709/2532/2100 1718/2568/2133 939/2569/2134 
f 940/2570/2135 1711/2535/2103 1706/2522/2091 934/2562/2127 
f 939/2569/2134 1718/2568/2133 1711/2535/2103 940/2570/2135 
f 171/2571/2040 1681/2539/2006 1712/2538/2106 941/2572/2136 
f 941/2572/2136 1712/2538/2106 1713/2542/2108 942/2573/2137 
f 943/2574/2138 1714/2543/2109 1710/2533/2101 938/2566/2131 
f 942/2573/2137 1713/2542/2108 1714/2543/2109 943/2574/2138 
f 953/2575/2139 1719/2576/2140 1661/2577/1889 954/2578/1890 
s 8
f 842/2515/2141 1702/2514/2142 1720/2579/2143 1085/2580/2144 
f 1098/2581/2145 1721/2582/2146 1720/2579/2143 1095/2583/2147 
f 1133/2584/2148 1721/2582/2146 1722/2585/2149 1130/2586/2150 
f 1145/2587/2151 1723/2588/2152 1722/2585/2149 1143/2589/2153 
s 32
f 1162/2590/2154 1718/2568/2133 1709/2532/2100 862/2531/2099 
f 865/2536/2104 1711/2535/2103 1718/2568/2133 1162/2590/2154 
f 966/2591/2155 1719/2576/2140 1723/2588/2156 1145/2587/2157 
s 8
f 1085/2580/2144 1720/2579/2143 1721/2582/2146 1133/2584/2148 
f 1095/2583/2147 1720/2579/2143 1702/2514/2142 859/2529/2158 
f 1130/2586/2150 1722/2585/2149 1723/2588/2152 1202/2592/2159 
f 1143/2589/2153 1722/2585/2149 1721/2582/2146 1098/2581/2145 
s 32
f 1480/2593/2160 1716/2548/2114 1715/2546/2112 1477/2594/2161 
f 830/2497/2068 1694/2496/2067 1717/2553/2118 1513/2595/2162 
f 922/2549/2115 1716/2548/2114 1717/2553/2118 924/2552/2117 
f 1513/2595/2162 1717/2553/2118 1716/2548/2114 1480/2593/2160 
f 1477/2594/2161 1715/2546/2112 1698/2505/2076 841/2504/2075 
f 186/2475/2044 1689/2474/2043 1693/2487/2061 452/2490/2163 
f 1202/2592/2164 1723/2588/2156 1719/2576/2140 953/2575/2139 
f 1516/2596/1891 1661/2577/1889 1719/2576/2140 966/2591/2155 
s 4
f 468/586/453 471/589/456 497/615/482 
f 1247/1624/1286 1219/1596/1258 1218/1595/1257 
s 2
f 1724/2597/2165 1725/2598/2166 1726/2599/2167 1727/2600/2168 
f 1725/2598/2166 1728/2601/2169 1729/2602/2170 1726/2599/2167 
f 1730/2603/2171 1731/2604/2172 1726/2599/2167 1729/2602/2170 
f 1731/2604/2172 1732/2605/2173 1727/2600/2168 1726/2599/2167 
f 1728/2601/2169 1733/2606/2174 1734/2607/2175 1729/2602/2170 
f 1733/2606/2174 1735/2608/2176 1736/2609/2177 1734/2607/2175 
f 1737/2610/2178 1738/2611/2179 1734/2607/2175 1736/2609/2177 
f 1738/2611/2179 1730/2603/2171 1729/2602/2170 1734/2607/2175 
f 1735/2608/2176 1739/2612/2180 1740/2613/2181 1736/2609/2177 
f 1739/2612/2180 1741/2614/2182 1742/2615/2183 1740/2613/2181 
f 1743/2616/2184 1744/2617/2185 1740/2613/2181 1742/2615/2183 
f 1744/2617/2185 1737/2610/2178 1736/2609/2177 1740/2613/2181 
f 1741/2614/2182 1745/2618/2186 1746/2619/2187 1742/2615/2183 
f 1745/2618/2186 1747/2620/2188 1748/2621/2189 1746/2619/2187 
f 1749/2622/2190 1750/2623/2191 1746/2619/2187 1748/2621/2189 
f 1750/2623/2191 1743/2616/2184 1742/2615/2183 1746/2619/2187 
f 1732/2605/2173 1731/2604/2172 1751/2624/2192 1752/2625/2193 
f 1731/2604/2172 1730/2603/2171 1753/2626/2194 1751/2624/2192 
f 1754/2627/2195 1755/2628/2196 1751/2624/2192 1753/2626/2194 
f 1755/2628/2196 1756/2629/2197 1752/2625/2193 1751/2624/2192 
f 1730/2603/2171 1738/2611/2179 1757/2630/2198 1753/2626/2194 
f 1738/2611/2179 1737/2610/2178 1758/2631/2199 1757/2630/2198 
f 1759/2632/2200 1760/2633/2201 1757/2630/2198 1758/2631/2199 
f 1760/2633/2201 1754/2627/2195 1753/2626/2194 1757/2630/2198 
f 1737/2610/2178 1744/2617/2185 1761/2634/2202 1758/2631/2199 
f 1744/2617/2185 1743/2616/2184 1762/2635/2203 1761/2634/2202 
f 1763/2636/2204 1764/2637/2205 1761/2634/2202 1762/2635/2203 
f 1764/2637/2205 1759/2632/2200 1758/2631/2199 1761/2634/2202 
f 1743/2616/2184 1750/2623/2191 1765/2638/2206 1762/2635/2203 
f 1750/2623/2191 1749/2622/2190 1766/2639/2207 1765/2638/2206 
f 1767/2640/2208 1768/2641/2209 1765/2638/2206 1766/2639/2207 
f 1768/2641/2209 1763/2636/2204 1762/2635/2203 1765/2638/2206 
f 1756/2629/2197 1755/2628/2196 1769/2642/2210 1770/2643/2211 
f 1755/2628/2196 1754/2627/2195 1771/2644/2212 1769/2642/2210 
f 1772/2645/2213 1773/2646/2214 1769/2642/2210 1771/2644/2212 
f 1773/2646/2214 1774/2647/2215 1770/2643/2211 1769/2642/2210 
f 1754/2627/2195 1760/2633/2201 1775/2648/2216 1771/2644/2212 
f 1760/2633/2201 1759/2632/2200 1776/2649/2217 1775/2648/2216 
f 1777/2650/2218 1778/2651/2219 1775/2648/2216 1776/2649/2217 
f 1778/2651/2219 1772/2645/2213 1771/2644/2212 1775/2648/2216 
f 1759/2632/2200 1764/2637/2205 1779/2652/2220 1776/2649/2217 
f 1764/2637/2205 1763/2636/2204 1780/2653/2221 1779/2652/2220 
f 1781/2654/2222 1782/2655/2223 1779/2652/2220 1780/2653/2221 
f 1782/2655/2223 1777/2650/2218 1776/2649/2217 1779/2652/2220 
f 1763/2636/2204 1768/2641/2209 1783/2656/2224 1780/2653/2221 
f 1768/2641/2209 1767/2640/2208 1784/2657/2225 1783/2656/2224 
f 1785/2658/2226 1786/2659/2227 1783/2656/2224 1784/2657/2225 
f 1786/2659/2227 1781/2654/2222 1780/2653/2221 1783/2656/2224 
f 1774/2647/2215 1773/2646/2214 1787/2660/2228 1788/2661/2229 
f 1773/2646/2214 1772/2645/2213 1789/2662/2230 1787/2660/2228 
f 1790/2663/2231 1791/2664/2232 1787/2660/2228 1789/2662/2230 
f 1791/2664/2232 1792/2665/2233 1788/2661/2229 1787/2660/2228 
f 1772/2645/2213 1778/2651/2219 1793/2666/2234 1789/2662/2230 
f 1778/2651/2219 1777/2650/2218 1794/2667/2235 1793/2666/2234 
f 1795/2668/2236 1796/2669/2237 1793/2666/2234 1794/2667/2235 
f 1796/2669/2237 1790/2663/2231 1789/2662/2230 1793/2666/2234 
f 1777/2650/2218 1782/2655/2223 1797/2670/2238 1794/2667/2235 
f 1782/2655/2223 1781/2654/2222 1798/2671/2239 1797/2670/2238 
f 1799/2672/2240 1800/2673/2241 1797/2670/2238 1798/2671/2239 
f 1800/2673/2241 1795/2668/2236 1794/2667/2235 1797/2670/2238 
f 1781/2654/2222 1786/2659/2227 1801/2674/2242 1798/2671/2239 
f 1786/2659/2227 1785/2658/2226 1802/2675/2243 1801/2674/2242 
f 1803/2676/133 1804/2677/2244 1801/2674/2242 1802/2675/2243 
f 1804/2677/2244 1799/2672/2240 1798/2671/2239 1801/2674/2242 
f 1805/2678/2245 1806/2679/2246 1807/2680/2247 1808/2681/2248 
f 1806/2679/2246 1809/2682/2249 1810/2683/2250 1807/2680/2247 
f 1811/2684/2251 1812/2685/2252 1807/2680/2247 1810/2683/2250 
f 1812/2685/2252 1813/2686/2253 1808/2681/2248 1807/2680/2247 
f 1813/2686/2253 1812/2685/2252 1814/2687/2254 1815/2688/2255 
f 1812/2685/2252 1811/2684/2251 1816/2689/2256 1814/2687/2254 
f 1817/2690/2257 1818/2691/2258 1814/2687/2254 1816/2689/2256 
f 1818/2691/2258 1819/2692/2259 1815/2688/2255 1814/2687/2254 
f 1819/2692/2259 1818/2691/2258 1820/2693/2260 1821/2694/2261 
f 1818/2691/2258 1817/2690/2257 1822/2695/2262 1820/2693/2260 
f 1823/2696/2263 1824/2697/2264 1820/2693/2260 1822/2695/2262 
f 1824/2697/2264 1825/2698/2265 1821/2694/2261 1820/2693/2260 
f 1825/2698/2265 1824/2697/2264 1826/2699/2266 1827/2700/2267 
f 1824/2697/2264 1823/2696/2263 1828/2701/2268 1826/2699/2266 
f 1829/2702/2269 1830/2703/2270 1826/2699/2266 1828/2701/2268 
f 1830/2703/2270 1831/2704/2271 1827/2700/2267 1826/2699/2266 
f 1832/2705/2272 1833/2706/2273 1834/2707/2274 1835/2708/2275 
f 1833/2706/2273 1805/2678/2245 1808/2681/2248 1834/2707/2274 
f 1813/2686/2253 1836/2709/2276 1834/2707/2274 1808/2681/2248 
f 1836/2709/2276 1837/2710/2277 1835/2708/2275 1834/2707/2274 
f 1837/2710/2277 1836/2709/2276 1838/2711/2278 1839/2712/2279 
f 1836/2709/2276 1813/2686/2253 1815/2688/2255 1838/2711/2278 
f 1819/2692/2259 1840/2713/2280 1838/2711/2278 1815/2688/2255 
f 1840/2713/2280 1841/2714/2281 1839/2712/2279 1838/2711/2278 
f 1841/2714/2281 1840/2713/2280 1842/2715/2282 1843/2716/2283 
f 1840/2713/2280 1819/2692/2259 1821/2694/2261 1842/2715/2282 
f 1825/2698/2265 1844/2717/2284 1842/2715/2282 1821/2694/2261 
f 1844/2717/2284 1845/2718/2285 1843/2716/2283 1842/2715/2282 
f 1845/2718/2285 1844/2717/2284 1846/2719/2286 1847/2720/2287 
f 1844/2717/2284 1825/2698/2265 1827/2700/2267 1846/2719/2286 
f 1831/2704/2271 1848/2721/2288 1846/2719/2286 1827/2700/2267 
f 1848/2721/2288 1849/2722/2289 1847/2720/2287 1846/2719/2286 
f 1850/2723/2290 1851/2724/2291 1852/2725/2292 1853/2726/2293 
f 1851/2724/2291 1832/2705/2272 1835/2708/2275 1852/2725/2292 
f 1837/2710/2277 1854/2727/2294 1852/2725/2292 1835/2708/2275 
f 1854/2727/2294 1855/2728/2295 1853/2726/2293 1852/2725/2292 
f 1855/2728/2295 1854/2727/2294 1856/2729/2296 1857/2730/2297 
f 1854/2727/2294 1837/2710/2277 1839/2712/2279 1856/2729/2296 
f 1841/2714/2281 1858/2731/2298 1856/2729/2296 1839/2712/2279 
f 1858/2731/2298 1859/2732/2299 1857/2730/2297 1856/2729/2296 
f 1859/2732/2299 1858/2731/2298 1860/2733/2300 1861/2734/2301 
f 1858/2731/2298 1841/2714/2281 1843/2716/2283 1860/2733/2300 
f 1845/2718/2285 1862/2735/2302 1860/2733/2300 1843/2716/2283 
f 1862/2735/2302 1863/2736/2303 1861/2734/2301 1860/2733/2300 
f 1863/2736/2303 1862/2735/2302 1864/2737/2304 1865/2738/2305 
f 1862/2735/2302 1845/2718/2285 1847/2720/2287 1864/2737/2304 
f 1849/2722/2289 1866/2739/2306 1864/2737/2304 1847/2720/2287 
f 1866/2739/2306 1867/2740/2307 1865/2738/2305 1864/2737/2304 
f 1747/2620/2188 1868/2741/2308 1869/2742/2309 1748/2621/2189 
f 1868/2741/2308 1850/2723/2290 1853/2726/2293 1869/2742/2309 
f 1855/2728/2295 1870/2743/2310 1869/2742/2309 1853/2726/2293 
f 1870/2743/2310 1749/2622/2190 1748/2621/2189 1869/2742/2309 
f 1749/2622/2190 1870/2743/2310 1871/2744/2311 1766/2639/2207 
f 1870/2743/2310 1855/2728/2295 1857/2730/2297 1871/2744/2311 
f 1859/2732/2299 1872/2745/2312 1871/2744/2311 1857/2730/2297 
f 1872/2745/2312 1767/2640/2208 1766/2639/2207 1871/2744/2311 
f 1767/2640/2208 1872/2745/2312 1873/2746/2313 1784/2657/2225 
f 1872/2745/2312 1859/2732/2299 1861/2734/2301 1873/2746/2313 
f 1863/2736/2303 1874/2747/2314 1873/2746/2313 1861/2734/2301 
f 1874/2747/2314 1785/2658/2226 1784/2657/2225 1873/2746/2313 
f 1785/2658/2226 1874/2747/2314 1875/2748/2315 1802/2675/2243 
f 1874/2747/2314 1863/2736/2303 1865/2738/2305 1875/2748/2315 
f 1867/2740/2307 1876/2749/2316 1875/2748/2315 1865/2738/2305 
f 1876/2749/2316 1803/2676/133 1802/2675/2243 1875/2748/2315 
f 1877/2750/2317 1878/2751/2318 1879/2752/2319 1880/2753/2320 
f 1878/2751/2318 1881/2754/2321 1882/2755/2322 1879/2752/2319 
f 1883/2756/2323 1884/2757/2324 1879/2752/2319 1882/2755/2322 
f 1884/2757/2324 1885/2758/2325 1880/2753/2320 1879/2752/2319 
f 1881/2754/2321 1886/2759/2326 1887/2760/2327 1882/2755/2322 
f 1886/2759/2326 1888/2761/2328 1889/2762/2329 1887/2760/2327 
f 1890/2763/2330 1891/2764/2331 1887/2760/2327 1889/2762/2329 
f 1891/2764/2331 1883/2756/2323 1882/2755/2322 1887/2760/2327 
f 1888/2761/2328 1892/2765/2332 1893/2766/2333 1889/2762/2329 
f 1892/2765/2332 1894/2767/2334 1895/2768/2335 1893/2766/2333 
f 1896/2769/2336 1897/2770/2337 1893/2766/2333 1895/2768/2335 
f 1897/2770/2337 1890/2763/2330 1889/2762/2329 1893/2766/2333 
f 1894/2767/2334 1898/2771/2338 1899/2772/2339 1895/2768/2335 
f 1898/2771/2338 1900/2773/2340 1901/2774/2341 1899/2772/2339 
f 1902/2775/2342 1903/2776/2343 1899/2772/2339 1901/2774/2341 
f 1903/2776/2343 1896/2769/2336 1895/2768/2335 1899/2772/2339 
f 1885/2758/2325 1884/2757/2324 1904/2777/2344 1905/2778/2345 
f 1884/2757/2324 1883/2756/2323 1906/2779/2346 1904/2777/2344 
f 1907/2780/2347 1908/2781/2348 1904/2777/2344 1906/2779/2346 
f 1908/2781/2348 1909/2782/2349 1905/2778/2345 1904/2777/2344 
f 1883/2756/2323 1891/2764/2331 1910/2783/2350 1906/2779/2346 
f 1891/2764/2331 1890/2763/2330 1911/2784/2351 1910/2783/2350 
f 1912/2785/2352 1913/2786/2353 1910/2783/2350 1911/2784/2351 
f 1913/2786/2353 1907/2780/2347 1906/2779/2346 1910/2783/2350 
f 1890/2763/2330 1897/2770/2337 1914/2787/2354 1911/2784/2351 
f 1897/2770/2337 1896/2769/2336 1915/2788/2355 1914/2787/2354 
f 1916/2789/2356 1917/2790/2357 1914/2787/2354 1915/2788/2355 
f 1917/2790/2357 1912/2785/2352 1911/2784/2351 1914/2787/2354 
f 1896/2769/2336 1903/2776/2343 1918/2791/2358 1915/2788/2355 
f 1903/2776/2343 1902/2775/2342 1919/2792/2359 1918/2791/2358 
f 1920/2793/2360 1921/2794/2361 1918/2791/2358 1919/2792/2359 
f 1921/2794/2361 1916/2789/2356 1915/2788/2355 1918/2791/2358 
f 1909/2782/2349 1908/2781/2348 1922/2795/2362 1923/2796/2363 
f 1908/2781/2348 1907/2780/2347 1924/2797/2364 1922/2795/2362 
f 1925/2798/2365 1926/2799/2366 1922/2795/2362 1924/2797/2364 
f 1926/2799/2366 1927/2800/2367 1923/2796/2363 1922/2795/2362 
f 1907/2780/2347 1913/2786/2353 1928/2801/2368 1924/2797/2364 
f 1913/2786/2353 1912/2785/2352 1929/2802/2369 1928/2801/2368 
f 1930/2803/2370 1931/2804/2371 1928/2801/2368 1929/2802/2369 
f 1931/2804/2371 1925/2798/2365 1924/2797/2364 1928/2801/2368 
f 1912/2785/2352 1917/2790/2357 1932/2805/2372 1929/2802/2369 
f 1917/2790/2357 1916/2789/2356 1933/2806/2373 1932/2805/2372 
f 1934/2807/2374 1935/2808/2375 1932/2805/2372 1933/2806/2373 
f 1935/2808/2375 1930/2803/2370 1929/2802/2369 1932/2805/2372 
f 1916/2789/2356 1921/2794/2361 1936/2809/2376 1933/2806/2373 
f 1921/2794/2361 1920/2793/2360 1937/2810/2377 1936/2809/2376 
f 1938/2811/2378 1939/2812/2379 1936/2809/2376 1937/2810/2377 
f 1939/2812/2379 1934/2807/2374 1933/2806/2373 1936/2809/2376 
f 1927/2800/2367 1926/2799/2366 1940/2813/2380 1941/2814/2381 
f 1926/2799/2366 1925/2798/2365 1942/2815/2382 1940/2813/2380 
f 1831/2704/2271 1830/2703/2270 1940/2813/2380 1942/2815/2382 
f 1830/2703/2270 1829/2702/2269 1941/2814/2381 1940/2813/2380 
f 1925/2798/2365 1931/2804/2371 1943/2816/2383 1942/2815/2382 
f 1931/2804/2371 1930/2803/2370 1944/2817/2384 1943/2816/2383 
f 1849/2722/2289 1848/2721/2288 1943/2816/2383 1944/2817/2384 
f 1848/2721/2288 1831/2704/2271 1942/2815/2382 1943/2816/2383 
f 1930/2803/2370 1935/2808/2375 1945/2818/2385 1944/2817/2384 
f 1935/2808/2375 1934/2807/2374 1946/2819/2386 1945/2818/2385 
f 1867/2740/2307 1866/2739/2306 1945/2818/2385 1946/2819/2386 
f 1866/2739/2306 1849/2722/2289 1944/2817/2384 1945/2818/2385 
f 1934/2807/2374 1939/2812/2379 1947/2820/2387 1946/2819/2386 
f 1939/2812/2379 1938/2811/2378 1948/2821/2388 1947/2820/2387 
f 1803/2676/133 1876/2749/2316 1947/2820/2387 1948/2821/2388 
f 1876/2749/2316 1867/2740/2307 1946/2819/2386 1947/2820/2387 
f 1949/2822/2389 1950/2823/2390 1951/2824/2391 1952/2825/2392 
f 1950/2823/2390 1953/2826/2393 1954/2827/2394 1951/2824/2391 
f 1955/2828/2395 1956/2829/2396 1951/2824/2391 1954/2827/2394 
f 1956/2829/2396 1957/2830/2397 1952/2825/2392 1951/2824/2391 
f 1957/2830/2397 1956/2829/2396 1958/2831/2398 1959/2832/2399 
f 1956/2829/2396 1955/2828/2395 1960/2833/2400 1958/2831/2398 
f 1961/2834/2401 1962/2835/2402 1958/2831/2398 1960/2833/2400 
f 1962/2835/2402 1963/2836/2403 1959/2832/2399 1958/2831/2398 
f 1963/2836/2403 1962/2835/2402 1964/2837/2404 1965/2838/2405 
f 1962/2835/2402 1961/2834/2401 1966/2839/2406 1964/2837/2404 
f 1967/2840/2407 1968/2841/2408 1964/2837/2404 1966/2839/2406 
f 1968/2841/2408 1969/2842/2409 1965/2838/2405 1964/2837/2404 
f 1969/2842/2409 1968/2841/2408 1970/2843/2410 1971/2844/2411 
f 1968/2841/2408 1967/2840/2407 1972/2845/2412 1970/2843/2410 
f 1792/2665/2233 1791/2664/2232 1970/2843/2410 1972/2845/2412 
f 1791/2664/2232 1790/2663/2231 1971/2844/2411 1970/2843/2410 
f 1973/2846/2413 1974/2847/2414 1975/2848/2415 1976/2849/2416 
f 1974/2847/2414 1949/2822/2389 1952/2825/2392 1975/2848/2415 
f 1957/2830/2397 1977/2850/2417 1975/2848/2415 1952/2825/2392 
f 1977/2850/2417 1978/2851/2418 1976/2849/2416 1975/2848/2415 
f 1978/2851/2418 1977/2850/2417 1979/2852/2419 1980/2853/2420 
f 1977/2850/2417 1957/2830/2397 1959/2832/2399 1979/2852/2419 
f 1963/2836/2403 1981/2854/2421 1979/2852/2419 1959/2832/2399 
f 1981/2854/2421 1982/2855/2422 1980/2853/2420 1979/2852/2419 
f 1982/2855/2422 1981/2854/2421 1983/2856/2423 1984/2857/2424 
f 1981/2854/2421 1963/2836/2403 1965/2838/2405 1983/2856/2423 
f 1969/2842/2409 1985/2858/2425 1983/2856/2423 1965/2838/2405 
f 1985/2858/2425 1986/2859/2426 1984/2857/2424 1983/2856/2423 
f 1986/2859/2426 1985/2858/2425 1987/2860/2427 1988/2861/2428 
f 1985/2858/2425 1969/2842/2409 1971/2844/2411 1987/2860/2427 
f 1790/2663/2231 1796/2669/2237 1987/2860/2427 1971/2844/2411 
f 1796/2669/2237 1795/2668/2236 1988/2861/2428 1987/2860/2427 
f 1989/2862/2429 1990/2863/2430 1991/2864/2431 1992/2865/2432 
f 1990/2863/2430 1973/2846/2413 1976/2849/2416 1991/2864/2431 
f 1978/2851/2418 1993/2866/2433 1991/2864/2431 1976/2849/2416 
f 1993/2866/2433 1994/2867/2434 1992/2865/2432 1991/2864/2431 
f 1994/2867/2434 1993/2866/2433 1995/2868/2435 1996/2869/2436 
f 1993/2866/2433 1978/2851/2418 1980/2853/2420 1995/2868/2435 
f 1982/2855/2422 1997/2870/2437 1995/2868/2435 1980/2853/2420 
f 1997/2870/2437 1998/2871/2438 1996/2869/2436 1995/2868/2435 
f 1998/2871/2438 1997/2870/2437 1999/2872/2439 2000/2873/2440 
f 1997/2870/2437 1982/2855/2422 1984/2857/2424 1999/2872/2439 
f 1986/2859/2426 2001/2874/2441 1999/2872/2439 1984/2857/2424 
f 2001/2874/2441 2002/2875/2442 2000/2873/2440 1999/2872/2439 
f 2002/2875/2442 2001/2874/2441 2003/2876/2443 2004/2877/2444 
f 2001/2874/2441 1986/2859/2426 1988/2861/2428 2003/2876/2443 
f 1795/2668/2236 1800/2673/2241 2003/2876/2443 1988/2861/2428 
f 1800/2673/2241 1799/2672/2240 2004/2877/2444 2003/2876/2443 
f 1900/2773/2340 2005/2878/2445 2006/2879/2446 1901/2774/2341 
f 2005/2878/2445 1989/2862/2429 1992/2865/2432 2006/2879/2446 
f 1994/2867/2434 2007/2880/2447 2006/2879/2446 1992/2865/2432 
f 2007/2880/2447 1902/2775/2342 1901/2774/2341 2006/2879/2446 
f 1902/2775/2342 2007/2880/2447 2008/2881/2448 1919/2792/2359 
f 2007/2880/2447 1994/2867/2434 1996/2869/2436 2008/2881/2448 
f 1998/2871/2438 2009/2882/2449 2008/2881/2448 1996/2869/2436 
f 2009/2882/2449 1920/2793/2360 1919/2792/2359 2008/2881/2448 
f 1920/2793/2360 2009/2882/2449 2010/2883/2450 1937/2810/2377 
f 2009/2882/2449 1998/2871/2438 2000/2873/2440 2010/2883/2450 
f 2002/2875/2442 2011/2884/2451 2010/2883/2450 2000/2873/2440 
f 2011/2884/2451 1938/2811/2378 1937/2810/2377 2010/2883/2450 
f 1938/2811/2378 2011/2884/2451 2012/2885/2452 1948/2821/2388 
f 2011/2884/2451 2002/2875/2442 2004/2877/2444 2012/2885/2452 
f 1799/2672/2240 1804/2677/2244 2012/2885/2452 2004/2877/2444 
f 1804/2677/2244 1803/2676/133 1948/2821/2388 2012/2885/2452 
f 2013/2886/2453 2014/2887/2454 2015/2888/2455 2016/2889/2456 
f 2014/2887/2454 2017/2890/2457 2018/2891/2458 2015/2888/2455 
f 2019/2892/2459 2020/2893/2460 2015/2888/2455 2018/2891/2458 
f 2020/2893/2460 2021/2894/2461 2016/2889/2456 2015/2888/2455 
f 2017/2890/2457 2022/2895/2462 2023/2896/2463 2018/2891/2458 
f 2022/2895/2462 2024/2897/2464 2025/2898/2465 2023/2896/2463 
f 2026/2899/2466 2027/2900/2467 2023/2896/2463 2025/2898/2465 
f 2027/2900/2467 2019/2892/2459 2018/2891/2458 2023/2896/2463 
f 2024/2897/2464 2028/2901/2468 2029/2902/2469 2025/2898/2465 
f 2028/2901/2468 2030/2903/2470 2031/2904/2471 2029/2902/2469 
f 2032/2905/2472 2033/2906/2473 2029/2902/2469 2031/2904/2471 
f 2033/2906/2473 2026/2899/2466 2025/2898/2465 2029/2902/2469 
f 2030/2903/2470 2034/2907/2474 2035/2908/2475 2031/2904/2471 
f 2034/2907/2474 2036/2909/2476 2037/2910/2477 2035/2908/2475 
f 2038/2911/2478 2039/2912/2479 2035/2908/2475 2037/2910/2477 
f 2039/2912/2479 2032/2905/2472 2031/2904/2471 2035/2908/2475 
f 2021/2894/2461 2020/2893/2460 2040/2913/2480 2041/2914/2481 
f 2020/2893/2460 2019/2892/2459 2042/2915/2482 2040/2913/2480 
f 2043/2916/2483 2044/2917/2484 2040/2913/2480 2042/2915/2482 
f 2044/2917/2484 2045/2918/2485 2041/2914/2481 2040/2913/2480 
f 2019/2892/2459 2027/2900/2467 2046/2919/2486 2042/2915/2482 
f 2027/2900/2467 2026/2899/2466 2047/2920/2487 2046/2919/2486 
f 2048/2921/2488 2049/2922/2489 2046/2919/2486 2047/2920/2487 
f 2049/2922/2489 2043/2916/2483 2042/2915/2482 2046/2919/2486 
f 2026/2899/2466 2033/2906/2473 2050/2923/2490 2047/2920/2487 
f 2033/2906/2473 2032/2905/2472 2051/2924/2491 2050/2923/2490 
f 2052/2925/2492 2053/2926/2493 2050/2923/2490 2051/2924/2491 
f 2053/2926/2493 2048/2921/2488 2047/2920/2487 2050/2923/2490 
f 2032/2905/2472 2039/2912/2479 2054/2927/2494 2051/2924/2491 
f 2039/2912/2479 2038/2911/2478 2055/2928/2495 2054/2927/2494 
f 2056/2929/2496 2057/2930/2497 2054/2927/2494 2055/2928/2495 
f 2057/2930/2497 2052/2925/2492 2051/2924/2491 2054/2927/2494 
f 2045/2918/2485 2044/2917/2484 2058/2931/2498 2059/2932/2499 
f 2044/2917/2484 2043/2916/2483 2060/2933/2500 2058/2931/2498 
f 2061/2934/2501 2062/2935/2502 2058/2931/2498 2060/2933/2500 
f 2062/2935/2502 2063/2936/2503 2059/2932/2499 2058/2931/2498 
f 2043/2916/2483 2049/2922/2489 2064/2937/2504 2060/2933/2500 
f 2049/2922/2489 2048/2921/2488 2065/2938/2505 2064/2937/2504 
f 2066/2939/2506 2067/2940/2507 2064/2937/2504 2065/2938/2505 
f 2067/2940/2507 2061/2934/2501 2060/2933/2500 2064/2937/2504 
f 2048/2921/2488 2053/2926/2493 2068/2941/2508 2065/2938/2505 
f 2053/2926/2493 2052/2925/2492 2069/2942/2509 2068/2941/2508 
f 2070/2943/2510 2071/2944/2511 2068/2941/2508 2069/2942/2509 
f 2071/2944/2511 2066/2939/2506 2065/2938/2505 2068/2941/2508 
f 2052/2925/2492 2057/2930/2497 2072/2945/2512 2069/2942/2509 
f 2057/2930/2497 2056/2929/2496 2073/2946/2513 2072/2945/2512 
f 2074/2947/2514 2075/2948/2515 2072/2945/2512 2073/2946/2513 
f 2075/2948/2515 2070/2943/2510 2069/2942/2509 2072/2945/2512 
f 2063/2936/2503 2062/2935/2502 2076/2949/2516 2077/2950/2517 
f 2062/2935/2502 2061/2934/2501 2078/2951/2518 2076/2949/2516 
f 2079/2952/2519 2080/2953/2520 2076/2949/2516 2078/2951/2518 
f 2080/2953/2520 2081/2954/2521 2077/2950/2517 2076/2949/2516 
f 2061/2934/2501 2067/2940/2507 2082/2955/2522 2078/2951/2518 
f 2067/2940/2507 2066/2939/2506 2083/2956/2523 2082/2955/2522 
f 2084/2957/2524 2085/2958/2525 2082/2955/2522 2083/2956/2523 
f 2085/2958/2525 2079/2952/2519 2078/2951/2518 2082/2955/2522 
f 2066/2939/2506 2071/2944/2511 2086/2959/2526 2083/2956/2523 
f 2071/2944/2511 2070/2943/2510 2087/2960/2527 2086/2959/2526 
f 2088/2961/2528 2089/2962/2529 2086/2959/2526 2087/2960/2527 
f 2089/2962/2529 2084/2957/2524 2083/2956/2523 2086/2959/2526 
f 2070/2943/2510 2075/2948/2515 2090/2963/2530 2087/2960/2527 
f 2075/2948/2515 2074/2947/2514 2091/2964/2531 2090/2963/2530 
f 2092/2965/262 2093/2966/2532 2090/2963/2530 2091/2964/2531 
f 2093/2966/2532 2088/2961/2528 2087/2960/2527 2090/2963/2530 
f 2094/2967/2533 2095/2968/2534 2096/2969/2535 2097/2970/2536 
f 2095/2968/2534 2098/2971/2537 2099/2972/2538 2096/2969/2535 
f 2100/2973/2539 2101/2974/2540 2096/2969/2535 2099/2972/2538 
f 2101/2974/2540 2102/2975/2541 2097/2970/2536 2096/2969/2535 
f 2102/2975/2541 2101/2974/2540 2103/2976/2542 2104/2977/2543 
f 2101/2974/2540 2100/2973/2539 2105/2978/2544 2103/2976/2542 
f 2106/2979/2545 2107/2980/2546 2103/2976/2542 2105/2978/2544 
f 2107/2980/2546 2108/2981/2547 2104/2977/2543 2103/2976/2542 
f 2108/2981/2547 2107/2980/2546 2109/2982/2548 2110/2983/2549 
f 2107/2980/2546 2106/2979/2545 2111/2984/2550 2109/2982/2548 
f 2112/2985/2551 2113/2986/2552 2109/2982/2548 2111/2984/2550 
f 2113/2986/2552 2114/2987/2553 2110/2983/2549 2109/2982/2548 
f 2114/2987/2553 2113/2986/2552 2115/2988/2554 2116/2989/2555 
f 2113/2986/2552 2112/2985/2551 2117/2990/2556 2115/2988/2554 
f 2118/2991/2557 2119/2992/2558 2115/2988/2554 2117/2990/2556 
f 2119/2992/2558 2120/2993/2559 2116/2989/2555 2115/2988/2554 
f 2121/2994/2560 2122/2995/2561 2123/2996/2562 2124/2997/2563 
f 2122/2995/2561 2094/2967/2533 2097/2970/2536 2123/2996/2562 
f 2102/2975/2541 2125/2998/2564 2123/2996/2562 2097/2970/2536 
f 2125/2998/2564 2126/2999/2565 2124/2997/2563 2123/2996/2562 
f 2126/2999/2565 2125/2998/2564 2127/3000/2566 2128/3001/2567 
f 2125/2998/2564 2102/2975/2541 2104/2977/2543 2127/3000/2566 
f 2108/2981/2547 2129/3002/2568 2127/3000/2566 2104/2977/2543 
f 2129/3002/2568 2130/3003/2569 2128/3001/2567 2127/3000/2566 
f 2130/3003/2569 2129/3002/2568 2131/3004/2570 2132/3005/2571 
f 2129/3002/2568 2108/2981/2547 2110/2983/2549 2131/3004/2570 
f 2114/2987/2553 2133/3006/2572 2131/3004/2570 2110/2983/2549 
f 2133/3006/2572 2134/3007/2573 2132/3005/2571 2131/3004/2570 
f 2134/3007/2573 2133/3006/2572 2135/3008/2574 2136/3009/2575 
f 2133/3006/2572 2114/2987/2553 2116/2989/2555 2135/3008/2574 
f 2120/2993/2559 2137/3010/2576 2135/3008/2574 2116/2989/2555 
f 2137/3010/2576 2138/3011/2577 2136/3009/2575 2135/3008/2574 
f 2139/3012/2578 2140/3013/2579 2141/3014/2580 2142/3015/2581 
f 2140/3013/2579 2121/2994/2560 2124/2997/2563 2141/3014/2580 
f 2126/2999/2565 2143/3016/2582 2141/3014/2580 2124/2997/2563 
f 2143/3016/2582 2144/3017/2583 2142/3015/2581 2141/3014/2580 
f 2144/3017/2583 2143/3016/2582 2145/3018/2584 2146/3019/2585 
f 2143/3016/2582 2126/2999/2565 2128/3001/2567 2145/3018/2584 
f 2130/3003/2569 2147/3020/2586 2145/3018/2584 2128/3001/2567 
f 2147/3020/2586 2148/3021/2587 2146/3019/2585 2145/3018/2584 
f 2148/3021/2587 2147/3020/2586 2149/3022/2588 2150/3023/2589 
f 2147/3020/2586 2130/3003/2569 2132/3005/2571 2149/3022/2588 
f 2134/3007/2573 2151/3024/2590 2149/3022/2588 2132/3005/2571 
f 2151/3024/2590 2152/3025/2591 2150/3023/2589 2149/3022/2588 
f 2152/3025/2591 2151/3024/2590 2153/3026/2592 2154/3027/2593 
f 2151/3024/2590 2134/3007/2573 2136/3009/2575 2153/3026/2592 
f 2138/3011/2577 2155/3028/2594 2153/3026/2592 2136/3009/2575 
f 2155/3028/2594 2156/3029/2595 2154/3027/2593 2153/3026/2592 
f 2036/2909/2476 2157/3030/2596 2158/3031/2597 2037/2910/2477 
f 2157/3030/2596 2139/3012/2578 2142/3015/2581 2158/3031/2597 
f 2144/3017/2583 2159/3032/2598 2158/3031/2597 2142/3015/2581 
f 2159/3032/2598 2038/2911/2478 2037/2910/2477 2158/3031/2597 
f 2038/2911/2478 2159/3032/2598 2160/3033/2599 2055/2928/2495 
f 2159/3032/2598 2144/3017/2583 2146/3019/2585 2160/3033/2599 
f 2148/3021/2587 2161/3034/2600 2160/3033/2599 2146/3019/2585 
f 2161/3034/2600 2056/2929/2496 2055/2928/2495 2160/3033/2599 
f 2056/2929/2496 2161/3034/2600 2162/3035/2601 2073/2946/2513 
f 2161/3034/2600 2148/3021/2587 2150/3023/2589 2162/3035/2601 
f 2152/3025/2591 2163/3036/2602 2162/3035/2601 2150/3023/2589 
f 2163/3036/2602 2074/2947/2514 2073/2946/2513 2162/3035/2601 
f 2074/2947/2514 2163/3036/2602 2164/3037/2603 2091/2964/2531 
f 2163/3036/2602 2152/3025/2591 2154/3027/2593 2164/3037/2603 
f 2156/3029/2595 2165/3038/2604 2164/3037/2603 2154/3027/2593 
f 2165/3038/2604 2092/2965/262 2091/2964/2531 2164/3037/2603 
f 2166/3039/2605 2167/3040/2606 2168/3041/2607 2169/3042/2608 
f 2167/3040/2606 2170/3043/2609 2171/3044/2610 2168/3041/2607 
f 2172/3045/2611 2173/3046/2612 2168/3041/2607 2171/3044/2610 
f 2173/3046/2612 2174/3047/2613 2169/3042/2608 2168/3041/2607 
f 2170/3043/2609 2175/3048/2614 2176/3049/2615 2171/3044/2610 
f 2175/3048/2614 2177/3050/2616 2178/3051/2617 2176/3049/2615 
f 2179/3052/2618 2180/3053/2619 2176/3049/2615 2178/3051/2617 
f 2180/3053/2619 2172/3045/2611 2171/3044/2610 2176/3049/2615 
f 2177/3050/2616 2181/3054/2620 2182/3055/2621 2178/3051/2617 
f 2181/3054/2620 2183/3056/2622 2184/3057/2623 2182/3055/2621 
f 2185/3058/2624 2186/3059/2625 2182/3055/2621 2184/3057/2623 
f 2186/3059/2625 2179/3052/2618 2178/3051/2617 2182/3055/2621 
f 2183/3056/2622 2187/3060/2626 2188/3061/2627 2184/3057/2623 
f 2187/3060/2626 2189/3062/2628 2190/3063/2629 2188/3061/2627 
f 2191/3064/2630 2192/3065/2631 2188/3061/2627 2190/3063/2629 
f 2192/3065/2631 2185/3058/2624 2184/3057/2623 2188/3061/2627 
f 2174/3047/2613 2173/3046/2612 2193/3066/2632 2194/3067/2633 
f 2173/3046/2612 2172/3045/2611 2195/3068/2634 2193/3066/2632 
f 2196/3069/2635 2197/3070/2636 2193/3066/2632 2195/3068/2634 
f 2197/3070/2636 2198/3071/2637 2194/3067/2633 2193/3066/2632 
f 2172/3045/2611 2180/3053/2619 2199/3072/2638 2195/3068/2634 
f 2180/3053/2619 2179/3052/2618 2200/3073/2639 2199/3072/2638 
f 2201/3074/2640 2202/3075/2641 2199/3072/2638 2200/3073/2639 
f 2202/3075/2641 2196/3069/2635 2195/3068/2634 2199/3072/2638 
f 2179/3052/2618 2186/3059/2625 2203/3076/2642 2200/3073/2639 
f 2186/3059/2625 2185/3058/2624 2204/3077/2643 2203/3076/2642 
f 2205/3078/2644 2206/3079/2645 2203/3076/2642 2204/3077/2643 
f 2206/3079/2645 2201/3074/2640 2200/3073/2639 2203/3076/2642 
f 2185/3058/2624 2192/3065/2631 2207/3080/2646 2204/3077/2643 
f 2192/3065/2631 2191/3064/2630 2208/3081/2647 2207/3080/2646 
f 2209/3082/2648 2210/3083/2649 2207/3080/2646 2208/3081/2647 
f 2210/3083/2649 2205/3078/2644 2204/3077/2643 2207/3080/2646 
f 2198/3071/2637 2197/3070/2636 2211/3084/2650 2212/3085/2651 
f 2197/3070/2636 2196/3069/2635 2213/3086/2652 2211/3084/2650 
f 2214/3087/2653 2215/3088/2654 2211/3084/2650 2213/3086/2652 
f 2215/3088/2654 2216/3089/2655 2212/3085/2651 2211/3084/2650 
f 2196/3069/2635 2202/3075/2641 2217/3090/2656 2213/3086/2652 
f 2202/3075/2641 2201/3074/2640 2218/3091/2657 2217/3090/2656 
f 2219/3092/2658 2220/3093/2659 2217/3090/2656 2218/3091/2657 
f 2220/3093/2659 2214/3087/2653 2213/3086/2652 2217/3090/2656 
f 2201/3074/2640 2206/3079/2645 2221/3094/2660 2218/3091/2657 
f 2206/3079/2645 2205/3078/2644 2222/3095/2661 2221/3094/2660 
f 2223/3096/2662 2224/3097/2663 2221/3094/2660 2222/3095/2661 
f 2224/3097/2663 2219/3092/2658 2218/3091/2657 2221/3094/2660 
f 2205/3078/2644 2210/3083/2649 2225/3098/2664 2222/3095/2661 
f 2210/3083/2649 2209/3082/2648 2226/3099/2665 2225/3098/2664 
f 2227/3100/2666 2228/3101/2667 2225/3098/2664 2226/3099/2665 
f 2228/3101/2667 2223/3096/2662 2222/3095/2661 2225/3098/2664 
f 2216/3089/2655 2215/3088/2654 2229/3102/2668 2230/3103/2669 
f 2215/3088/2654 2214/3087/2653 2231/3104/2670 2229/3102/2668 
f 2120/2993/2559 2119/2992/2558 2229/3102/2668 2231/3104/2670 
f 2119/2992/2558 2118/2991/2557 2230/3103/2669 2229/3102/2668 
f 2214/3087/2653 2220/3093/2659 2232/3105/2671 2231/3104/2670 
f 2220/3093/2659 2219/3092/2658 2233/3106/2672 2232/3105/2671 
f 2138/3011/2577 2137/3010/2576 2232/3105/2671 2233/3106/2672 
f 2137/3010/2576 2120/2993/2559 2231/3104/2670 2232/3105/2671 
f 2219/3092/2658 2224/3097/2663 2234/3107/2673 2233/3106/2672 
f 2224/3097/2663 2223/3096/2662 2235/3108/2674 2234/3107/2673 
f 2156/3029/2595 2155/3028/2594 2234/3107/2673 2235/3108/2674 
f 2155/3028/2594 2138/3011/2577 2233/3106/2672 2234/3107/2673 
f 2223/3096/2662 2228/3101/2667 2236/3109/2675 2235/3108/2674 
f 2228/3101/2667 2227/3100/2666 2237/3110/2676 2236/3109/2675 
f 2092/2965/262 2165/3038/2604 2236/3109/2675 2237/3110/2676 
f 2165/3038/2604 2156/3029/2595 2235/3108/2674 2236/3109/2675 
f 2238/3111/2677 2239/3112/2678 2240/3113/2679 2241/3114/2680 
f 2239/3112/2678 2242/3115/2681 2243/3116/2682 2240/3113/2679 
f 2244/3117/2683 2245/3118/2684 2240/3113/2679 2243/3116/2682 
f 2245/3118/2684 2246/3119/2685 2241/3114/2680 2240/3113/2679 
f 2246/3119/2685 2245/3118/2684 2247/3120/2686 2248/3121/2687 
f 2245/3118/2684 2244/3117/2683 2249/3122/2688 2247/3120/2686 
f 2250/3123/2689 2251/3124/2690 2247/3120/2686 2249/3122/2688 
f 2251/3124/2690 2252/3125/2691 2248/3121/2687 2247/3120/2686 
f 2252/3125/2691 2251/3124/2690 2253/3126/2692 2254/3127/2693 
f 2251/3124/2690 2250/3123/2689 2255/3128/2694 2253/3126/2692 
f 2256/3129/2695 2257/3130/2696 2253/3126/2692 2255/3128/2694 
f 2257/3130/2696 2258/3131/2697 2254/3127/2693 2253/3126/2692 
f 2258/3131/2697 2257/3130/2696 2259/3132/2698 2260/3133/2699 
f 2257/3130/2696 2256/3129/2695 2261/3134/2700 2259/3132/2698 
f 2081/2954/2521 2080/2953/2520 2259/3132/2698 2261/3134/2700 
f 2080/2953/2520 2079/2952/2519 2260/3133/2699 2259/3132/2698 
f 2262/3135/2701 2263/3136/2702 2264/3137/2703 2265/3138/2704 
f 2263/3136/2702 2238/3111/2677 2241/3114/2680 2264/3137/2703 
f 2246/3119/2685 2266/3139/2705 2264/3137/2703 2241/3114/2680 
f 2266/3139/2705 2267/3140/2706 2265/3138/2704 2264/3137/2703 
f 2267/3140/2706 2266/3139/2705 2268/3141/2707 2269/3142/2708 
f 2266/3139/2705 2246/3119/2685 2248/3121/2687 2268/3141/2707 
f 2252/3125/2691 2270/3143/2709 2268/3141/2707 2248/3121/2687 
f 2270/3143/2709 2271/3144/2710 2269/3142/2708 2268/3141/2707 
f 2271/3144/2710 2270/3143/2709 2272/3145/2711 2273/3146/2712 
f 2270/3143/2709 2252/3125/2691 2254/3127/2693 2272/3145/2711 
f 2258/3131/2697 2274/3147/2713 2272/3145/2711 2254/3127/2693 
f 2274/3147/2713 2275/3148/2714 2273/3146/2712 2272/3145/2711 
f 2275/3148/2714 2274/3147/2713 2276/3149/2715 2277/3150/2716 
f 2274/3147/2713 2258/3131/2697 2260/3133/2699 2276/3149/2715 
f 2079/2952/2519 2085/2958/2525 2276/3149/2715 2260/3133/2699 
f 2085/2958/2525 2084/2957/2524 2277/3150/2716 2276/3149/2715 
f 2278/3151/2717 2279/3152/2718 2280/3153/2719 2281/3154/2720 
f 2279/3152/2718 2262/3135/2701 2265/3138/2704 2280/3153/2719 
f 2267/3140/2706 2282/3155/2721 2280/3153/2719 2265/3138/2704 
f 2282/3155/2721 2283/3156/2722 2281/3154/2720 2280/3153/2719 
f 2283/3156/2722 2282/3155/2721 2284/3157/2723 2285/3158/2724 
f 2282/3155/2721 2267/3140/2706 2269/3142/2708 2284/3157/2723 
f 2271/3144/2710 2286/3159/2725 2284/3157/2723 2269/3142/2708 
f 2286/3159/2725 2287/3160/2726 2285/3158/2724 2284/3157/2723 
f 2287/3160/2726 2286/3159/2725 2288/3161/2727 2289/3162/2728 
f 2286/3159/2725 2271/3144/2710 2273/3146/2712 2288/3161/2727 
f 2275/3148/2714 2290/3163/2729 2288/3161/2727 2273/3146/2712 
f 2290/3163/2729 2291/3164/2730 2289/3162/2728 2288/3161/2727 
f 2291/3164/2730 2290/3163/2729 2292/3165/2731 2293/3166/2732 
f 2290/3163/2729 2275/3148/2714 2277/3150/2716 2292/3165/2731 
f 2084/2957/2524 2089/2962/2529 2292/3165/2731 2277/3150/2716 
f 2089/2962/2529 2088/2961/2528 2293/3166/2732 2292/3165/2731 
f 2189/3062/2628 2294/3167/2733 2295/3168/2734 2190/3063/2629 
f 2294/3167/2733 2278/3151/2717 2281/3154/2720 2295/3168/2734 
f 2283/3156/2722 2296/3169/2735 2295/3168/2734 2281/3154/2720 
f 2296/3169/2735 2191/3064/2630 2190/3063/2629 2295/3168/2734 
f 2191/3064/2630 2296/3169/2735 2297/3170/2736 2208/3081/2647 
f 2296/3169/2735 2283/3156/2722 2285/3158/2724 2297/3170/2736 
f 2287/3160/2726 2298/3171/2737 2297/3170/2736 2285/3158/2724 
f 2298/3171/2737 2209/3082/2648 2208/3081/2647 2297/3170/2736 
f 2209/3082/2648 2298/3171/2737 2299/3172/2738 2226/3099/2665 
f 2298/3171/2737 2287/3160/2726 2289/3162/2728 2299/3172/2738 
f 2291/3164/2730 2300/3173/2739 2299/3172/2738 2289/3162/2728 
f 2300/3173/2739 2227/3100/2666 2226/3099/2665 2299/3172/2738 
f 2227/3100/2666 2300/3173/2739 2301/3174/2740 2237/3110/2676 
f 2300/3173/2739 2291/3164/2730 2293/3166/2732 2301/3174/2740 
f 2088/2961/2528 2093/2966/2532 2301/3174/2740 2293/3166/2732 
f 2093/2966/2532 2092/2965/262 2237/3110/2676 2301/3174/2740 
f 1724/3175/2165 1727/3176/2168 2302/3177/2741 2303/3178/2742 
f 1727/3176/2168 1732/3179/2173 2304/3180/2743 2302/3177/2741 
f 2305/3181/2744 2306/3182/2745 2302/3177/2741 2304/3180/2743 
f 2306/3182/2745 2307/3183/2746 2303/3178/2742 2302/3177/2741 
f 1732/3179/2173 1752/3184/2193 2308/3185/2747 2304/3180/2743 
f 1752/3184/2193 1756/3186/2197 2309/3187/2748 2308/3185/2747 
f 2310/3188/2749 2311/3189/2750 2308/3185/2747 2309/3187/2748 
f 2311/3189/2750 2305/3181/2744 2304/3180/2743 2308/3185/2747 
f 1756/3186/2197 1770/3190/2211 2312/3191/2751 2309/3187/2748 
f 1770/3190/2211 1774/3192/2215 2313/3193/2752 2312/3191/2751 
f 2314/3194/2753 2315/3195/2754 2312/3191/2751 2313/3193/2752 
f 2315/3195/2754 2310/3188/2749 2309/3187/2748 2312/3191/2751 
f 1774/3192/2215 1788/3196/2229 2316/3197/2755 2313/3193/2752 
f 1788/3196/2229 1792/3198/2233 2317/3199/2756 2316/3197/2755 
f 2318/3200/2757 2319/3201/2758 2316/3197/2755 2317/3199/2756 
f 2319/3201/2758 2314/3194/2753 2313/3193/2752 2316/3197/2755 
f 2307/3183/2746 2306/3182/2745 2320/3202/2759 2321/3203/2760 
f 2306/3182/2745 2305/3181/2744 2322/3204/2761 2320/3202/2759 
f 2323/3205/2762 2324/3206/2763 2320/3202/2759 2322/3204/2761 
f 2324/3206/2763 2325/3207/2764 2321/3203/2760 2320/3202/2759 
f 2305/3181/2744 2311/3189/2750 2326/3208/2765 2322/3204/2761 
f 2311/3189/2750 2310/3188/2749 2327/3209/2766 2326/3208/2765 
f 2328/3210/2767 2329/3211/2768 2326/3208/2765 2327/3209/2766 
f 2329/3211/2768 2323/3205/2762 2322/3204/2761 2326/3208/2765 
f 2310/3188/2749 2315/3195/2754 2330/3212/2769 2327/3209/2766 
f 2315/3195/2754 2314/3194/2753 2331/3213/2770 2330/3212/2769 
f 2332/3214/2771 2333/3215/2772 2330/3212/2769 2331/3213/2770 
f 2333/3215/2772 2328/3210/2767 2327/3209/2766 2330/3212/2769 
f 2314/3194/2753 2319/3201/2758 2334/3216/2773 2331/3213/2770 
f 2319/3201/2758 2318/3200/2757 2335/3217/2774 2334/3216/2773 
f 2336/3218/2775 2337/3219/2776 2334/3216/2773 2335/3217/2774 
f 2337/3219/2776 2332/3214/2771 2331/3213/2770 2334/3216/2773 
f 2325/3207/2764 2324/3206/2763 2338/3220/2777 2339/3221/2778 
f 2324/3206/2763 2323/3205/2762 2340/3222/2779 2338/3220/2777 
f 2341/3223/2780 2342/3224/2781 2338/3220/2777 2340/3222/2779 
f 2342/3224/2781 2343/3225/2782 2339/3221/2778 2338/3220/2777 
f 2323/3205/2762 2329/3211/2768 2344/3226/2783 2340/3222/2779 
f 2329/3211/2768 2328/3210/2767 2345/3227/2784 2344/3226/2783 
f 2346/3228/2785 2347/3229/2786 2344/3226/2783 2345/3227/2784 
f 2347/3229/2786 2341/3223/2780 2340/3222/2779 2344/3226/2783 
f 2328/3210/2767 2333/3215/2772 2348/3230/2787 2345/3227/2784 
f 2333/3215/2772 2332/3214/2771 2349/3231/2788 2348/3230/2787 
f 2350/3232/2789 2351/3233/2790 2348/3230/2787 2349/3231/2788 
f 2351/3233/2790 2346/3228/2785 2345/3227/2784 2348/3230/2787 
f 2332/3214/2771 2337/3219/2776 2352/3234/2791 2349/3231/2788 
f 2337/3219/2776 2336/3218/2775 2353/3235/2792 2352/3234/2791 
f 2354/3236/2793 2355/3237/2794 2352/3234/2791 2353/3235/2792 
f 2355/3237/2794 2350/3232/2789 2349/3231/2788 2352/3234/2791 
f 2343/3225/2782 2342/3224/2781 2356/3238/2795 2357/3239/2796 
f 2342/3224/2781 2341/3223/2780 2358/3240/2797 2356/3238/2795 
f 2359/3241/2798 2360/3242/2799 2356/3238/2795 2358/3240/2797 
f 2360/3242/2799 2361/3243/2800 2357/3239/2796 2356/3238/2795 
f 2341/3223/2780 2347/3229/2786 2362/3244/2801 2358/3240/2797 
f 2347/3229/2786 2346/3228/2785 2363/3245/2802 2362/3244/2801 
f 2364/3246/2803 2365/3247/2804 2362/3244/2801 2363/3245/2802 
f 2365/3247/2804 2359/3241/2798 2358/3240/2797 2362/3244/2801 
f 2346/3228/2785 2351/3233/2790 2366/3248/2805 2363/3245/2802 
f 2351/3233/2790 2350/3232/2789 2367/3249/2806 2366/3248/2805 
f 2368/3250/2807 2369/3251/2808 2366/3248/2805 2367/3249/2806 
f 2369/3251/2808 2364/3246/2803 2363/3245/2802 2366/3248/2805 
f 2350/3232/2789 2355/3237/2794 2370/3252/2809 2367/3249/2806 
f 2355/3237/2794 2354/3236/2793 2371/3253/2810 2370/3252/2809 
f 2372/3254/2811 2373/3255/2812 2370/3252/2809 2371/3253/2810 
f 2373/3255/2812 2368/3250/2807 2367/3249/2806 2370/3252/2809 
f 1955/3256/2395 1954/3257/2394 2374/3258/2813 2375/3259/2814 
f 1954/3257/2394 1953/3260/2393 2376/3261/2815 2374/3258/2813 
f 2377/3262/2816 2378/3263/2817 2374/3258/2813 2376/3261/2815 
f 2378/3263/2817 2379/3264/2818 2375/3259/2814 2374/3258/2813 
f 2379/3264/2818 2378/3263/2817 2380/3265/2819 2381/3266/2820 
f 2378/3263/2817 2377/3262/2816 2382/3267/2821 2380/3265/2819 
f 2383/3268/2822 2384/3269/2823 2380/3265/2819 2382/3267/2821 
f 2384/3269/2823 2385/3270/2824 2381/3266/2820 2380/3265/2819 
f 2385/3270/2824 2384/3269/2823 2386/3271/2825 2387/3272/2826 
f 2384/3269/2823 2383/3268/2822 2388/3273/2827 2386/3271/2825 
f 2389/3274/2828 2390/3275/2829 2386/3271/2825 2388/3273/2827 
f 2390/3275/2829 2391/3276/2830 2387/3272/2826 2386/3271/2825 
f 2391/3276/2830 2390/3275/2829 2392/3277/2831 2393/3278/2832 
f 2390/3275/2829 2389/3274/2828 2394/3279/2833 2392/3277/2831 
f 2395/3280/2834 2396/3281/2835 2392/3277/2831 2394/3279/2833 
f 2396/3281/2835 2397/3282/2836 2393/3278/2832 2392/3277/2831 
f 1961/3283/2401 1960/3284/2400 2398/3285/2837 2399/3286/2838 
f 1960/3284/2400 1955/3256/2395 2375/3259/2814 2398/3285/2837 
f 2379/3264/2818 2400/3287/2839 2398/3285/2837 2375/3259/2814 
f 2400/3287/2839 2401/3288/2840 2399/3286/2838 2398/3285/2837 
f 2401/3288/2840 2400/3287/2839 2402/3289/2841 2403/3290/2842 
f 2400/3287/2839 2379/3264/2818 2381/3266/2820 2402/3289/2841 
f 2385/3270/2824 2404/3291/2843 2402/3289/2841 2381/3266/2820 
f 2404/3291/2843 2405/3292/2844 2403/3290/2842 2402/3289/2841 
f 2405/3292/2844 2404/3291/2843 2406/3293/2845 2407/3294/2846 
f 2404/3291/2843 2385/3270/2824 2387/3272/2826 2406/3293/2845 
f 2391/3276/2830 2408/3295/2847 2406/3293/2845 2387/3272/2826 
f 2408/3295/2847 2409/3296/2848 2407/3294/2846 2406/3293/2845 
f 2409/3296/2848 2408/3295/2847 2410/3297/2849 2411/3298/2850 
f 2408/3295/2847 2391/3276/2830 2393/3278/2832 2410/3297/2849 
f 2397/3282/2836 2412/3299/2851 2410/3297/2849 2393/3278/2832 
f 2412/3299/2851 2413/3300/2852 2411/3298/2850 2410/3297/2849 
f 1967/3301/2407 1966/3302/2406 2414/3303/2853 2415/3304/2854 
f 1966/3302/2406 1961/3283/2401 2399/3286/2838 2414/3303/2853 
f 2401/3288/2840 2416/3305/2855 2414/3303/2853 2399/3286/2838 
f 2416/3305/2855 2417/3306/2856 2415/3304/2854 2414/3303/2853 
f 2417/3306/2856 2416/3305/2855 2418/3307/2857 2419/3308/2858 
f 2416/3305/2855 2401/3288/2840 2403/3290/2842 2418/3307/2857 
f 2405/3292/2844 2420/3309/2859 2418/3307/2857 2403/3290/2842 
f 2420/3309/2859 2421/3310/2860 2419/3308/2858 2418/3307/2857 
f 2421/3310/2860 2420/3309/2859 2422/3311/2861 2423/3312/2862 
f 2420/3309/2859 2405/3292/2844 2407/3294/2846 2422/3311/2861 
f 2409/3296/2848 2424/3313/2863 2422/3311/2861 2407/3294/2846 
f 2424/3313/2863 2425/3314/2864 2423/3312/2862 2422/3311/2861 
f 2425/3314/2864 2424/3313/2863 2426/3315/2865 2427/3316/2866 
f 2424/3313/2863 2409/3296/2848 2411/3298/2850 2426/3315/2865 
f 2413/3300/2852 2428/3317/2867 2426/3315/2865 2411/3298/2850 
f 2428/3317/2867 2429/3318/2868 2427/3316/2866 2426/3315/2865 
f 1792/3198/2233 1972/3319/2412 2430/3320/2869 2317/3199/2756 
f 1972/3319/2412 1967/3301/2407 2415/3304/2854 2430/3320/2869 
f 2417/3306/2856 2431/3321/2870 2430/3320/2869 2415/3304/2854 
f 2431/3321/2870 2318/3200/2757 2317/3199/2756 2430/3320/2869 
f 2318/3200/2757 2431/3321/2870 2432/3322/2871 2335/3217/2774 
f 2431/3321/2870 2417/3306/2856 2419/3308/2858 2432/3322/2871 
f 2421/3310/2860 2433/3323/2872 2432/3322/2871 2419/3308/2858 
f 2433/3323/2872 2336/3218/2775 2335/3217/2774 2432/3322/2871 
f 2336/3218/2775 2433/3323/2872 2434/3324/2873 2353/3235/2792 
f 2433/3323/2872 2421/3310/2860 2423/3312/2862 2434/3324/2873 
f 2425/3314/2864 2435/3325/2874 2434/3324/2873 2423/3312/2862 
f 2435/3325/2874 2354/3236/2793 2353/3235/2792 2434/3324/2873 
f 2354/3236/2793 2435/3325/2874 2436/3326/2875 2371/3253/2810 
f 2435/3325/2874 2425/3314/2864 2427/3316/2866 2436/3326/2875 
f 2429/3318/2868 2437/3327/2876 2436/3326/2875 2427/3316/2866 
f 2437/3327/2876 2372/3254/2811 2371/3253/2810 2436/3326/2875 
f 2098/3328/2537 2095/3329/2534 2438/3330/2877 2439/3331/2878 
f 2095/3329/2534 2094/3332/2533 2440/3333/2879 2438/3330/2877 
f 2441/3334/2880 2442/3335/2881 2438/3330/2877 2440/3333/2879 
f 2442/3335/2881 2443/3336/2882 2439/3331/2878 2438/3330/2877 
f 2094/3332/2533 2122/3337/2561 2444/3338/2883 2440/3333/2879 
f 2122/3337/2561 2121/3339/2560 2445/3340/2884 2444/3338/2883 
f 2446/3341/2885 2447/3342/2886 2444/3338/2883 2445/3340/2884 
f 2447/3342/2886 2441/3334/2880 2440/3333/2879 2444/3338/2883 
f 2121/3339/2560 2140/3343/2579 2448/3344/2887 2445/3340/2884 
f 2140/3343/2579 2139/3345/2578 2449/3346/2888 2448/3344/2887 
f 2450/3347/2889 2451/3348/2890 2448/3344/2887 2449/3346/2888 
f 2451/3348/2890 2446/3341/2885 2445/3340/2884 2448/3344/2887 
f 2139/3345/2578 2157/3349/2596 2452/3350/2891 2449/3346/2888 
f 2157/3349/2596 2036/3351/2476 2453/3352/2892 2452/3350/2891 
f 2454/3353/2893 2455/3354/2894 2452/3350/2891 2453/3352/2892 
f 2455/3354/2894 2450/3347/2889 2449/3346/2888 2452/3350/2891 
f 2443/3336/2882 2442/3335/2881 2456/3355/2895 2457/3356/2896 
f 2442/3335/2881 2441/3334/2880 2458/3357/2897 2456/3355/2895 
f 2459/3358/2898 2460/3359/2899 2456/3355/2895 2458/3357/2897 
f 2460/3359/2899 2461/3360/2900 2457/3356/2896 2456/3355/2895 
f 2441/3334/2880 2447/3342/2886 2462/3361/2901 2458/3357/2897 
f 2447/3342/2886 2446/3341/2885 2463/3362/2902 2462/3361/2901 
f 2464/3363/2903 2465/3364/2904 2462/3361/2901 2463/3362/2902 
f 2465/3364/2904 2459/3358/2898 2458/3357/2897 2462/3361/2901 
f 2446/3341/2885 2451/3348/2890 2466/3365/2905 2463/3362/2902 
f 2451/3348/2890 2450/3347/2889 2467/3366/2906 2466/3365/2905 
f 2468/3367/2907 2469/3368/2908 2466/3365/2905 2467/3366/2906 
f 2469/3368/2908 2464/3363/2903 2463/3362/2902 2466/3365/2905 
f 2450/3347/2889 2455/3354/2894 2470/3369/2909 2467/3366/2906 
f 2455/3354/2894 2454/3353/2893 2471/3370/2910 2470/3369/2909 
f 2472/3371/2911 2473/3372/2912 2470/3369/2909 2471/3370/2910 
f 2473/3372/2912 2468/3367/2907 2467/3366/2906 2470/3369/2909 
f 2461/3360/2900 2460/3359/2899 2474/3373/2913 2475/3374/2914 
f 2460/3359/2899 2459/3358/2898 2476/3375/2915 2474/3373/2913 
f 2477/3376/2916 2478/3377/2917 2474/3373/2913 2476/3375/2915 
f 2478/3377/2917 2479/3378/2918 2475/3374/2914 2474/3373/2913 
f 2459/3358/2898 2465/3364/2904 2480/3379/2919 2476/3375/2915 
f 2465/3364/2904 2464/3363/2903 2481/3380/2920 2480/3379/2919 
f 2482/3381/2921 2483/3382/2922 2480/3379/2919 2481/3380/2920 
f 2483/3382/2922 2477/3376/2916 2476/3375/2915 2480/3379/2919 
f 2464/3363/2903 2469/3368/2908 2484/3383/2923 2481/3380/2920 
f 2469/3368/2908 2468/3367/2907 2485/3384/2924 2484/3383/2923 
f 2486/3385/2925 2487/3386/2926 2484/3383/2923 2485/3384/2924 
f 2487/3386/2926 2482/3381/2921 2481/3380/2920 2484/3383/2923 
f 2468/3367/2907 2473/3372/2912 2488/3387/2927 2485/3384/2924 
f 2473/3372/2912 2472/3371/2911 2489/3388/2928 2488/3387/2927 
f 2490/3389/2929 2491/3390/2930 2488/3387/2927 2489/3388/2928 
f 2491/3390/2930 2486/3385/2925 2485/3384/2924 2488/3387/2927 
f 2479/3378/2918 2478/3377/2917 2492/3391/2931 2493/3392/2932 
f 2478/3377/2917 2477/3376/2916 2494/3393/2933 2492/3391/2931 
f 2397/3282/2836 2396/3281/2835 2492/3391/2931 2494/3393/2933 
f 2396/3281/2835 2395/3280/2834 2493/3392/2932 2492/3391/2931 
f 2477/3376/2916 2483/3382/2922 2495/3394/2934 2494/3393/2933 
f 2483/3382/2922 2482/3381/2921 2496/3395/2935 2495/3394/2934 
f 2413/3300/2852 2412/3299/2851 2495/3394/2934 2496/3395/2935 
f 2412/3299/2851 2397/3282/2836 2494/3393/2933 2495/3394/2934 
f 2482/3381/2921 2487/3386/2926 2497/3396/2936 2496/3395/2935 
f 2487/3386/2926 2486/3385/2925 2498/3397/2937 2497/3396/2936 
f 2429/3318/2868 2428/3317/2867 2497/3396/2936 2498/3397/2937 
f 2428/3317/2867 2413/3300/2852 2496/3395/2935 2497/3396/2936 
f 2486/3385/2925 2491/3390/2930 2499/3398/2938 2498/3397/2937 
f 2491/3390/2930 2490/3389/2929 2500/3399/2939 2499/3398/2938 
f 2372/3254/2811 2437/3327/2876 2499/3398/2938 2500/3399/2939 
f 2437/3327/2876 2429/3318/2868 2498/3397/2937 2499/3398/2938 
f 2017/3400/2457 2014/3401/2454 2501/3402/2940 2502/3403/2941 
f 2014/3401/2454 2013/3404/2453 2503/3405/2942 2501/3402/2940 
f 2504/3406/2943 2505/3407/2944 2501/3402/2940 2503/3405/2942 
f 2505/3407/2944 2506/3408/2945 2502/3403/2941 2501/3402/2940 
f 2506/3408/2945 2505/3407/2944 2507/3409/2946 2508/3410/2947 
f 2505/3407/2944 2504/3406/2943 2509/3411/2948 2507/3409/2946 
f 2510/3412/2949 2511/3413/2950 2507/3409/2946 2509/3411/2948 
f 2511/3413/2950 2512/3414/2951 2508/3410/2947 2507/3409/2946 
f 2512/3414/2951 2511/3413/2950 2513/3415/2952 2514/3416/2953 
f 2511/3413/2950 2510/3412/2949 2515/3417/2954 2513/3415/2952 
f 2516/3418/2955 2517/3419/2956 2513/3415/2952 2515/3417/2954 
f 2517/3419/2956 2518/3420/2957 2514/3416/2953 2513/3415/2952 
f 2518/3420/2957 2517/3419/2956 2519/3421/2958 2520/3422/2959 
f 2517/3419/2956 2516/3418/2955 2521/3423/2960 2519/3421/2958 
f 2361/3243/2800 2360/3242/2799 2519/3421/2958 2521/3423/2960 
f 2360/3242/2799 2359/3241/2798 2520/3422/2959 2519/3421/2958 
f 2024/3424/2464 2022/3425/2462 2522/3426/2961 2523/3427/2962 
f 2022/3425/2462 2017/3400/2457 2502/3403/2941 2522/3426/2961 
f 2506/3408/2945 2524/3428/2963 2522/3426/2961 2502/3403/2941 
f 2524/3428/2963 2525/3429/2964 2523/3427/2962 2522/3426/2961 
f 2525/3429/2964 2524/3428/2963 2526/3430/2965 2527/3431/2966 
f 2524/3428/2963 2506/3408/2945 2508/3410/2947 2526/3430/2965 
f 2512/3414/2951 2528/3432/2967 2526/3430/2965 2508/3410/2947 
f 2528/3432/2967 2529/3433/2968 2527/3431/2966 2526/3430/2965 
f 2529/3433/2968 2528/3432/2967 2530/3434/2969 2531/3435/2970 
f 2528/3432/2967 2512/3414/2951 2514/3416/2953 2530/3434/2969 
f 2518/3420/2957 2532/3436/2971 2530/3434/2969 2514/3416/2953 
f 2532/3436/2971 2533/3437/2972 2531/3435/2970 2530/3434/2969 
f 2533/3437/2972 2532/3436/2971 2534/3438/2973 2535/3439/2974 
f 2532/3436/2971 2518/3420/2957 2520/3422/2959 2534/3438/2973 
f 2359/3241/2798 2365/3247/2804 2534/3438/2973 2520/3422/2959 
f 2365/3247/2804 2364/3246/2803 2535/3439/2974 2534/3438/2973 
f 2030/3440/2470 2028/3441/2468 2536/3442/2975 2537/3443/2976 
f 2028/3441/2468 2024/3424/2464 2523/3427/2962 2536/3442/2975 
f 2525/3429/2964 2538/3444/2977 2536/3442/2975 2523/3427/2962 
f 2538/3444/2977 2539/3445/2978 2537/3443/2976 2536/3442/2975 
f 2539/3445/2978 2538/3444/2977 2540/3446/2979 2541/3447/2980 
f 2538/3444/2977 2525/3429/2964 2527/3431/2966 2540/3446/2979 
f 2529/3433/2968 2542/3448/2981 2540/3446/2979 2527/3431/2966 
f 2542/3448/2981 2543/3449/2982 2541/3447/2980 2540/3446/2979 
f 2543/3449/2982 2542/3448/2981 2544/3450/2983 2545/3451/2984 
f 2542/3448/2981 2529/3433/2968 2531/3435/2970 2544/3450/2983 
f 2533/3437/2972 2546/3452/2985 2544/3450/2983 2531/3435/2970 
f 2546/3452/2985 2547/3453/2986 2545/3451/2984 2544/3450/2983 
f 2547/3453/2986 2546/3452/2985 2548/3454/2987 2549/3455/2988 
f 2546/3452/2985 2533/3437/2972 2535/3439/2974 2548/3454/2987 
f 2364/3246/2803 2369/3251/2808 2548/3454/2987 2535/3439/2974 
f 2369/3251/2808 2368/3250/2807 2549/3455/2988 2548/3454/2987 
f 2036/3351/2476 2034/3456/2474 2550/3457/2989 2453/3352/2892 
f 2034/3456/2474 2030/3440/2470 2537/3443/2976 2550/3457/2989 
f 2539/3445/2978 2551/3458/2990 2550/3457/2989 2537/3443/2976 
f 2551/3458/2990 2454/3353/2893 2453/3352/2892 2550/3457/2989 
f 2454/3353/2893 2551/3458/2990 2552/3459/2991 2471/3370/2910 
f 2551/3458/2990 2539/3445/2978 2541/3447/2980 2552/3459/2991 
f 2543/3449/2982 2553/3460/2992 2552/3459/2991 2541/3447/2980 
f 2553/3460/2992 2472/3371/2911 2471/3370/2910 2552/3459/2991 
f 2472/3371/2911 2553/3460/2992 2554/3461/2993 2489/3388/2928 
f 2553/3460/2992 2543/3449/2982 2545/3451/2984 2554/3461/2993 
f 2547/3453/2986 2555/3462/2994 2554/3461/2993 2545/3451/2984 
f 2555/3462/2994 2490/3389/2929 2489/3388/2928 2554/3461/2993 
f 2490/3389/2929 2555/3462/2994 2556/3463/2995 2500/3399/2939 
f 2555/3462/2994 2547/3453/2986 2549/3455/2988 2556/3463/2995 
f 2368/3250/2807 2373/3255/2812 2556/3463/2995 2549/3455/2988 
f 2373/3255/2812 2372/3254/2811 2500/3399/2939 2556/3463/2995 
f 1953/3464/2393 1950/3465/2390 2557/3466/2996 2376/3467/2815 
f 1950/3465/2390 1949/3468/2389 2558/3469/2997 2557/3466/2996 
f 2559/3470/2998 2560/3471/2999 2557/3466/2996 2558/3469/2997 
f 2560/3471/2999 2377/3472/2816 2376/3467/2815 2557/3466/2996 
f 1949/3468/2389 1974/3473/2414 2561/3474/3000 2558/3469/2997 
f 1974/3473/2414 1973/3475/2413 2562/3476/3001 2561/3474/3000 
f 2563/3477/3002 2564/3478/3003 2561/3474/3000 2562/3476/3001 
f 2564/3478/3003 2559/3470/2998 2558/3469/2997 2561/3474/3000 
f 1973/3475/2413 1990/3479/2430 2565/3480/3004 2562/3476/3001 
f 1990/3479/2430 1989/3481/2429 2566/3482/3005 2565/3480/3004 
f 2567/3483/3006 2568/3484/3007 2565/3480/3004 2566/3482/3005 
f 2568/3484/3007 2563/3477/3002 2562/3476/3001 2565/3480/3004 
f 1989/3481/2429 2005/3485/2445 2569/3486/3008 2566/3482/3005 
f 2005/3485/2445 1900/3487/2340 2570/3488/3009 2569/3486/3008 
f 2571/3489/3010 2572/3490/3011 2569/3486/3008 2570/3488/3009 
f 2572/3490/3011 2567/3483/3006 2566/3482/3005 2569/3486/3008 
f 2377/3472/2816 2560/3471/2999 2573/3491/3012 2382/3492/2821 
f 2560/3471/2999 2559/3470/2998 2574/3493/3013 2573/3491/3012 
f 2575/3494/3014 2576/3495/3015 2573/3491/3012 2574/3493/3013 
f 2576/3495/3015 2383/3496/2822 2382/3492/2821 2573/3491/3012 
f 2559/3470/2998 2564/3478/3003 2577/3497/3016 2574/3493/3013 
f 2564/3478/3003 2563/3477/3002 2578/3498/3017 2577/3497/3016 
f 2579/3499/3018 2580/3500/3019 2577/3497/3016 2578/3498/3017 
f 2580/3500/3019 2575/3494/3014 2574/3493/3013 2577/3497/3016 
f 2563/3477/3002 2568/3484/3007 2581/3501/3020 2578/3498/3017 
f 2568/3484/3007 2567/3483/3006 2582/3502/3021 2581/3501/3020 
f 2583/3503/3022 2584/3504/3023 2581/3501/3020 2582/3502/3021 
f 2584/3504/3023 2579/3499/3018 2578/3498/3017 2581/3501/3020 
f 2567/3483/3006 2572/3490/3011 2585/3505/3024 2582/3502/3021 
f 2572/3490/3011 2571/3489/3010 2586/3506/3025 2585/3505/3024 
f 2587/3507/3026 2588/3508/3027 2585/3505/3024 2586/3506/3025 
f 2588/3508/3027 2583/3503/3022 2582/3502/3021 2585/3505/3024 
f 2383/3496/2822 2576/3495/3015 2589/3509/3028 2388/3510/2827 
f 2576/3495/3015 2575/3494/3014 2590/3511/3029 2589/3509/3028 
f 2591/3512/3030 2592/3513/3031 2589/3509/3028 2590/3511/3029 
f 2592/3513/3031 2389/3514/2828 2388/3510/2827 2589/3509/3028 
f 2575/3494/3014 2580/3500/3019 2593/3515/3032 2590/3511/3029 
f 2580/3500/3019 2579/3499/3018 2594/3516/3033 2593/3515/3032 
f 2595/3517/3034 2596/3518/3035 2593/3515/3032 2594/3516/3033 
f 2596/3518/3035 2591/3512/3030 2590/3511/3029 2593/3515/3032 
f 2579/3499/3018 2584/3504/3023 2597/3519/3036 2594/3516/3033 
f 2584/3504/3023 2583/3503/3022 2598/3520/3037 2597/3519/3036 
f 2599/3521/3038 2600/3522/3039 2597/3519/3036 2598/3520/3037 
f 2600/3522/3039 2595/3517/3034 2594/3516/3033 2597/3519/3036 
f 2583/3503/3022 2588/3508/3027 2601/3523/3040 2598/3520/3037 
f 2588/3508/3027 2587/3507/3026 2602/3524/3041 2601/3523/3040 
f 2603/3525/3042 2604/3526/3043 2601/3523/3040 2602/3524/3041 
f 2604/3526/3043 2599/3521/3038 2598/3520/3037 2601/3523/3040 
f 2389/3514/2828 2592/3513/3031 2605/3527/3044 2394/3528/2833 
f 2592/3513/3031 2591/3512/3030 2606/3529/3045 2605/3527/3044 
f 2607/3530/3046 2608/3531/3047 2605/3527/3044 2606/3529/3045 
f 2608/3531/3047 2395/3532/2834 2394/3528/2833 2605/3527/3044 
f 2591/3512/3030 2596/3518/3035 2609/3533/3048 2606/3529/3045 
f 2596/3518/3035 2595/3517/3034 2610/3534/3049 2609/3533/3048 
f 2611/3535/3050 2612/3536/3051 2609/3533/3048 2610/3534/3049 
f 2612/3536/3051 2607/3530/3046 2606/3529/3045 2609/3533/3048 
f 2595/3517/3034 2600/3522/3039 2613/3537/3052 2610/3534/3049 
f 2600/3522/3039 2599/3521/3038 2614/3538/3053 2613/3537/3052 
f 2615/3539/3054 2616/3540/3055 2613/3537/3052 2614/3538/3053 
f 2616/3540/3055 2611/3535/3050 2610/3534/3049 2613/3537/3052 
f 2599/3521/3038 2604/3526/3043 2617/3541/3056 2614/3538/3053 
f 2604/3526/3043 2603/3525/3042 2618/3542/3057 2617/3541/3056 
f 2619/3543/3058 2620/3544/3059 2617/3541/3056 2618/3542/3057 
f 2620/3544/3059 2615/3539/3054 2614/3538/3053 2617/3541/3056 
f 1881/3545/2321 1878/3546/2318 2621/3547/3060 2622/3548/3061 
f 1878/3546/2318 1877/3549/2317 2623/3550/3062 2621/3547/3060 
f 2624/3551/3063 2625/3552/3064 2621/3547/3060 2623/3550/3062 
f 2625/3552/3064 2626/3553/3065 2622/3548/3061 2621/3547/3060 
f 2626/3553/3065 2625/3552/3064 2627/3554/3066 2628/3555/3067 
f 2625/3552/3064 2624/3551/3063 2629/3556/3068 2627/3554/3066 
f 2630/3557/3069 2631/3558/3070 2627/3554/3066 2629/3556/3068 
f 2631/3558/3070 2632/3559/3071 2628/3555/3067 2627/3554/3066 
f 2632/3559/3071 2631/3558/3070 2633/3560/3072 2634/3561/3073 
f 2631/3558/3070 2630/3557/3069 2635/3562/3074 2633/3560/3072 
f 2636/3563/3075 2637/3564/3076 2633/3560/3072 2635/3562/3074 
f 2637/3564/3076 2638/3565/3077 2634/3561/3073 2633/3560/3072 
f 2638/3565/3077 2637/3564/3076 2639/3566/3078 2640/3567/3079 
f 2637/3564/3076 2636/3563/3075 2641/3568/3080 2639/3566/3078 
f 2642/3569/3081 2643/3570/3082 2639/3566/3078 2641/3568/3080 
f 2643/3570/3082 2644/3571/3083 2640/3567/3079 2639/3566/3078 
f 1888/3572/2328 1886/3573/2326 2645/3574/3084 2646/3575/3085 
f 1886/3573/2326 1881/3545/2321 2622/3548/3061 2645/3574/3084 
f 2626/3553/3065 2647/3576/3086 2645/3574/3084 2622/3548/3061 
f 2647/3576/3086 2648/3577/3087 2646/3575/3085 2645/3574/3084 
f 2648/3577/3087 2647/3576/3086 2649/3578/3088 2650/3579/3089 
f 2647/3576/3086 2626/3553/3065 2628/3555/3067 2649/3578/3088 
f 2632/3559/3071 2651/3580/3090 2649/3578/3088 2628/3555/3067 
f 2651/3580/3090 2652/3581/3091 2650/3579/3089 2649/3578/3088 
f 2652/3581/3091 2651/3580/3090 2653/3582/3092 2654/3583/3093 
f 2651/3580/3090 2632/3559/3071 2634/3561/3073 2653/3582/3092 
f 2638/3565/3077 2655/3584/3094 2653/3582/3092 2634/3561/3073 
f 2655/3584/3094 2656/3585/3095 2654/3583/3093 2653/3582/3092 
f 2656/3585/3095 2655/3584/3094 2657/3586/3096 2658/3587/3097 
f 2655/3584/3094 2638/3565/3077 2640/3567/3079 2657/3586/3096 
f 2644/3571/3083 2659/3588/3098 2657/3586/3096 2640/3567/3079 
f 2659/3588/3098 2660/3589/3099 2658/3587/3097 2657/3586/3096 
f 1894/3590/2334 1892/3591/2332 2661/3592/3100 2662/3593/3101 
f 1892/3591/2332 1888/3572/2328 2646/3575/3085 2661/3592/3100 
f 2648/3577/3087 2663/3594/3102 2661/3592/3100 2646/3575/3085 
f 2663/3594/3102 2664/3595/3103 2662/3593/3101 2661/3592/3100 
f 2664/3595/3103 2663/3594/3102 2665/3596/3104 2666/3597/3105 
f 2663/3594/3102 2648/3577/3087 2650/3579/3089 2665/3596/3104 
f 2652/3581/3091 2667/3598/3106 2665/3596/3104 2650/3579/3089 
f 2667/3598/3106 2668/3599/3107 2666/3597/3105 2665/3596/3104 
f 2668/3599/3107 2667/3598/3106 2669/3600/3108 2670/3601/3109 
f 2667/3598/3106 2652/3581/3091 2654/3583/3093 2669/3600/3108 
f 2656/3585/3095 2671/3602/3110 2669/3600/3108 2654/3583/3093 
f 2671/3602/3110 2672/3603/3111 2670/3601/3109 2669/3600/3108 
f 2672/3603/3111 2671/3602/3110 2673/3604/3112 2674/3605/3113 
f 2671/3602/3110 2656/3585/3095 2658/3587/3097 2673/3604/3112 
f 2660/3589/3099 2675/3606/3114 2673/3604/3112 2658/3587/3097 
f 2675/3606/3114 2676/3607/3115 2674/3605/3113 2673/3604/3112 
f 1900/3487/2340 1898/3608/2338 2677/3609/3116 2570/3488/3009 
f 1898/3608/2338 1894/3590/2334 2662/3593/3101 2677/3609/3116 
f 2664/3595/3103 2678/3610/3117 2677/3609/3116 2662/3593/3101 
f 2678/3610/3117 2571/3489/3010 2570/3488/3009 2677/3609/3116 
f 2571/3489/3010 2678/3610/3117 2679/3611/3118 2586/3506/3025 
f 2678/3610/3117 2664/3595/3103 2666/3597/3105 2679/3611/3118 
f 2668/3599/3107 2680/3612/3119 2679/3611/3118 2666/3597/3105 
f 2680/3612/3119 2587/3507/3026 2586/3506/3025 2679/3611/3118 
f 2587/3507/3026 2680/3612/3119 2681/3613/3120 2602/3524/3041 
f 2680/3612/3119 2668/3599/3107 2670/3601/3109 2681/3613/3120 
f 2672/3603/3111 2682/3614/3121 2681/3613/3120 2670/3601/3109 
f 2682/3614/3121 2603/3525/3042 2602/3524/3041 2681/3613/3120 
f 2603/3525/3042 2682/3614/3121 2683/3615/3122 2618/3542/3057 
f 2682/3614/3121 2672/3603/3111 2674/3605/3113 2683/3615/3122 
f 2676/3607/3115 2684/3616/3123 2683/3615/3122 2674/3605/3113 
f 2684/3616/3123 2619/3543/3058 2618/3542/3057 2683/3615/3122 
f 2166/3617/2605 2169/3618/2608 2685/3619/3124 2686/3620/3125 
f 2169/3618/2608 2174/3621/2613 2687/3622/3126 2685/3619/3124 
f 2688/3623/3127 2689/3624/3128 2685/3619/3124 2687/3622/3126 
f 2689/3624/3128 2690/3625/3129 2686/3620/3125 2685/3619/3124 
f 2174/3621/2613 2194/3626/2633 2691/3627/3130 2687/3622/3126 
f 2194/3626/2633 2198/3628/2637 2692/3629/3131 2691/3627/3130 
f 2693/3630/3132 2694/3631/3133 2691/3627/3130 2692/3629/3131 
f 2694/3631/3133 2688/3623/3127 2687/3622/3126 2691/3627/3130 
f 2198/3628/2637 2212/3632/2651 2695/3633/3134 2692/3629/3131 
f 2212/3632/2651 2216/3634/2655 2696/3635/3135 2695/3633/3134 
f 2697/3636/3136 2698/3637/3137 2695/3633/3134 2696/3635/3135 
f 2698/3637/3137 2693/3630/3132 2692/3629/3131 2695/3633/3134 
f 2216/3634/2655 2230/3638/2669 2699/3639/3138 2696/3635/3135 
f 2230/3638/2669 2118/3640/2557 2700/3641/3139 2699/3639/3138 
f 2701/3642/3140 2702/3643/3141 2699/3639/3138 2700/3641/3139 
f 2702/3643/3141 2697/3636/3136 2696/3635/3135 2699/3639/3138 
f 2690/3625/3129 2689/3624/3128 2703/3644/3142 2704/3645/3143 
f 2689/3624/3128 2688/3623/3127 2705/3646/3144 2703/3644/3142 
f 2706/3647/3145 2707/3648/3146 2703/3644/3142 2705/3646/3144 
f 2707/3648/3146 2708/3649/3147 2704/3645/3143 2703/3644/3142 
f 2688/3623/3127 2694/3631/3133 2709/3650/3148 2705/3646/3144 
f 2694/3631/3133 2693/3630/3132 2710/3651/3149 2709/3650/3148 
f 2711/3652/3150 2712/3653/3151 2709/3650/3148 2710/3651/3149 
f 2712/3653/3151 2706/3647/3145 2705/3646/3144 2709/3650/3148 
f 2693/3630/3132 2698/3637/3137 2713/3654/3152 2710/3651/3149 
f 2698/3637/3137 2697/3636/3136 2714/3655/3153 2713/3654/3152 
f 2715/3656/3154 2716/3657/3155 2713/3654/3152 2714/3655/3153 
f 2716/3657/3155 2711/3652/3150 2710/3651/3149 2713/3654/3152 
f 2697/3636/3136 2702/3643/3141 2717/3658/3156 2714/3655/3153 
f 2702/3643/3141 2701/3642/3140 2718/3659/3157 2717/3658/3156 
f 2719/3660/3158 2720/3661/3159 2717/3658/3156 2718/3659/3157 
f 2720/3661/3159 2715/3656/3154 2714/3655/3153 2717/3658/3156 
f 2708/3649/3147 2707/3648/3146 2721/3662/3160 2722/3663/3161 
f 2707/3648/3146 2706/3647/3145 2723/3664/3162 2721/3662/3160 
f 2724/3665/3163 2725/3666/3164 2721/3662/3160 2723/3664/3162 
f 2725/3666/3164 2726/3667/3165 2722/3663/3161 2721/3662/3160 
f 2706/3647/3145 2712/3653/3151 2727/3668/3166 2723/3664/3162 
f 2712/3653/3151 2711/3652/3150 2728/3669/3167 2727/3668/3166 
f 2729/3670/3168 2730/3671/3169 2727/3668/3166 2728/3669/3167 
f 2730/3671/3169 2724/3665/3163 2723/3664/3162 2727/3668/3166 
f 2711/3652/3150 2716/3657/3155 2731/3672/3170 2728/3669/3167 
f 2716/3657/3155 2715/3656/3154 2732/3673/3171 2731/3672/3170 
f 2733/3674/3172 2734/3675/3173 2731/3672/3170 2732/3673/3171 
f 2734/3675/3173 2729/3670/3168 2728/3669/3167 2731/3672/3170 
f 2715/3656/3154 2720/3661/3159 2735/3676/3174 2732/3673/3171 
f 2720/3661/3159 2719/3660/3158 2736/3677/3175 2735/3676/3174 
f 2737/3678/3176 2738/3679/3177 2735/3676/3174 2736/3677/3175 
f 2738/3679/3177 2733/3674/3172 2732/3673/3171 2735/3676/3174 
f 2726/3667/3165 2725/3666/3164 2739/3680/3178 2740/3681/3179 
f 2725/3666/3164 2724/3665/3163 2741/3682/3180 2739/3680/3178 
f 2644/3571/3083 2643/3570/3082 2739/3680/3178 2741/3682/3180 
f 2643/3570/3082 2642/3569/3081 2740/3681/3179 2739/3680/3178 
f 2724/3665/3163 2730/3671/3169 2742/3683/3181 2741/3682/3180 
f 2730/3671/3169 2729/3670/3168 2743/3684/3182 2742/3683/3181 
f 2660/3589/3099 2659/3588/3098 2742/3683/3181 2743/3684/3182 
f 2659/3588/3098 2644/3571/3083 2741/3682/3180 2742/3683/3181 
f 2729/3670/3168 2734/3675/3173 2744/3685/3183 2743/3684/3182 
f 2734/3675/3173 2733/3674/3172 2745/3686/3184 2744/3685/3183 
f 2676/3607/3115 2675/3606/3114 2744/3685/3183 2745/3686/3184 
f 2675/3606/3114 2660/3589/3099 2743/3684/3182 2744/3685/3183 
f 2733/3674/3172 2738/3679/3177 2746/3687/3185 2745/3686/3184 
f 2738/3679/3177 2737/3678/3176 2747/3688/3186 2746/3687/3185 
f 2619/3543/3058 2684/3616/3123 2746/3687/3185 2747/3688/3186 
f 2684/3616/3123 2676/3607/3115 2745/3686/3184 2746/3687/3185 
f 2100/3689/2539 2099/3690/2538 2748/3691/3187 2749/3692/3188 
f 2099/3690/2538 2098/3693/2537 2439/3694/2878 2748/3691/3187 
f 2443/3695/2882 2750/3696/3189 2748/3691/3187 2439/3694/2878 
f 2750/3696/3189 2751/3697/3190 2749/3692/3188 2748/3691/3187 
f 2751/3697/3190 2750/3696/3189 2752/3698/3191 2753/3699/3192 
f 2750/3696/3189 2443/3695/2882 2457/3700/2896 2752/3698/3191 
f 2461/3701/2900 2754/3702/3193 2752/3698/3191 2457/3700/2896 
f 2754/3702/3193 2755/3703/3194 2753/3699/3192 2752/3698/3191 
f 2755/3703/3194 2754/3702/3193 2756/3704/3195 2757/3705/3196 
f 2754/3702/3193 2461/3701/2900 2475/3706/2914 2756/3704/3195 
f 2479/3707/2918 2758/3708/3197 2756/3704/3195 2475/3706/2914 
f 2758/3708/3197 2759/3709/3198 2757/3705/3196 2756/3704/3195 
f 2759/3709/3198 2758/3708/3197 2760/3710/3199 2761/3711/3200 
f 2758/3708/3197 2479/3707/2918 2493/3712/2932 2760/3710/3199 
f 2395/3532/2834 2608/3531/3047 2760/3710/3199 2493/3712/2932 
f 2608/3531/3047 2607/3530/3046 2761/3711/3200 2760/3710/3199 
f 2106/3713/2545 2105/3714/2544 2762/3715/3201 2763/3716/3202 
f 2105/3714/2544 2100/3689/2539 2749/3692/3188 2762/3715/3201 
f 2751/3697/3190 2764/3717/3203 2762/3715/3201 2749/3692/3188 
f 2764/3717/3203 2765/3718/3204 2763/3716/3202 2762/3715/3201 
f 2765/3718/3204 2764/3717/3203 2766/3719/3205 2767/3720/3206 
f 2764/3717/3203 2751/3697/3190 2753/3699/3192 2766/3719/3205 
f 2755/3703/3194 2768/3721/3207 2766/3719/3205 2753/3699/3192 
f 2768/3721/3207 2769/3722/3208 2767/3720/3206 2766/3719/3205 
f 2769/3722/3208 2768/3721/3207 2770/3723/3209 2771/3724/3210 
f 2768/3721/3207 2755/3703/3194 2757/3705/3196 2770/3723/3209 
f 2759/3709/3198 2772/3725/3211 2770/3723/3209 2757/3705/3196 
f 2772/3725/3211 2773/3726/3212 2771/3724/3210 2770/3723/3209 
f 2773/3726/3212 2772/3725/3211 2774/3727/3213 2775/3728/3214 
f 2772/3725/3211 2759/3709/3198 2761/3711/3200 2774/3727/3213 
f 2607/3530/3046 2612/3536/3051 2774/3727/3213 2761/3711/3200 
f 2612/3536/3051 2611/3535/3050 2775/3728/3214 2774/3727/3213 
f 2112/3729/2551 2111/3730/2550 2776/3731/3215 2777/3732/3216 
f 2111/3730/2550 2106/3713/2545 2763/3716/3202 2776/3731/3215 
f 2765/3718/3204 2778/3733/3217 2776/3731/3215 2763/3716/3202 
f 2778/3733/3217 2779/3734/3218 2777/3732/3216 2776/3731/3215 
f 2779/3734/3218 2778/3733/3217 2780/3735/3219 2781/3736/3220 
f 2778/3733/3217 2765/3718/3204 2767/3720/3206 2780/3735/3219 
f 2769/3722/3208 2782/3737/3221 2780/3735/3219 2767/3720/3206 
f 2782/3737/3221 2783/3738/3222 2781/3736/3220 2780/3735/3219 
f 2783/3738/3222 2782/3737/3221 2784/3739/3223 2785/3740/3224 
f 2782/3737/3221 2769/3722/3208 2771/3724/3210 2784/3739/3223 
f 2773/3726/3212 2786/3741/3225 2784/3739/3223 2771/3724/3210 
f 2786/3741/3225 2787/3742/3226 2785/3740/3224 2784/3739/3223 
f 2787/3742/3226 2786/3741/3225 2788/3743/3227 2789/3744/3228 
f 2786/3741/3225 2773/3726/3212 2775/3728/3214 2788/3743/3227 
f 2611/3535/3050 2616/3540/3055 2788/3743/3227 2775/3728/3214 
f 2616/3540/3055 2615/3539/3054 2789/3744/3228 2788/3743/3227 
f 2118/3640/2557 2117/3745/2556 2790/3746/3229 2700/3641/3139 
f 2117/3745/2556 2112/3729/2551 2777/3732/3216 2790/3746/3229 
f 2779/3734/3218 2791/3747/3230 2790/3746/3229 2777/3732/3216 
f 2791/3747/3230 2701/3642/3140 2700/3641/3139 2790/3746/3229 
f 2701/3642/3140 2791/3747/3230 2792/3748/3231 2718/3659/3157 
f 2791/3747/3230 2779/3734/3218 2781/3736/3220 2792/3748/3231 
f 2783/3738/3222 2793/3749/3232 2792/3748/3231 2781/3736/3220 
f 2793/3749/3232 2719/3660/3158 2718/3659/3157 2792/3748/3231 
f 2719/3660/3158 2793/3749/3232 2794/3750/3233 2736/3677/3175 
f 2793/3749/3232 2783/3738/3222 2785/3740/3224 2794/3750/3233 
f 2787/3742/3226 2795/3751/3234 2794/3750/3233 2785/3740/3224 
f 2795/3751/3234 2737/3678/3176 2736/3677/3175 2794/3750/3233 
f 2737/3678/3176 2795/3751/3234 2796/3752/3235 2747/3688/3186 
f 2795/3751/3234 2787/3742/3226 2789/3744/3228 2796/3752/3235 
f 2615/3539/3054 2620/3544/3059 2796/3752/3235 2789/3744/3228 
f 2620/3544/3059 2619/3543/3058 2747/3688/3186 2796/3752/3235 
f 1877/3753/2317 1880/3754/2320 2797/3755/3236 2623/3756/3062 
f 1880/3754/2320 1885/3757/2325 2798/3758/3237 2797/3755/3236 
f 2799/3759/3238 2800/3760/3239 2797/3755/3236 2798/3758/3237 
f 2800/3760/3239 2624/3761/3063 2623/3756/3062 2797/3755/3236 
f 1885/3757/2325 1905/3762/2345 2801/3763/3240 2798/3758/3237 
f 1905/3762/2345 1909/3764/2349 2802/3765/3241 2801/3763/3240 
f 2803/3766/3242 2804/3767/3243 2801/3763/3240 2802/3765/3241 
f 2804/3767/3243 2799/3759/3238 2798/3758/3237 2801/3763/3240 
f 1909/3764/2349 1923/3768/2363 2805/3769/3244 2802/3765/3241 
f 1923/3768/2363 1927/3770/2367 2806/3771/3245 2805/3769/3244 
f 2807/3772/3246 2808/3773/3247 2805/3769/3244 2806/3771/3245 
f 2808/3773/3247 2803/3766/3242 2802/3765/3241 2805/3769/3244 
f 1927/3770/2367 1941/3774/2381 2809/3775/3248 2806/3771/3245 
f 1941/3774/2381 1829/3776/2269 2810/3777/3249 2809/3775/3248 
f 2811/3778/3250 2812/3779/3251 2809/3775/3248 2810/3777/3249 
f 2812/3779/3251 2807/3772/3246 2806/3771/3245 2809/3775/3248 
f 2624/3761/3063 2800/3760/3239 2813/3780/3252 2629/3781/3068 
f 2800/3760/3239 2799/3759/3238 2814/3782/3253 2813/3780/3252 
f 2815/3783/3254 2816/3784/3255 2813/3780/3252 2814/3782/3253 
f 2816/3784/3255 2630/3785/3069 2629/3781/3068 2813/3780/3252 
f 2799/3759/3238 2804/3767/3243 2817/3786/3256 2814/3782/3253 
f 2804/3767/3243 2803/3766/3242 2818/3787/3257 2817/3786/3256 
f 2819/3788/3258 2820/3789/3259 2817/3786/3256 2818/3787/3257 
f 2820/3789/3259 2815/3783/3254 2814/3782/3253 2817/3786/3256 
f 2803/3766/3242 2808/3773/3247 2821/3790/3260 2818/3787/3257 
f 2808/3773/3247 2807/3772/3246 2822/3791/3261 2821/3790/3260 
f 2823/3792/3262 2824/3793/3263 2821/3790/3260 2822/3791/3261 
f 2824/3793/3263 2819/3788/3258 2818/3787/3257 2821/3790/3260 
f 2807/3772/3246 2812/3779/3251 2825/3794/3264 2822/3791/3261 
f 2812/3779/3251 2811/3778/3250 2826/3795/3265 2825/3794/3264 
f 2827/3796/3266 2828/3797/3267 2825/3794/3264 2826/3795/3265 
f 2828/3797/3267 2823/3792/3262 2822/3791/3261 2825/3794/3264 
f 2630/3785/3069 2816/3784/3255 2829/3798/3268 2635/3799/3074 
f 2816/3784/3255 2815/3783/3254 2830/3800/3269 2829/3798/3268 
f 2831/3801/3270 2832/3802/3271 2829/3798/3268 2830/3800/3269 
f 2832/3802/3271 2636/3803/3075 2635/3799/3074 2829/3798/3268 
f 2815/3783/3254 2820/3789/3259 2833/3804/3272 2830/3800/3269 
f 2820/3789/3259 2819/3788/3258 2834/3805/3273 2833/3804/3272 
f 2835/3806/3274 2836/3807/3275 2833/3804/3272 2834/3805/3273 
f 2836/3807/3275 2831/3801/3270 2830/3800/3269 2833/3804/3272 
f 2819/3788/3258 2824/3793/3263 2837/3808/3276 2834/3805/3273 
f 2824/3793/3263 2823/3792/3262 2838/3809/3277 2837/3808/3276 
f 2839/3810/3278 2840/3811/3279 2837/3808/3276 2838/3809/3277 
f 2840/3811/3279 2835/3806/3274 2834/3805/3273 2837/3808/3276 
f 2823/3792/3262 2828/3797/3267 2841/3812/3280 2838/3809/3277 
f 2828/3797/3267 2827/3796/3266 2842/3813/3281 2841/3812/3280 
f 2843/3814/3282 2844/3815/3283 2841/3812/3280 2842/3813/3281 
f 2844/3815/3283 2839/3810/3278 2838/3809/3277 2841/3812/3280 
f 2636/3803/3075 2832/3802/3271 2845/3816/3284 2641/3817/3080 
f 2832/3802/3271 2831/3801/3270 2846/3818/3285 2845/3816/3284 
f 2847/3819/3286 2848/3820/3287 2845/3816/3284 2846/3818/3285 
f 2848/3820/3287 2642/3821/3081 2641/3817/3080 2845/3816/3284 
f 2831/3801/3270 2836/3807/3275 2849/3822/3288 2846/3818/3285 
f 2836/3807/3275 2835/3806/3274 2850/3823/3289 2849/3822/3288 
f 2851/3824/3290 2852/3825/3291 2849/3822/3288 2850/3823/3289 
f 2852/3825/3291 2847/3819/3286 2846/3818/3285 2849/3822/3288 
f 2835/3806/3274 2840/3811/3279 2853/3826/3292 2850/3823/3289 
f 2840/3811/3279 2839/3810/3278 2854/3827/3293 2853/3826/3292 
f 2855/3828/3294 2856/3829/3295 2853/3826/3292 2854/3827/3293 
f 2856/3829/3295 2851/3824/3290 2850/3823/3289 2853/3826/3292 
f 2839/3810/3278 2844/3815/3283 2857/3830/3296 2854/3827/3293 
f 2844/3815/3283 2843/3814/3282 2858/3831/3297 2857/3830/3296 
f 2859/3832/829 2860/3833/3298 2857/3830/3296 2858/3831/3297 
f 2860/3833/3298 2855/3828/3294 2854/3827/3293 2857/3830/3296 
f 1811/3834/2251 1810/3835/2250 2861/3836/3299 2862/3837/3300 
f 1810/3835/2250 1809/3838/2249 2863/3839/3301 2861/3836/3299 
f 2864/3840/3302 2865/3841/3303 2861/3836/3299 2863/3839/3301 
f 2865/3841/3303 2866/3842/3304 2862/3837/3300 2861/3836/3299 
f 2866/3842/3304 2865/3841/3303 2867/3843/3305 2868/3844/3306 
f 2865/3841/3303 2864/3840/3302 2869/3845/3307 2867/3843/3305 
f 2870/3846/3308 2871/3847/3309 2867/3843/3305 2869/3845/3307 
f 2871/3847/3309 2872/3848/3310 2868/3844/3306 2867/3843/3305 
f 2872/3848/3310 2871/3847/3309 2873/3849/3311 2874/3850/3312 
f 2871/3847/3309 2870/3846/3308 2875/3851/3313 2873/3849/3311 
f 2876/3852/3314 2877/3853/3315 2873/3849/3311 2875/3851/3313 
f 2877/3853/3315 2878/3854/3316 2874/3850/3312 2873/3849/3311 
f 2878/3854/3316 2877/3853/3315 2879/3855/3317 2880/3856/3318 
f 2877/3853/3315 2876/3852/3314 2881/3857/3319 2879/3855/3317 
f 2882/3858/3320 2883/3859/3321 2879/3855/3317 2881/3857/3319 
f 2883/3859/3321 2884/3860/3322 2880/3856/3318 2879/3855/3317 
f 1817/3861/2257 1816/3862/2256 2885/3863/3323 2886/3864/3324 
f 1816/3862/2256 1811/3834/2251 2862/3837/3300 2885/3863/3323 
f 2866/3842/3304 2887/3865/3325 2885/3863/3323 2862/3837/3300 
f 2887/3865/3325 2888/3866/3326 2886/3864/3324 2885/3863/3323 
f 2888/3866/3326 2887/3865/3325 2889/3867/3327 2890/3868/3328 
f 2887/3865/3325 2866/3842/3304 2868/3844/3306 2889/3867/3327 
f 2872/3848/3310 2891/3869/3329 2889/3867/3327 2868/3844/3306 
f 2891/3869/3329 2892/3870/3330 2890/3868/3328 2889/3867/3327 
f 2892/3870/3330 2891/3869/3329 2893/3871/3331 2894/3872/3332 
f 2891/3869/3329 2872/3848/3310 2874/3850/3312 2893/3871/3331 
f 2878/3854/3316 2895/3873/3333 2893/3871/3331 2874/3850/3312 
f 2895/3873/3333 2896/3874/3334 2894/3872/3332 2893/3871/3331 
f 2896/3874/3334 2895/3873/3333 2897/3875/3335 2898/3876/3336 
f 2895/3873/3333 2878/3854/3316 2880/3856/3318 2897/3875/3335 
f 2884/3860/3322 2899/3877/3337 2897/3875/3335 2880/3856/3318 
f 2899/3877/3337 2900/3878/3338 2898/3876/3336 2897/3875/3335 
f 1823/3879/2263 1822/3880/2262 2901/3881/3339 2902/3882/3340 
f 1822/3880/2262 1817/3861/2257 2886/3864/3324 2901/3881/3339 
f 2888/3866/3326 2903/3883/3341 2901/3881/3339 2886/3864/3324 
f 2903/3883/3341 2904/3884/3342 2902/3882/3340 2901/3881/3339 
f 2904/3884/3342 2903/3883/3341 2905/3885/3343 2906/3886/3344 
f 2903/3883/3341 2888/3866/3326 2890/3868/3328 2905/3885/3343 
f 2892/3870/3330 2907/3887/3345 2905/3885/3343 2890/3868/3328 
f 2907/3887/3345 2908/3888/3346 2906/3886/3344 2905/3885/3343 
f 2908/3888/3346 2907/3887/3345 2909/3889/3347 2910/3890/3348 
f 2907/3887/3345 2892/3870/3330 2894/3872/3332 2909/3889/3347 
f 2896/3874/3334 2911/3891/3349 2909/3889/3347 2894/3872/3332 
f 2911/3891/3349 2912/3892/3350 2910/3890/3348 2909/3889/3347 
f 2912/3892/3350 2911/3891/3349 2913/3893/3351 2914/3894/3352 
f 2911/3891/3349 2896/3874/3334 2898/3876/3336 2913/3893/3351 
f 2900/3878/3338 2915/3895/3353 2913/3893/3351 2898/3876/3336 
f 2915/3895/3353 2916/3896/3354 2914/3894/3352 2913/3893/3351 
f 1829/3776/2269 1828/3897/2268 2917/3898/3355 2810/3777/3249 
f 1828/3897/2268 1823/3879/2263 2902/3882/3340 2917/3898/3355 
f 2904/3884/3342 2918/3899/3356 2917/3898/3355 2902/3882/3340 
f 2918/3899/3356 2811/3778/3250 2810/3777/3249 2917/3898/3355 
f 2811/3778/3250 2918/3899/3356 2919/3900/3357 2826/3795/3265 
f 2918/3899/3356 2904/3884/3342 2906/3886/3344 2919/3900/3357 
f 2908/3888/3346 2920/3901/3358 2919/3900/3357 2906/3886/3344 
f 2920/3901/3358 2827/3796/3266 2826/3795/3265 2919/3900/3357 
f 2827/3796/3266 2920/3901/3358 2921/3902/3359 2842/3813/3281 
f 2920/3901/3358 2908/3888/3346 2910/3890/3348 2921/3902/3359 
f 2912/3892/3350 2922/3903/3360 2921/3902/3359 2910/3890/3348 
f 2922/3903/3360 2843/3814/3282 2842/3813/3281 2921/3902/3359 
f 2843/3814/3282 2922/3903/3360 2923/3904/3361 2858/3831/3297 
f 2922/3903/3360 2912/3892/3350 2914/3894/3352 2923/3904/3361 
f 2916/3896/3354 2924/3905/3362 2923/3904/3361 2914/3894/3352 
f 2924/3905/3362 2859/3832/829 2858/3831/3297 2923/3904/3361 
f 2242/3906/2681 2239/3907/2678 2925/3908/3363 2926/3909/3364 
f 2239/3907/2678 2238/3910/2677 2927/3911/3365 2925/3908/3363 
f 2928/3912/3366 2929/3913/3367 2925/3908/3363 2927/3911/3365 
f 2929/3913/3367 2930/3914/3368 2926/3909/3364 2925/3908/3363 
f 2238/3910/2677 2263/3915/2702 2931/3916/3369 2927/3911/3365 
f 2263/3915/2702 2262/3917/2701 2932/3918/3370 2931/3916/3369 
f 2933/3919/3371 2934/3920/3372 2931/3916/3369 2932/3918/3370 
f 2934/3920/3372 2928/3912/3366 2927/3911/3365 2931/3916/3369 
f 2262/3917/2701 2279/3921/2718 2935/3922/3373 2932/3918/3370 
f 2279/3921/2718 2278/3923/2717 2936/3924/3374 2935/3922/3373 
f 2937/3925/3375 2938/3926/3376 2935/3922/3373 2936/3924/3374 
f 2938/3926/3376 2933/3919/3371 2932/3918/3370 2935/3922/3373 
f 2278/3923/2717 2294/3927/2733 2939/3928/3377 2936/3924/3374 
f 2294/3927/2733 2189/3929/2628 2940/3930/3378 2939/3928/3377 
f 2941/3931/3379 2942/3932/3380 2939/3928/3377 2940/3930/3378 
f 2942/3932/3380 2937/3925/3375 2936/3924/3374 2939/3928/3377 
f 2930/3914/3368 2929/3913/3367 2943/3933/3381 2944/3934/3382 
f 2929/3913/3367 2928/3912/3366 2945/3935/3383 2943/3933/3381 
f 2946/3936/3384 2947/3937/3385 2943/3933/3381 2945/3935/3383 
f 2947/3937/3385 2948/3938/3386 2944/3934/3382 2943/3933/3381 
f 2928/3912/3366 2934/3920/3372 2949/3939/3387 2945/3935/3383 
f 2934/3920/3372 2933/3919/3371 2950/3940/3388 2949/3939/3387 
f 2951/3941/3389 2952/3942/3390 2949/3939/3387 2950/3940/3388 
f 2952/3942/3390 2946/3936/3384 2945/3935/3383 2949/3939/3387 
f 2933/3919/3371 2938/3926/3376 2953/3943/3391 2950/3940/3388 
f 2938/3926/3376 2937/3925/3375 2954/3944/3392 2953/3943/3391 
f 2955/3945/3393 2956/3946/3394 2953/3943/3391 2954/3944/3392 
f 2956/3946/3394 2951/3941/3389 2950/3940/3388 2953/3943/3391 
f 2937/3925/3375 2942/3932/3380 2957/3947/3395 2954/3944/3392 
f 2942/3932/3380 2941/3931/3379 2958/3948/3396 2957/3947/3395 
f 2959/3949/3397 2960/3950/3398 2957/3947/3395 2958/3948/3396 
f 2960/3950/3398 2955/3945/3393 2954/3944/3392 2957/3947/3395 
f 2948/3938/3386 2947/3937/3385 2961/3951/3399 2962/3952/3400 
f 2947/3937/3385 2946/3936/3384 2963/3953/3401 2961/3951/3399 
f 2964/3954/3402 2965/3955/3403 2961/3951/3399 2963/3953/3401 
f 2965/3955/3403 2966/3956/3404 2962/3952/3400 2961/3951/3399 
f 2946/3936/3384 2952/3942/3390 2967/3957/3405 2963/3953/3401 
f 2952/3942/3390 2951/3941/3389 2968/3958/3406 2967/3957/3405 
f 2969/3959/3407 2970/3960/3408 2967/3957/3405 2968/3958/3406 
f 2970/3960/3408 2964/3954/3402 2963/3953/3401 2967/3957/3405 
f 2951/3941/3389 2956/3946/3394 2971/3961/3409 2968/3958/3406 
f 2956/3946/3394 2955/3945/3393 2972/3962/3410 2971/3961/3409 
f 2973/3963/3411 2974/3964/3412 2971/3961/3409 2972/3962/3410 
f 2974/3964/3412 2969/3959/3407 2968/3958/3406 2971/3961/3409 
f 2955/3945/3393 2960/3950/3398 2975/3965/3413 2972/3962/3410 
f 2960/3950/3398 2959/3949/3397 2976/3966/3414 2975/3965/3413 
f 2977/3967/3415 2978/3968/3416 2975/3965/3413 2976/3966/3414 
f 2978/3968/3416 2973/3963/3411 2972/3962/3410 2975/3965/3413 
f 2966/3956/3404 2965/3955/3403 2979/3969/3417 2980/3970/3418 
f 2965/3955/3403 2964/3954/3402 2981/3971/3419 2979/3969/3417 
f 2884/3860/3322 2883/3859/3321 2979/3969/3417 2981/3971/3419 
f 2883/3859/3321 2882/3858/3320 2980/3970/3418 2979/3969/3417 
f 2964/3954/3402 2970/3960/3408 2982/3972/3420 2981/3971/3419 
f 2970/3960/3408 2969/3959/3407 2983/3973/3421 2982/3972/3420 
f 2900/3878/3338 2899/3877/3337 2982/3972/3420 2983/3973/3421 
f 2899/3877/3337 2884/3860/3322 2981/3971/3419 2982/3972/3420 
f 2969/3959/3407 2974/3964/3412 2984/3974/3422 2983/3973/3421 
f 2974/3964/3412 2973/3963/3411 2985/3975/3423 2984/3974/3422 
f 2916/3896/3354 2915/3895/3353 2984/3974/3422 2985/3975/3423 
f 2915/3895/3353 2900/3878/3338 2983/3973/3421 2984/3974/3422 
f 2973/3963/3411 2978/3968/3416 2986/3976/3424 2985/3975/3423 
f 2978/3968/3416 2977/3967/3415 2987/3977/3425 2986/3976/3424 
f 2859/3832/829 2924/3905/3362 2986/3976/3424 2987/3977/3425 
f 2924/3905/3362 2916/3896/3354 2985/3975/3423 2986/3976/3424 
f 2170/3978/2609 2167/3979/2606 2988/3980/3426 2989/3981/3427 
f 2167/3979/2606 2166/3982/2605 2686/3983/3125 2988/3980/3426 
f 2690/3984/3129 2990/3985/3428 2988/3980/3426 2686/3983/3125 
f 2990/3985/3428 2991/3986/3429 2989/3981/3427 2988/3980/3426 
f 2991/3986/3429 2990/3985/3428 2992/3987/3430 2993/3988/3431 
f 2990/3985/3428 2690/3984/3129 2704/3989/3143 2992/3987/3430 
f 2708/3990/3147 2994/3991/3432 2992/3987/3430 2704/3989/3143 
f 2994/3991/3432 2995/3992/3433 2993/3988/3431 2992/3987/3430 
f 2995/3992/3433 2994/3991/3432 2996/3993/3434 2997/3994/3435 
f 2994/3991/3432 2708/3990/3147 2722/3995/3161 2996/3993/3434 
f 2726/3996/3165 2998/3997/3436 2996/3993/3434 2722/3995/3161 
f 2998/3997/3436 2999/3998/3437 2997/3994/3435 2996/3993/3434 
f 2999/3998/3437 2998/3997/3436 3000/3999/3438 3001/4000/3439 
f 2998/3997/3436 2726/3996/3165 2740/4001/3179 3000/3999/3438 
f 2642/3821/3081 2848/3820/3287 3000/3999/3438 2740/4001/3179 
f 2848/3820/3287 2847/3819/3286 3001/4000/3439 3000/3999/3438 
f 2177/4002/2616 2175/4003/2614 3002/4004/3440 3003/4005/3441 
f 2175/4003/2614 2170/3978/2609 2989/3981/3427 3002/4004/3440 
f 2991/3986/3429 3004/4006/3442 3002/4004/3440 2989/3981/3427 
f 3004/4006/3442 3005/4007/3443 3003/4005/3441 3002/4004/3440 
f 3005/4007/3443 3004/4006/3442 3006/4008/3444 3007/4009/3445 
f 3004/4006/3442 2991/3986/3429 2993/3988/3431 3006/4008/3444 
f 2995/3992/3433 3008/4010/3446 3006/4008/3444 2993/3988/3431 
f 3008/4010/3446 3009/4011/3447 3007/4009/3445 3006/4008/3444 
f 3009/4011/3447 3008/4010/3446 3010/4012/3448 3011/4013/3449 
f 3008/4010/3446 2995/3992/3433 2997/3994/3435 3010/4012/3448 
f 2999/3998/3437 3012/4014/3450 3010/4012/3448 2997/3994/3435 
f 3012/4014/3450 3013/4015/3451 3011/4013/3449 3010/4012/3448 
f 3013/4015/3451 3012/4014/3450 3014/4016/3452 3015/4017/3453 
f 3012/4014/3450 2999/3998/3437 3001/4000/3439 3014/4016/3452 
f 2847/3819/3286 2852/3825/3291 3014/4016/3452 3001/4000/3439 
f 2852/3825/3291 2851/3824/3290 3015/4017/3453 3014/4016/3452 
f 2183/4018/2622 2181/4019/2620 3016/4020/3454 3017/4021/3455 
f 2181/4019/2620 2177/4002/2616 3003/4005/3441 3016/4020/3454 
f 3005/4007/3443 3018/4022/3456 3016/4020/3454 3003/4005/3441 
f 3018/4022/3456 3019/4023/3457 3017/4021/3455 3016/4020/3454 
f 3019/4023/3457 3018/4022/3456 3020/4024/3458 3021/4025/3459 
f 3018/4022/3456 3005/4007/3443 3007/4009/3445 3020/4024/3458 
f 3009/4011/3447 3022/4026/3460 3020/4024/3458 3007/4009/3445 
f 3022/4026/3460 3023/4027/3461 3021/4025/3459 3020/4024/3458 
f 3023/4027/3461 3022/4026/3460 3024/4028/3462 3025/4029/3463 
f 3022/4026/3460 3009/4011/3447 3011/4013/3449 3024/4028/3462 
f 3013/4015/3451 3026/4030/3464 3024/4028/3462 3011/4013/3449 
f 3026/4030/3464 3027/4031/3465 3025/4029/3463 3024/4028/3462 
f 3027/4031/3465 3026/4030/3464 3028/4032/3466 3029/4033/3467 
f 3026/4030/3464 3013/4015/3451 3015/4017/3453 3028/4032/3466 
f 2851/3824/3290 2856/3829/3295 3028/4032/3466 3015/4017/3453 
f 2856/3829/3295 2855/3828/3294 3029/4033/3467 3028/4032/3466 
f 2189/3929/2628 2187/4034/2626 3030/4035/3468 2940/3930/3378 
f 2187/4034/2626 2183/4018/2622 3017/4021/3455 3030/4035/3468 
f 3019/4023/3457 3031/4036/3469 3030/4035/3468 3017/4021/3455 
f 3031/4036/3469 2941/3931/3379 2940/3930/3378 3030/4035/3468 
f 2941/3931/3379 3031/4036/3469 3032/4037/3470 2958/3948/3396 
f 3031/4036/3469 3019/4023/3457 3021/4025/3459 3032/4037/3470 
f 3023/4027/3461 3033/4038/3471 3032/4037/3470 3021/4025/3459 
f 3033/4038/3471 2959/3949/3397 2958/3948/3396 3032/4037/3470 
f 2959/3949/3397 3033/4038/3471 3034/4039/3472 2976/3966/3414 
f 3033/4038/3471 3023/4027/3461 3025/4029/3463 3034/4039/3472 
f 3027/4031/3465 3035/4040/3473 3034/4039/3472 3025/4029/3463 
f 3035/4040/3473 2977/3967/3415 2976/3966/3414 3034/4039/3472 
f 2977/3967/3415 3035/4040/3473 3036/4041/3474 2987/3977/3425 
f 3035/4040/3473 3027/4031/3465 3029/4033/3467 3036/4041/3474 
f 2855/3828/3294 2860/3833/3298 3036/4041/3474 3029/4033/3467 
f 2860/3833/3298 2859/3832/829 2987/3977/3425 3036/4041/3474 
f 1809/4042/2249 1806/4043/2246 3037/4044/3475 2863/4045/3301 
f 1806/4043/2246 1805/4046/2245 3038/4047/3476 3037/4044/3475 
f 3039/4048/3477 3040/4049/3478 3037/4044/3475 3038/4047/3476 
f 3040/4049/3478 2864/4050/3302 2863/4045/3301 3037/4044/3475 
f 1805/4046/2245 1833/4051/2273 3041/4052/3479 3038/4047/3476 
f 1833/4051/2273 1832/4053/2272 3042/4054/3480 3041/4052/3479 
f 3043/4055/3481 3044/4056/3482 3041/4052/3479 3042/4054/3480 
f 3044/4056/3482 3039/4048/3477 3038/4047/3476 3041/4052/3479 
f 1832/4053/2272 1851/4057/2291 3045/4058/3483 3042/4054/3480 
f 1851/4057/2291 1850/4059/2290 3046/4060/3484 3045/4058/3483 
f 3047/4061/3485 3048/4062/3486 3045/4058/3483 3046/4060/3484 
f 3048/4062/3486 3043/4055/3481 3042/4054/3480 3045/4058/3483 
f 1850/4059/2290 1868/4063/2308 3049/4064/3487 3046/4060/3484 
f 1868/4063/2308 1747/4065/2188 3050/4066/3488 3049/4064/3487 
f 3051/4067/3489 3052/4068/3490 3049/4064/3487 3050/4066/3488 
f 3052/4068/3490 3047/4061/3485 3046/4060/3484 3049/4064/3487 
f 2864/4050/3302 3040/4049/3478 3053/4069/3491 2869/4070/3307 
f 3040/4049/3478 3039/4048/3477 3054/4071/3492 3053/4069/3491 
f 3055/4072/3493 3056/4073/3494 3053/4069/3491 3054/4071/3492 
f 3056/4073/3494 2870/4074/3308 2869/4070/3307 3053/4069/3491 
f 3039/4048/3477 3044/4056/3482 3057/4075/3495 3054/4071/3492 
f 3044/4056/3482 3043/4055/3481 3058/4076/3496 3057/4075/3495 
f 3059/4077/3497 3060/4078/3498 3057/4075/3495 3058/4076/3496 
f 3060/4078/3498 3055/4072/3493 3054/4071/3492 3057/4075/3495 
f 3043/4055/3481 3048/4062/3486 3061/4079/3499 3058/4076/3496 
f 3048/4062/3486 3047/4061/3485 3062/4080/3500 3061/4079/3499 
f 3063/4081/3501 3064/4082/3502 3061/4079/3499 3062/4080/3500 
f 3064/4082/3502 3059/4077/3497 3058/4076/3496 3061/4079/3499 
f 3047/4061/3485 3052/4068/3490 3065/4083/3503 3062/4080/3500 
f 3052/4068/3490 3051/4067/3489 3066/4084/3504 3065/4083/3503 
f 3067/4085/3505 3068/4086/3506 3065/4083/3503 3066/4084/3504 
f 3068/4086/3506 3063/4081/3501 3062/4080/3500 3065/4083/3503 
f 2870/4074/3308 3056/4073/3494 3069/4087/3507 2875/4088/3313 
f 3056/4073/3494 3055/4072/3493 3070/4089/3508 3069/4087/3507 
f 3071/4090/3509 3072/4091/3510 3069/4087/3507 3070/4089/3508 
f 3072/4091/3510 2876/4092/3314 2875/4088/3313 3069/4087/3507 
f 3055/4072/3493 3060/4078/3498 3073/4093/3511 3070/4089/3508 
f 3060/4078/3498 3059/4077/3497 3074/4094/3512 3073/4093/3511 
f 3075/4095/3513 3076/4096/3514 3073/4093/3511 3074/4094/3512 
f 3076/4096/3514 3071/4090/3509 3070/4089/3508 3073/4093/3511 
f 3059/4077/3497 3064/4082/3502 3077/4097/3515 3074/4094/3512 
f 3064/4082/3502 3063/4081/3501 3078/4098/3516 3077/4097/3515 
f 3079/4099/3517 3080/4100/3518 3077/4097/3515 3078/4098/3516 
f 3080/4100/3518 3075/4095/3513 3074/4094/3512 3077/4097/3515 
f 3063/4081/3501 3068/4086/3506 3081/4101/3519 3078/4098/3516 
f 3068/4086/3506 3067/4085/3505 3082/4102/3520 3081/4101/3519 
f 3083/4103/3521 3084/4104/3522 3081/4101/3519 3082/4102/3520 
f 3084/4104/3522 3079/4099/3517 3078/4098/3516 3081/4101/3519 
f 2876/4092/3314 3072/4091/3510 3085/4105/3523 2881/4106/3319 
f 3072/4091/3510 3071/4090/3509 3086/4107/3524 3085/4105/3523 
f 3087/4108/3525 3088/4109/3526 3085/4105/3523 3086/4107/3524 
f 3088/4109/3526 2882/4110/3320 2881/4106/3319 3085/4105/3523 
f 3071/4090/3509 3076/4096/3514 3089/4111/3527 3086/4107/3524 
f 3076/4096/3514 3075/4095/3513 3090/4112/3528 3089/4111/3527 
f 3091/4113/3529 3092/4114/3530 3089/4111/3527 3090/4112/3528 
f 3092/4114/3530 3087/4108/3525 3086/4107/3524 3089/4111/3527 
f 3075/4095/3513 3080/4100/3518 3093/4115/3531 3090/4112/3528 
f 3080/4100/3518 3079/4099/3517 3094/4116/3532 3093/4115/3531 
f 3095/4117/3533 3096/4118/3534 3093/4115/3531 3094/4116/3532 
f 3096/4118/3534 3091/4113/3529 3090/4112/3528 3093/4115/3531 
f 3079/4099/3517 3084/4104/3522 3097/4119/3535 3094/4116/3532 
f 3084/4104/3522 3083/4103/3521 3098/4120/3536 3097/4119/3535 
f 3099/4121/3537 3100/4122/3538 3097/4119/3535 3098/4120/3536 
f 3100/4122/3538 3095/4117/3533 3094/4116/3532 3097/4119/3535 
f 1728/4123/2169 1725/4124/2166 3101/4125/3539 3102/4126/3540 
f 1725/4124/2166 1724/4127/2165 2303/4128/2742 3101/4125/3539 
f 2307/4129/2746 3103/4130/3541 3101/4125/3539 2303/4128/2742 
f 3103/4130/3541 3104/4131/3542 3102/4126/3540 3101/4125/3539 
f 3104/4131/3542 3103/4130/3541 3105/4132/3543 3106/4133/3544 
f 3103/4130/3541 2307/4129/2746 2321/4134/2760 3105/4132/3543 
f 2325/4135/2764 3107/4136/3545 3105/4132/3543 2321/4134/2760 
f 3107/4136/3545 3108/4137/3546 3106/4133/3544 3105/4132/3543 
f 3108/4137/3546 3107/4136/3545 3109/4138/3547 3110/4139/3548 
f 3107/4136/3545 2325/4135/2764 2339/4140/2778 3109/4138/3547 
f 2343/4141/2782 3111/4142/3549 3109/4138/3547 2339/4140/2778 
f 3111/4142/3549 3112/4143/3550 3110/4139/3548 3109/4138/3547 
f 3112/4143/3550 3111/4142/3549 3113/4144/3551 3114/4145/3552 
f 3111/4142/3549 2343/4141/2782 2357/4146/2796 3113/4144/3551 
f 2361/4147/2800 3115/4148/3553 3113/4144/3551 2357/4146/2796 
f 3115/4148/3553 3116/4149/3554 3114/4145/3552 3113/4144/3551 
f 1735/4150/2176 1733/4151/2174 3117/4152/3555 3118/4153/3556 
f 1733/4151/2174 1728/4123/2169 3102/4126/3540 3117/4152/3555 
f 3104/4131/3542 3119/4154/3557 3117/4152/3555 3102/4126/3540 
f 3119/4154/3557 3120/4155/3558 3118/4153/3556 3117/4152/3555 
f 3120/4155/3558 3119/4154/3557 3121/4156/3559 3122/4157/3560 
f 3119/4154/3557 3104/4131/3542 3106/4133/3544 3121/4156/3559 
f 3108/4137/3546 3123/4158/3561 3121/4156/3559 3106/4133/3544 
f 3123/4158/3561 3124/4159/3562 3122/4157/3560 3121/4156/3559 
f 3124/4159/3562 3123/4158/3561 3125/4160/3563 3126/4161/3564 
f 3123/4158/3561 3108/4137/3546 3110/4139/3548 3125/4160/3563 
f 3112/4143/3550 3127/4162/3565 3125/4160/3563 3110/4139/3548 
f 3127/4162/3565 3128/4163/3566 3126/4161/3564 3125/4160/3563 
f 3128/4163/3566 3127/4162/3565 3129/4164/3567 3130/4165/3568 
f 3127/4162/3565 3112/4143/3550 3114/4145/3552 3129/4164/3567 
f 3116/4149/3554 3131/4166/3569 3129/4164/3567 3114/4145/3552 
f 3131/4166/3569 3132/4167/3570 3130/4165/3568 3129/4164/3567 
f 1741/4168/2182 1739/4169/2180 3133/4170/3571 3134/4171/3572 
f 1739/4169/2180 1735/4150/2176 3118/4153/3556 3133/4170/3571 
f 3120/4155/3558 3135/4172/3573 3133/4170/3571 3118/4153/3556 
f 3135/4172/3573 3136/4173/3574 3134/4171/3572 3133/4170/3571 
f 3136/4173/3574 3135/4172/3573 3137/4174/3575 3138/4175/3576 
f 3135/4172/3573 3120/4155/3558 3122/4157/3560 3137/4174/3575 
f 3124/4159/3562 3139/4176/3577 3137/4174/3575 3122/4157/3560 
f 3139/4176/3577 3140/4177/3578 3138/4175/3576 3137/4174/3575 
f 3140/4177/3578 3139/4176/3577 3141/4178/3579 3142/4179/3580 
f 3139/4176/3577 3124/4159/3562 3126/4161/3564 3141/4178/3579 
f 3128/4163/3566 3143/4180/3581 3141/4178/3579 3126/4161/3564 
f 3143/4180/3581 3144/4181/3582 3142/4179/3580 3141/4178/3579 
f 3144/4181/3582 3143/4180/3581 3145/4182/3583 3146/4183/3584 
f 3143/4180/3581 3128/4163/3566 3130/4165/3568 3145/4182/3583 
f 3132/4167/3570 3147/4184/3585 3145/4182/3583 3130/4165/3568 
f 3147/4184/3585 3148/4185/3586 3146/4183/3584 3145/4182/3583 
f 1747/4065/2188 1745/4186/2186 3149/4187/3587 3050/4066/3488 
f 1745/4186/2186 1741/4168/2182 3134/4171/3572 3149/4187/3587 
f 3136/4173/3574 3150/4188/3588 3149/4187/3587 3134/4171/3572 
f 3150/4188/3588 3051/4067/3489 3050/4066/3488 3149/4187/3587 
f 3051/4067/3489 3150/4188/3588 3151/4189/3589 3066/4084/3504 
f 3150/4188/3588 3136/4173/3574 3138/4175/3576 3151/4189/3589 
f 3140/4177/3578 3152/4190/3590 3151/4189/3589 3138/4175/3576 
f 3152/4190/3590 3067/4085/3505 3066/4084/3504 3151/4189/3589 
f 3067/4085/3505 3152/4190/3590 3153/4191/3591 3082/4102/3520 
f 3152/4190/3590 3140/4177/3578 3142/4179/3580 3153/4191/3591 
f 3144/4181/3582 3154/4192/3592 3153/4191/3591 3142/4179/3580 
f 3154/4192/3592 3083/4103/3521 3082/4102/3520 3153/4191/3591 
f 3083/4103/3521 3154/4192/3592 3155/4193/3593 3098/4120/3536 
f 3154/4192/3592 3144/4181/3582 3146/4183/3584 3155/4193/3593 
f 3148/4185/3586 3156/4194/3594 3155/4193/3593 3146/4183/3584 
f 3156/4194/3594 3099/4121/3537 3098/4120/3536 3155/4193/3593 
f 2013/4195/2453 2016/4196/2456 3157/4197/3595 2503/4198/2942 
f 2016/4196/2456 2021/4199/2461 3158/4200/3596 3157/4197/3595 
f 3159/4201/3597 3160/4202/3598 3157/4197/3595 3158/4200/3596 
f 3160/4202/3598 2504/4203/2943 2503/4198/2942 3157/4197/3595 
f 2021/4199/2461 2041/4204/2481 3161/4205/3599 3158/4200/3596 
f 2041/4204/2481 2045/4206/2485 3162/4207/3600 3161/4205/3599 
f 3163/4208/3601 3164/4209/3602 3161/4205/3599 3162/4207/3600 
f 3164/4209/3602 3159/4201/3597 3158/4200/3596 3161/4205/3599 
f 2045/4206/2485 2059/4210/2499 3165/4211/3603 3162/4207/3600 
f 2059/4210/2499 2063/4212/2503 3166/4213/3604 3165/4211/3603 
f 3167/4214/3605 3168/4215/3606 3165/4211/3603 3166/4213/3604 
f 3168/4215/3606 3163/4208/3601 3162/4207/3600 3165/4211/3603 
f 2063/4212/2503 2077/4216/2517 3169/4217/3607 3166/4213/3604 
f 2077/4216/2517 2081/4218/2521 3170/4219/3608 3169/4217/3607 
f 3171/4220/3609 3172/4221/3610 3169/4217/3607 3170/4219/3608 
f 3172/4221/3610 3167/4214/3605 3166/4213/3604 3169/4217/3607 
f 2504/4203/2943 3160/4202/3598 3173/4222/3611 2509/4223/2948 
f 3160/4202/3598 3159/4201/3597 3174/4224/3612 3173/4222/3611 
f 3175/4225/3613 3176/4226/3614 3173/4222/3611 3174/4224/3612 
f 3176/4226/3614 2510/4227/2949 2509/4223/2948 3173/4222/3611 
f 3159/4201/3597 3164/4209/3602 3177/4228/3615 3174/4224/3612 
f 3164/4209/3602 3163/4208/3601 3178/4229/3616 3177/4228/3615 
f 3179/4230/3617 3180/4231/3618 3177/4228/3615 3178/4229/3616 
f 3180/4231/3618 3175/4225/3613 3174/4224/3612 3177/4228/3615 
f 3163/4208/3601 3168/4215/3606 3181/4232/3619 3178/4229/3616 
f 3168/4215/3606 3167/4214/3605 3182/4233/3620 3181/4232/3619 
f 3183/4234/3621 3184/4235/3622 3181/4232/3619 3182/4233/3620 
f 3184/4235/3622 3179/4230/3617 3178/4229/3616 3181/4232/3619 
f 3167/4214/3605 3172/4221/3610 3185/4236/3623 3182/4233/3620 
f 3172/4221/3610 3171/4220/3609 3186/4237/3624 3185/4236/3623 
f 3187/4238/3625 3188/4239/3626 3185/4236/3623 3186/4237/3624 
f 3188/4239/3626 3183/4234/3621 3182/4233/3620 3185/4236/3623 
f 2510/4227/2949 3176/4226/3614 3189/4240/3627 2515/4241/2954 
f 3176/4226/3614 3175/4225/3613 3190/4242/3628 3189/4240/3627 
f 3191/4243/3629 3192/4244/3630 3189/4240/3627 3190/4242/3628 
f 3192/4244/3630 2516/4245/2955 2515/4241/2954 3189/4240/3627 
f 3175/4225/3613 3180/4231/3618 3193/4246/3631 3190/4242/3628 
f 3180/4231/3618 3179/4230/3617 3194/4247/3632 3193/4246/3631 
f 3195/4248/3633 3196/4249/3634 3193/4246/3631 3194/4247/3632 
f 3196/4249/3634 3191/4243/3629 3190/4242/3628 3193/4246/3631 
f 3179/4230/3617 3184/4235/3622 3197/4250/3635 3194/4247/3632 
f 3184/4235/3622 3183/4234/3621 3198/4251/3636 3197/4250/3635 
f 3199/4252/3637 3200/4253/3638 3197/4250/3635 3198/4251/3636 
f 3200/4253/3638 3195/4248/3633 3194/4247/3632 3197/4250/3635 
f 3183/4234/3621 3188/4239/3626 3201/4254/3639 3198/4251/3636 
f 3188/4239/3626 3187/4238/3625 3202/4255/3640 3201/4254/3639 
f 3203/4256/3641 3204/4257/3642 3201/4254/3639 3202/4255/3640 
f 3204/4257/3642 3199/4252/3637 3198/4251/3636 3201/4254/3639 
f 2516/4245/2955 3192/4244/3630 3205/4258/3643 2521/4259/2960 
f 3192/4244/3630 3191/4243/3629 3206/4260/3644 3205/4258/3643 
f 3116/4149/3554 3115/4148/3553 3205/4258/3643 3206/4260/3644 
f 3115/4148/3553 2361/4147/2800 2521/4259/2960 3205/4258/3643 
f 3191/4243/3629 3196/4249/3634 3207/4261/3645 3206/4260/3644 
f 3196/4249/3634 3195/4248/3633 3208/4262/3646 3207/4261/3645 
f 3132/4167/3570 3131/4166/3569 3207/4261/3645 3208/4262/3646 
f 3131/4166/3569 3116/4149/3554 3206/4260/3644 3207/4261/3645 
f 3195/4248/3633 3200/4253/3638 3209/4263/3647 3208/4262/3646 
f 3200/4253/3638 3199/4252/3637 3210/4264/3648 3209/4263/3647 
f 3148/4185/3586 3147/4184/3585 3209/4263/3647 3210/4264/3648 
f 3147/4184/3585 3132/4167/3570 3208/4262/3646 3209/4263/3647 
f 3199/4252/3637 3204/4257/3642 3211/4265/3649 3210/4264/3648 
f 3204/4257/3642 3203/4256/3641 3212/4266/3650 3211/4265/3649 
f 3099/4121/3537 3156/4194/3594 3211/4265/3649 3212/4266/3650 
f 3156/4194/3594 3148/4185/3586 3210/4264/3648 3211/4265/3649 
f 2244/4267/2683 2243/4268/2682 3213/4269/3651 3214/4270/3652 
f 2243/4268/2682 2242/4271/2681 2926/4272/3364 3213/4269/3651 
f 2930/4273/3368 3215/4274/3653 3213/4269/3651 2926/4272/3364 
f 3215/4274/3653 3216/4275/3654 3214/4270/3652 3213/4269/3651 
f 3216/4275/3654 3215/4274/3653 3217/4276/3655 3218/4277/3656 
f 3215/4274/3653 2930/4273/3368 2944/4278/3382 3217/4276/3655 
f 2948/4279/3386 3219/4280/3657 3217/4276/3655 2944/4278/3382 
f 3219/4280/3657 3220/4281/3658 3218/4277/3656 3217/4276/3655 
f 3220/4281/3658 3219/4280/3657 3221/4282/3659 3222/4283/3660 
f 3219/4280/3657 2948/4279/3386 2962/4284/3400 3221/4282/3659 
f 2966/4285/3404 3223/4286/3661 3221/4282/3659 2962/4284/3400 
f 3223/4286/3661 3224/4287/3662 3222/4283/3660 3221/4282/3659 
f 3224/4287/3662 3223/4286/3661 3225/4288/3663 3226/4289/3664 
f 3223/4286/3661 2966/4285/3404 2980/4290/3418 3225/4288/3663 
f 2882/4110/3320 3088/4109/3526 3225/4288/3663 2980/4290/3418 
f 3088/4109/3526 3087/4108/3525 3226/4289/3664 3225/4288/3663 
f 2250/4291/2689 2249/4292/2688 3227/4293/3665 3228/4294/3666 
f 2249/4292/2688 2244/4267/2683 3214/4270/3652 3227/4293/3665 
f 3216/4275/3654 3229/4295/3667 3227/4293/3665 3214/4270/3652 
f 3229/4295/3667 3230/4296/3668 3228/4294/3666 3227/4293/3665 
f 3230/4296/3668 3229/4295/3667 3231/4297/3669 3232/4298/3670 
f 3229/4295/3667 3216/4275/3654 3218/4277/3656 3231/4297/3669 
f 3220/4281/3658 3233/4299/3671 3231/4297/3669 3218/4277/3656 
f 3233/4299/3671 3234/4300/3672 3232/4298/3670 3231/4297/3669 
f 3234/4300/3672 3233/4299/3671 3235/4301/3673 3236/4302/3674 
f 3233/4299/3671 3220/4281/3658 3222/4283/3660 3235/4301/3673 
f 3224/4287/3662 3237/4303/3675 3235/4301/3673 3222/4283/3660 
f 3237/4303/3675 3238/4304/3676 3236/4302/3674 3235/4301/3673 
f 3238/4304/3676 3237/4303/3675 3239/4305/3677 3240/4306/3678 
f 3237/4303/3675 3224/4287/3662 3226/4289/3664 3239/4305/3677 
f 3087/4108/3525 3092/4114/3530 3239/4305/3677 3226/4289/3664 
f 3092/4114/3530 3091/4113/3529 3240/4306/3678 3239/4305/3677 
f 2256/4307/2695 2255/4308/2694 3241/4309/3679 3242/4310/3680 
f 2255/4308/2694 2250/4291/2689 3228/4294/3666 3241/4309/3679 
f 3230/4296/3668 3243/4311/3681 3241/4309/3679 3228/4294/3666 
f 3243/4311/3681 3244/4312/3682 3242/4310/3680 3241/4309/3679 
f 3244/4312/3682 3243/4311/3681 3245/4313/3683 3246/4314/3684 
f 3243/4311/3681 3230/4296/3668 3232/4298/3670 3245/4313/3683 
f 3234/4300/3672 3247/4315/3685 3245/4313/3683 3232/4298/3670 
f 3247/4315/3685 3248/4316/3686 3246/4314/3684 3245/4313/3683 
f 3248/4316/3686 3247/4315/3685 3249/4317/3687 3250/4318/3688 
f 3247/4315/3685 3234/4300/3672 3236/4302/3674 3249/4317/3687 
f 3238/4304/3676 3251/4319/3689 3249/4317/3687 3236/4302/3674 
f 3251/4319/3689 3252/4320/3690 3250/4318/3688 3249/4317/3687 
f 3252/4320/3690 3251/4319/3689 3253/4321/3691 3254/4322/3692 
f 3251/4319/3689 3238/4304/3676 3240/4306/3678 3253/4321/3691 
f 3091/4113/3529 3096/4118/3534 3253/4321/3691 3240/4306/3678 
f 3096/4118/3534 3095/4117/3533 3254/4322/3692 3253/4321/3691 
f 2081/4218/2521 2261/4323/2700 3255/4324/3693 3170/4219/3608 
f 2261/4323/2700 2256/4307/2695 3242/4310/3680 3255/4324/3693 
f 3244/4312/3682 3256/4325/3694 3255/4324/3693 3242/4310/3680 
f 3256/4325/3694 3171/4220/3609 3170/4219/3608 3255/4324/3693 
f 3171/4220/3609 3256/4325/3694 3257/4326/3695 3186/4237/3624 
f 3256/4325/3694 3244/4312/3682 3246/4314/3684 3257/4326/3695 
f 3248/4316/3686 3258/4327/3696 3257/4326/3695 3246/4314/3684 
f 3258/4327/3696 3187/4238/3625 3186/4237/3624 3257/4326/3695 
f 3187/4238/3625 3258/4327/3696 3259/4328/3697 3202/4255/3640 
f 3258/4327/3696 3248/4316/3686 3250/4318/3688 3259/4328/3697 
f 3252/4320/3690 3260/4329/3698 3259/4328/3697 3250/4318/3688 
f 3260/4329/3698 3203/4256/3641 3202/4255/3640 3259/4328/3697 
f 3203/4256/3641 3260/4329/3698 3261/4330/3699 3212/4266/3650 
f 3260/4329/3698 3252/4320/3690 3254/4322/3692 3261/4330/3699 
f 3095/4117/3533 3100/4122/3538 3261/4330/3699 3254/4322/3692 
f 3100/4122/3538 3099/4121/3537 3212/4266/3650 3261/4330/3699 
# 3144 polygons - 180 triangles

